Customer ID,Age,Gender,Item Purchased,Category,Purchase Amount (USD),Location,Size,Color,Season,Review Rating,Subscription Status,Shipping Type,Discount Applied,Promo Code Used,Previous Purchases,Payment Method,Frequency of Purchases,Purchase Frequency (per year),Cluster,PCA1,PCA2
1,55,Male,Blouse,Clothing,53,Kentucky,L,Gray,Winter,3.1,Yes,Express,Yes,Yes,14,Venmo,Fortnightly,26,3,0.7787688783991281,-0.8871746967186098
2,19,Male,Sweater,Clothing,64,Maine,L,Maroon,Winter,3.1,Yes,Express,Yes,Yes,2,Cash,Fortnightly,26,3,-1.244570480929435,-1.8938305572444645
3,50,Male,Jeans,Clothing,73,Massachusetts,S,Maroon,Spring,3.1,Yes,Free Shipping,Yes,Yes,23,Credit Card,Weekly,52,0,0.7255678474607923,-0.4678162385484098
4,21,Male,Sandals,Footwear,90,Rhode Island,M,Maroon,Spring,3.5,Yes,Next Day Air,Yes,Yes,49,PayPal,Weekly,52,0,-0.3058495882808,0.6522113054948107
5,45,Male,Blouse,Clothing,49,Oregon,M,Turquoise,Spring,2.7,Yes,Free Shipping,Yes,Yes,31,PayPal,Annually,1,1,0.9737454642667096,-0.38018407727850007
6,46,Male,Sneakers,Footwear,20,Wyoming,M,White,Summer,2.9,Yes,Standard,Yes,Yes,14,Venmo,Weekly,52,0,1.321927973175743,-2.300984760843829
7,63,Male,Shirt,Clothing,85,Montana,M,Gray,Fall,3.2,Yes,Free Shipping,Yes,Yes,49,Cash,Quarterly,4,2,1.3132085307721615,1.858565397328119
8,27,Male,Shorts,Clothing,34,Louisiana,L,Charcoal,Winter,3.2,Yes,Free Shipping,Yes,Yes,19,Credit Card,Weekly,52,0,0.22927471169615626,-1.988258424074532
9,26,Male,Coat,Outerwear,97,West Virginia,L,Silver,Summer,2.6,Yes,Express,Yes,Yes,8,Venmo,Annually,1,3,-1.19721591213139,-0.6760870150253838
10,57,Male,Handbag,Accessories,31,Missouri,M,Pink,Spring,4.8,Yes,2-Day Shipping,Yes,Yes,4,Cash,Quarterly,4,3,-0.45287690865469643,-0.5494131380653935
11,53,Male,Shoes,Footwear,34,Arkansas,L,Purple,Fall,4.1,Yes,Store Pickup,Yes,Yes,26,Bank Transfer,Bi-Weekly,26,1,0.6461196090409796,-0.3049517044791175
12,30,Male,Shorts,Clothing,68,Hawaii,S,Olive,Winter,4.9,Yes,Store Pickup,Yes,Yes,10,Bank Transfer,Fortnightly,26,3,-1.8954262852343464,-0.21094171116422422
13,61,Male,Coat,Outerwear,72,Delaware,M,Gold,Winter,4.5,Yes,Express,Yes,Yes,37,Venmo,Fortnightly,26,2,0.38065172746359904,1.4553112877897658
14,65,Male,Dress,Clothing,51,New Hampshire,M,Violet,Spring,4.7,Yes,Express,Yes,Yes,31,PayPal,Weekly,52,0,0.8132359798791663,0.5709634381047948
15,64,Male,Coat,Outerwear,53,New York,L,Teal,Winter,4.7,Yes,Free Shipping,Yes,Yes,34,Debit Card,Weekly,52,0,0.823882637879901,0.7244330813596542
16,64,Male,Skirt,Clothing,81,Rhode Island,M,Teal,Winter,2.8,Yes,Store Pickup,Yes,Yes,8,PayPal,Monthly,12,3,0.6067154501648292,-0.28111498196697726
17,25,Male,Sunglasses,Accessories,36,Alabama,S,Gray,Spring,4.1,Yes,Next Day Air,Yes,Yes,44,Debit Card,Bi-Weekly,26,1,-0.0406086971868666,-0.084127792806179
18,53,Male,Dress,Clothing,38,Mississippi,XL,Lavender,Winter,4.7,Yes,2-Day Shipping,Yes,Yes,36,Venmo,Quarterly,4,1,0.24640258888628286,0.832270647988579
19,52,Male,Sweater,Clothing,48,Montana,S,Black,Summer,4.6,Yes,Free Shipping,Yes,Yes,17,Cash,Weekly,52,0,-0.00659366536536643,-0.42393712442535686
20,66,Male,Pants,Clothing,90,Rhode Island,M,Green,Summer,3.3,Yes,Standard,Yes,Yes,46,Debit Card,Bi-Weekly,26,2,1.3940043225225545,1.6899551139759286
21,21,Male,Pants,Clothing,51,Louisiana,M,Black,Winter,2.8,Yes,Express,Yes,Yes,50,Cash,Every 3 Months,4,1,0.43805570476497707,-0.014303578017169066
22,31,Male,Pants,Clothing,62,North Carolina,M,Charcoal,Winter,4.1,Yes,Store Pickup,Yes,Yes,22,Debit Card,Quarterly,4,3,-1.042664577022016,0.004201071909882631
23,56,Male,Pants,Clothing,37,California,M,Peach,Summer,3.2,Yes,Store Pickup,Yes,Yes,32,Debit Card,Annually,1,1,1.3062456875383492,-0.10750648601829109
24,31,Male,Pants,Clothing,88,Oklahoma,XL,White,Winter,4.4,Yes,Express,Yes,Yes,40,Credit Card,Weekly,52,0,-0.7477865518734383,0.9425713148501293
25,18,Male,Jacket,Outerwear,22,Florida,M,Green,Fall,2.9,Yes,Store Pickup,Yes,Yes,16,Debit Card,Weekly,52,0,0.17956797982798037,-2.7585537482000166
26,18,Male,Hoodie,Clothing,25,Texas,M,Silver,Summer,3.6,Yes,Express,Yes,Yes,14,PayPal,Annually,1,3,-0.8725440855931452,-1.7289151490766939
27,38,Male,Jewelry,Accessories,20,Nevada,M,Red,Spring,3.6,Yes,Next Day Air,Yes,Yes,13,Credit Card,Annually,1,1,0.014801466031235408,-1.4684297789321408
28,56,Male,Shorts,Clothing,56,Kentucky,L,Cyan,Summer,5.0,Yes,Next Day Air,Yes,Yes,7,Bank Transfer,Every 3 Months,4,3,-0.9644546446996226,0.2614109787363138
29,54,Male,Handbag,Accessories,94,North Carolina,M,Gray,Fall,4.4,Yes,Free Shipping,Yes,Yes,41,PayPal,Every 3 Months,4,2,-0.2855870616844182,2.2210559969750103
30,31,Male,Dress,Clothing,48,Wyoming,S,Black,Fall,4.1,Yes,Store Pickup,Yes,Yes,14,Credit Card,Weekly,52,0,-0.6137301026494993,-1.2760109795466188
31,57,Male,Jewelry,Accessories,31,North Carolina,L,Black,Winter,4.7,Yes,Standard,Yes,Yes,16,Credit Card,Monthly,12,1,0.030233439205882492,-0.1987541729574743
32,33,Male,Dress,Clothing,79,West Virginia,L,Brown,Winter,4.7,Yes,Store Pickup,Yes,Yes,45,Venmo,Monthly,12,2,-0.9387569279112601,1.661336349018374
33,36,Male,Jacket,Outerwear,67,Kansas,M,Silver,Summer,4.9,Yes,Free Shipping,Yes,Yes,37,Venmo,Annually,1,2,-1.0813374502095228,1.3540935759641222
34,54,Male,Pants,Clothing,38,Colorado,L,Green,Summer,3.3,Yes,Store Pickup,Yes,Yes,45,Cash,Quarterly,4,1,1.5325449990495255,0.44364637765504333
35,36,Male,T-shirt,Clothing,91,North Dakota,L,Violet,Spring,4.6,Yes,2-Day Shipping,Yes,Yes,38,PayPal,Quarterly,4,2,-1.2121733729053206,1.7568072307622375
36,54,Male,Blouse,Clothing,33,Massachusetts,M,Cyan,Summer,4.0,Yes,2-Day Shipping,Yes,Yes,48,Credit Card,Bi-Weekly,26,1,1.4014156825395099,0.5687133273941224
37,35,Male,T-shirt,Clothing,69,Illinois,M,Maroon,Winter,4.6,Yes,Free Shipping,Yes,Yes,44,PayPal,Fortnightly,26,2,-0.5237730173650861,1.1900523616112941
38,35,Male,Jeans,Clothing,45,Indiana,S,Cyan,Summer,2.8,Yes,Store Pickup,Yes,Yes,10,PayPal,Weekly,52,0,0.4062761188296643,-2.167124812503179
39,29,Male,Dress,Clothing,37,Florida,M,Red,Winter,3.8,Yes,2-Day Shipping,Yes,Yes,44,Venmo,Every 3 Months,4,1,0.12647566744254954,0.13366367028260145
40,70,Male,Pants,Clothing,60,Arizona,S,Turquoise,Summer,4.2,Yes,Express,Yes,Yes,18,Credit Card,Monthly,12,3,0.5010982787193584,0.5635431491409907
41,69,Male,Handbag,Accessories,76,Louisiana,L,Beige,Winter,4.6,Yes,Next Day Air,Yes,Yes,31,Debit Card,Quarterly,4,2,0.2114256892843404,1.800026042016889
42,67,Male,Scarf,Accessories,39,Alaska,M,Orange,Spring,4.5,Yes,Standard,Yes,Yes,40,Venmo,Annually,1,1,1.0414536120285407,1.2454503280230287
43,20,Male,Coat,Outerwear,100,Tennessee,M,Beige,Spring,4.1,Yes,Free Shipping,Yes,Yes,15,PayPal,Annually,1,3,-2.3562611634291115,0.41314421393579265
44,25,Male,Scarf,Accessories,69,Ohio,L,Lavender,Fall,3.7,Yes,Store Pickup,Yes,Yes,19,PayPal,Fortnightly,26,3,-1.0169183526385208,-0.5892242393278792
45,39,Male,Hat,Accessories,53,Kentucky,S,Silver,Summer,4.6,Yes,Free Shipping,Yes,Yes,45,PayPal,Weekly,52,0,0.16648398451861224,0.6077904677621881
46,50,Male,Socks,Clothing,21,Tennessee,XL,Indigo,Fall,2.9,Yes,2-Day Shipping,Yes,Yes,25,PayPal,Annually,1,1,1.3338488476291936,-1.0788812778147896
47,57,Male,Shirt,Clothing,43,California,L,White,Summer,2.9,Yes,Store Pickup,Yes,Yes,45,Cash,Quarterly,4,1,1.8569981036267342,0.39907741918907397
48,55,Male,Jewelry,Accessories,54,Montana,M,Charcoal,Winter,4.5,Yes,Free Shipping,Yes,Yes,36,Cash,Weekly,52,0,0.6305973340160563,0.5303115358144173
49,42,Male,Shirt,Clothing,55,Nevada,M,Orange,Summer,2.7,Yes,Store Pickup,Yes,Yes,38,Cash,Monthly,12,1,1.0460826378986847,-0.14429576349767193
50,68,Male,Hoodie,Clothing,30,New Jersey,S,Indigo,Spring,4.6,Yes,Next Day Air,Yes,Yes,34,Debit Card,Bi-Weekly,26,1,1.212015538654585,0.5380923305344385
51,49,Male,Blouse,Clothing,28,Maryland,M,Red,Spring,3.8,Yes,Store Pickup,Yes,Yes,39,Debit Card,Bi-Weekly,26,1,1.1608856908539718,-0.14955555383426963
52,59,Male,Skirt,Clothing,59,Vermont,XL,Gray,Winter,4.7,Yes,2-Day Shipping,Yes,Yes,7,Credit Card,Quarterly,4,3,-0.677452242364935,0.2260304093017741
53,42,Male,T-shirt,Clothing,20,Alaska,M,Green,Summer,2.6,Yes,Free Shipping,Yes,Yes,26,Credit Card,Weekly,52,0,1.7088119657524916,-2.045993122947415
54,29,Male,Skirt,Clothing,24,Mississippi,S,Peach,Winter,3.9,Yes,Next Day Air,Yes,Yes,35,Credit Card,Weekly,52,0,0.43977990473192596,-1.1087620266113476
55,47,Male,Coat,Outerwear,94,New Mexico,M,Brown,Summer,4.2,Yes,Next Day Air,Yes,Yes,35,Debit Card,Bi-Weekly,26,2,-0.412119875795825,1.4267505670516385
56,40,Male,Jacket,Outerwear,28,South Carolina,M,Lavender,Winter,3.0,Yes,2-Day Shipping,Yes,Yes,49,Credit Card,Annually,1,1,1.4142455421746731,-0.04971803967898068
57,41,Male,Backpack,Accessories,73,Mississippi,XL,Brown,Summer,4.7,Yes,Store Pickup,Yes,Yes,46,Credit Card,Weekly,52,0,-0.12367664203915912,1.2221483185196498
58,21,Male,Coat,Outerwear,64,West Virginia,M,White,Summer,4.4,Yes,Store Pickup,Yes,Yes,17,Debit Card,Fortnightly,26,3,-1.6517318806950314,-0.48095488916543944
59,69,Male,Hoodie,Clothing,54,Missouri,M,Charcoal,Summer,4.2,Yes,Free Shipping,Yes,Yes,29,Venmo,Monthly,12,1,0.8721009253350491,0.8668825173225645
60,63,Male,Belt,Accessories,79,Louisiana,L,Yellow,Spring,4.6,Yes,Standard,Yes,Yes,4,Debit Card,Weekly,52,0,-0.4322457554629151,-0.00982252604790514
61,50,Male,Sweater,Clothing,37,Idaho,L,Brown,Summer,4.0,Yes,Express,Yes,Yes,17,Cash,Weekly,52,0,0.5158649709818794,-1.065503204724126
62,55,Male,Scarf,Accessories,68,Texas,M,Orange,Winter,4.7,Yes,Store Pickup,Yes,Yes,21,Credit Card,Every 3 Months,4,3,-0.5944791676038814,0.9483739352733334
63,30,Male,Sneakers,Footwear,21,Mississippi,S,Magenta,Spring,3.8,Yes,Free Shipping,Yes,Yes,31,Credit Card,Fortnightly,26,1,0.2577067798776352,-1.054566310104415
64,33,Male,Sunglasses,Accessories,79,Arizona,L,Lavender,Winter,2.7,Yes,2-Day Shipping,Yes,Yes,43,Credit Card,Weekly,52,0,0.77000810139602,-0.061942361855769255
65,65,Male,Boots,Footwear,83,Alabama,S,Green,Fall,4.8,Yes,Standard,Yes,Yes,18,Debit Card,Fortnightly,26,2,-0.38781382767873557,1.1638470028764007
66,65,Male,Backpack,Accessories,36,New Jersey,M,Purple,Spring,4.8,Yes,2-Day Shipping,Yes,Yes,44,Venmo,Every 3 Months,4,1,0.9365586950497212,1.4333839640553383
67,31,Male,Blouse,Clothing,94,Pennsylvania,S,Magenta,Winter,4.7,Yes,2-Day Shipping,Yes,Yes,3,Venmo,Every 3 Months,4,3,-2.5374022167345336,0.29503682373453993
68,45,Male,Coat,Outerwear,33,Connecticut,L,Gray,Winter,4.4,Yes,Store Pickup,Yes,Yes,49,Debit Card,Monthly,12,1,0.6488050082997712,0.8254741743811184
69,57,Male,Handbag,Accessories,46,Utah,L,Silver,Summer,3.9,Yes,Next Day Air,Yes,Yes,21,Cash,Every 3 Months,4,1,0.4179906334885288,0.01768629414974439
70,48,Male,Belt,Accessories,70,Tennessee,S,Cyan,Summer,4.4,Yes,Express,Yes,Yes,5,Cash,Weekly,52,0,-0.738228340876008,-0.6093662722776564
71,22,Male,Belt,Accessories,29,Alabama,M,Magenta,Fall,4.2,Yes,Express,Yes,Yes,32,Debit Card,Every 3 Months,4,1,-0.656595636360973,-0.4858023930839725
72,36,Male,Dress,Clothing,48,Virginia,L,Gold,Summer,2.9,Yes,Express,Yes,Yes,34,Bank Transfer,Annually,1,1,0.5597292230865266,-0.3531574670678123
73,18,Male,Dress,Clothing,26,Georgia,M,Olive,Winter,2.9,Yes,Store Pickup,Yes,Yes,21,Bank Transfer,Every 3 Months,4,1,-0.16912225456077287,-1.842198771046287
74,48,Male,Pants,Clothing,85,Hawaii,M,Teal,Spring,2.7,Yes,Free Shipping,Yes,Yes,43,Bank Transfer,Bi-Weekly,26,2,1.065238955615566,0.7262141051890616
75,49,Male,Gloves,Accessories,58,Indiana,L,Violet,Spring,4.5,Yes,Express,Yes,Yes,3,Cash,Monthly,12,3,-0.9793127956911274,-0.39249649997194525
76,64,Male,Scarf,Accessories,85,Utah,M,Blue,Summer,2.7,Yes,Free Shipping,Yes,Yes,21,Credit Card,Annually,1,2,0.883880701408772,0.44794404421482964
77,50,Male,Hat,Accessories,43,Delaware,S,Teal,Summer,4.2,Yes,Free Shipping,Yes,Yes,32,Venmo,Monthly,12,1,0.34843887178115424,0.3336035168410189
78,22,Male,Dress,Clothing,53,Delaware,L,Gold,Summer,3.3,Yes,Next Day Air,Yes,Yes,36,Debit Card,Fortnightly,26,1,-0.11033418215003102,-0.5363476333788882
79,50,Male,Skirt,Clothing,91,Nebraska,M,Maroon,Spring,4.7,Yes,Free Shipping,Yes,Yes,50,Venmo,Fortnightly,26,2,-0.1632435660451319,2.337528858443151
80,38,Male,Jacket,Outerwear,96,Iowa,M,Olive,Winter,2.6,Yes,2-Day Shipping,Yes,Yes,43,Bank Transfer,Every 3 Months,4,2,0.342387202926692,0.9988542239285406
81,19,Male,Sandals,Footwear,72,New York,XL,Blue,Summer,3.8,Yes,Store Pickup,Yes,Yes,24,Credit Card,Every 3 Months,4,3,-1.4394195467779634,-0.0966300980326079
82,67,Male,Shoes,Footwear,96,Virginia,L,Maroon,Summer,2.6,Yes,Express,Yes,Yes,36,Credit Card,Every 3 Months,4,2,1.3508765048562315,1.312817817945152
83,19,Male,Pants,Clothing,28,Georgia,S,Olive,Spring,4.0,Yes,2-Day Shipping,Yes,Yes,21,Credit Card,Every 3 Months,4,1,-0.9370511673229995,-1.1520856114769529
84,36,Male,Dress,Clothing,40,Texas,M,Turquoise,Summer,4.1,Yes,Standard,Yes,Yes,34,Bank Transfer,Weekly,52,0,0.29659588665789455,-0.5120430480477401
85,52,Male,Coat,Outerwear,32,Arizona,S,Peach,Spring,4.4,Yes,Standard,Yes,Yes,42,Bank Transfer,Every 3 Months,4,1,0.6867775487958118,0.754052024688376
86,53,Male,Sunglasses,Accessories,95,New Mexico,M,Charcoal,Winter,4.5,Yes,Next Day Air,Yes,Yes,2,Debit Card,Bi-Weekly,26,3,-1.3302894817083382,0.3471555026731056
87,24,Male,Hoodie,Clothing,41,Nevada,L,Pink,Spring,3.7,Yes,2-Day Shipping,Yes,Yes,47,Cash,Bi-Weekly,26,1,0.20267836044332604,-0.0857409085444424
88,52,Male,Shoes,Footwear,53,Ohio,M,Green,Fall,3.7,Yes,2-Day Shipping,Yes,Yes,44,Debit Card,Fortnightly,26,1,1.0846161194998472,0.6607502906511595
89,33,Male,T-shirt,Clothing,47,Wyoming,M,Orange,Fall,3.5,Yes,Free Shipping,Yes,Yes,35,Credit Card,Monthly,12,1,0.15366270993403247,-0.1982069533669242
90,47,Male,Jacket,Outerwear,83,California,XL,Pink,Fall,3.6,Yes,Next Day Air,Yes,Yes,15,Cash,Quarterly,4,3,-0.5706046752469952,0.2587577830968077
91,25,Male,Hat,Accessories,48,South Carolina,L,Violet,Summer,2.9,Yes,Express,Yes,Yes,29,Credit Card,Monthly,12,1,0.05655376360581219,-0.9365445226802267
92,44,Male,Scarf,Accessories,99,South Carolina,S,Green,Winter,4.6,Yes,Standard,Yes,Yes,18,Credit Card,Every 3 Months,4,2,-1.5810591502962135,1.2666284832441903
93,61,Male,Jacket,Outerwear,87,Texas,M,Olive,Winter,4.4,Yes,2-Day Shipping,Yes,Yes,13,Venmo,Every 3 Months,4,3,-0.6754251577276478,1.0156324848801197
94,37,Male,Sweater,Clothing,62,Florida,M,Purple,Fall,4.5,Yes,Standard,Yes,Yes,46,Credit Card,Weekly,52,0,0.03314054614200429,0.7645411060143186
95,58,Male,Skirt,Clothing,76,Nevada,S,Silver,Spring,4.6,Yes,Free Shipping,Yes,Yes,28,Credit Card,Weekly,52,0,0.09265809426008328,0.8314657684750211
96,37,Male,Sneakers,Footwear,100,Missouri,L,Pink,Fall,3.8,Yes,Free Shipping,Yes,Yes,48,PayPal,Monthly,12,2,-0.39937523250720947,1.8610798638641683
97,32,Male,Gloves,Accessories,73,Delaware,S,Gold,Spring,3.8,Yes,Express,Yes,Yes,43,Venmo,Every 3 Months,4,2,-0.37348422453843644,1.0064164941187916
98,21,Male,Shoes,Footwear,92,Virginia,M,Teal,Winter,4.8,Yes,Store Pickup,Yes,Yes,37,Cash,Annually,1,2,-2.0496783710576225,1.573308923221798
99,20,Male,Jeans,Clothing,67,New York,XL,Teal,Spring,2.6,Yes,Next Day Air,Yes,Yes,20,Bank Transfer,Annually,1,3,-0.6083620852582103,-1.003631796718355
100,26,Male,Hoodie,Clothing,40,Missouri,XL,Indigo,Summer,3.7,Yes,Express,Yes,Yes,33,Debit Card,Quarterly,4,1,-0.290835674553247,-0.38143611563806273
101,62,Male,Sunglasses,Accessories,98,South Dakota,M,Maroon,Fall,2.7,Yes,Express,Yes,Yes,31,Cash,Fortnightly,26,2,1.0912269135482582,0.8199252488133661
102,27,Male,Coat,Outerwear,85,North Dakota,XL,White,Spring,4.6,Yes,Express,Yes,Yes,50,Credit Card,Bi-Weekly,26,2,-0.9511854013691146,1.654617496242402
103,51,Male,Socks,Clothing,67,Oklahoma,L,Violet,Winter,4.8,Yes,Next Day Air,Yes,Yes,35,Credit Card,Quarterly,4,2,-0.41641665003035067,1.4905791256884733
104,54,Male,Boots,Footwear,89,West Virginia,L,Red,Winter,4.0,Yes,Next Day Air,Yes,Yes,22,Venmo,Bi-Weekly,26,2,-0.266766824415341,0.7916119385867326
105,55,Male,Sunglasses,Accessories,24,New Hampshire,L,Pink,Spring,4.4,Yes,2-Day Shipping,Yes,Yes,1,PayPal,Monthly,12,3,-0.15248991916810417,-1.2120900232669503
106,69,Male,Backpack,Accessories,96,New York,M,Charcoal,Fall,3.6,Yes,Next Day Air,Yes,Yes,4,Bank Transfer,Annually,1,3,-0.2094960768106968,0.6014599992105194
107,64,Male,Jacket,Outerwear,35,Minnesota,L,White,Summer,3.7,Yes,Standard,Yes,Yes,31,Credit Card,Monthly,12,1,1.3885201879095121,0.11412677561278692
108,28,Male,Sneakers,Footwear,67,Maryland,L,Olive,Winter,3.1,Yes,Next Day Air,Yes,Yes,46,PayPal,Fortnightly,26,2,0.33355732788921155,0.23229379494665098
109,70,Male,Socks,Clothing,79,Montana,L,Purple,Spring,3.4,Yes,Next Day Air,Yes,Yes,32,Bank Transfer,Bi-Weekly,26,2,1.2735805455189797,0.9767999770357988
110,58,Male,T-shirt,Clothing,85,Alabama,M,Violet,Spring,2.6,Yes,Next Day Air,Yes,Yes,43,Bank Transfer,Fortnightly,26,2,1.5523171648268377,0.8803010996113093
111,56,Male,Backpack,Accessories,26,New York,M,Black,Summer,4.0,Yes,Standard,Yes,Yes,26,Venmo,Fortnightly,26,1,0.9741932338137486,-0.4876163798651656
112,26,Male,Belt,Accessories,75,Massachusetts,L,Purple,Summer,5.0,Yes,Free Shipping,Yes,Yes,9,Credit Card,Annually,1,3,-2.498311256935646,0.202145732828752
113,37,Male,Gloves,Accessories,65,Florida,M,Red,Spring,4.3,Yes,Free Shipping,Yes,Yes,28,PayPal,Bi-Weekly,26,2,-0.6180789222976913,0.28955730267319696
114,44,Male,Hat,Accessories,54,New Jersey,L,Maroon,Winter,3.1,Yes,Next Day Air,Yes,Yes,20,PayPal,Quarterly,4,3,0.28021920412219975,-0.5613362828596916
115,70,Male,Coat,Outerwear,95,Massachusetts,S,Blue,Summer,3.7,Yes,Store Pickup,Yes,Yes,9,Cash,Weekly,52,0,0.37187523270199857,0.2195730176893171
116,53,Male,Skirt,Clothing,94,Wyoming,M,Gray,Spring,3.8,Yes,Standard,Yes,Yes,48,Debit Card,Every 3 Months,4,2,0.29561698539766923,2.157671762769839
117,55,Male,Shoes,Footwear,86,Virginia,S,Blue,Spring,3.4,Yes,Free Shipping,Yes,Yes,12,Venmo,Annually,1,3,-0.257923033906451,0.2961080121925932
118,50,Male,Sandals,Footwear,32,South Dakota,L,Yellow,Summer,4.6,Yes,Express,Yes,Yes,29,Cash,Fortnightly,26,1,0.28680915289686004,-0.005666485546352227
119,50,Male,Sweater,Clothing,45,Kentucky,L,Orange,Fall,4.8,Yes,2-Day Shipping,Yes,Yes,27,Cash,Bi-Weekly,26,1,-0.12669402072004288,0.3302304698870444
120,38,Male,Coat,Outerwear,76,Wyoming,M,Orange,Fall,4.3,Yes,Express,Yes,Yes,44,Cash,Annually,1,2,-0.5242933251028078,1.5668840263004722
121,64,Male,Hat,Accessories,84,West Virginia,L,Red,Summer,4.0,Yes,Express,Yes,Yes,32,Bank Transfer,Annually,1,2,0.29608040385407103,1.625434234042964
122,19,Male,Shorts,Clothing,72,Virginia,M,Olive,Winter,4.2,Yes,Standard,Yes,Yes,11,Cash,Fortnightly,26,3,-1.8972609255484572,-0.7011870549904243
123,40,Male,Backpack,Accessories,40,Washington,L,Brown,Spring,4.8,Yes,2-Day Shipping,Yes,Yes,44,Cash,Fortnightly,26,1,0.023759766799241133,0.7220866576374461
124,57,Male,Sweater,Clothing,89,Louisiana,L,Brown,Fall,3.1,Yes,Free Shipping,Yes,Yes,46,Cash,Weekly,52,0,1.4070028370791763,1.0334519482021038
125,44,Male,Sweater,Clothing,86,Nevada,M,Gray,Spring,3.1,Yes,Next Day Air,Yes,Yes,50,PayPal,Annually,1,2,0.5778177207466613,1.5060631657908896
126,49,Male,Shorts,Clothing,54,California,M,Indigo,Winter,3.6,Yes,Next Day Air,Yes,Yes,45,Venmo,Every 3 Months,4,1,0.8474612580682164,0.8865565050655958
127,43,Male,Shorts,Clothing,36,Mississippi,L,Pink,Spring,3.9,Yes,Store Pickup,Yes,Yes,48,Cash,Every 3 Months,4,1,0.7694548278351341,0.6309660150856887
128,24,Male,Sweater,Clothing,89,Mississippi,M,Gray,Winter,4.8,Yes,Next Day Air,Yes,Yes,26,Credit Card,Weekly,52,0,-1.7369194797538228,0.45129870426624363
129,20,Male,Scarf,Accessories,32,California,M,Gold,Spring,4.7,Yes,Standard,Yes,Yes,21,Credit Card,Fortnightly,26,3,-1.261069841284372,-0.9201640586844414
130,24,Male,Dress,Clothing,67,Pennsylvania,XL,Olive,Summer,4.2,Yes,2-Day Shipping,Yes,Yes,49,PayPal,Bi-Weekly,26,2,-0.5240518426267816,0.8969704096366643
131,44,Male,Scarf,Accessories,39,Kentucky,L,Violet,Fall,3.7,Yes,Next Day Air,Yes,Yes,13,PayPal,Fortnightly,26,3,0.10058100298725521,-1.1534433709270189
132,28,Male,Skirt,Clothing,29,Maine,L,Indigo,Summer,3.9,Yes,Standard,Yes,Yes,46,Credit Card,Weekly,52,0,0.6285398518969946,-0.5450984121214821
133,30,Male,Backpack,Accessories,58,New Mexico,M,Orange,Fall,4.7,Yes,2-Day Shipping,Yes,Yes,42,PayPal,Weekly,52,0,-0.44721350961651796,0.4658947140994487
134,52,Male,Sweater,Clothing,65,Montana,M,Violet,Winter,2.5,Yes,Next Day Air,Yes,Yes,25,Venmo,Annually,1,1,0.9705194979927865,-0.22154316037506094
135,43,Male,Hat,Accessories,94,Texas,L,Gray,Fall,4.9,Yes,Store Pickup,Yes,Yes,25,Cash,Monthly,12,2,-1.4814883150968174,1.491980038791605
136,43,Male,Sandals,Footwear,81,Kansas,M,Purple,Fall,4.1,Yes,Express,Yes,Yes,12,PayPal,Quarterly,4,3,-1.1424262611315832,0.28258495843358655
137,39,Male,Blouse,Clothing,86,South Carolina,M,White,Winter,3.3,Yes,Free Shipping,Yes,Yes,4,Debit Card,Quarterly,4,3,-1.0549907755827506,-0.4746856754809597
138,68,Male,Sneakers,Footwear,43,Colorado,M,Turquoise,Spring,4.7,Yes,Free Shipping,Yes,Yes,38,PayPal,Weekly,52,0,1.2700627292606281,0.7416157262223808
139,68,Male,Skirt,Clothing,29,Georgia,M,Maroon,Winter,4.4,Yes,Store Pickup,Yes,Yes,42,Bank Transfer,Weekly,52,0,1.8276731204056655,0.41033197241575237
140,49,Male,Coat,Outerwear,95,Florida,M,White,Fall,3.8,Yes,Store Pickup,Yes,Yes,30,Venmo,Annually,1,2,-0.42668348553150093,1.3720086307148724
141,63,Male,Shirt,Clothing,28,North Carolina,L,Yellow,Fall,3.9,Yes,2-Day Shipping,Yes,Yes,50,Credit Card,Weekly,52,0,2.2167389392763517,0.33795869816455626
142,56,Male,Gloves,Accessories,46,Virginia,M,Turquoise,Fall,4.9,Yes,Free Shipping,Yes,Yes,45,PayPal,Weekly,52,0,0.7787365961214247,0.9697218041040827
143,37,Male,Jacket,Outerwear,58,Nebraska,L,Violet,Fall,3.1,Yes,Free Shipping,Yes,Yes,33,Credit Card,Fortnightly,26,1,0.48730746892565324,-0.3423466425352681
144,30,Male,Coat,Outerwear,48,Missouri,M,Beige,Fall,2.7,Yes,Store Pickup,Yes,Yes,25,PayPal,Quarterly,4,1,0.22126271017650345,-1.0122637165084378
145,19,Male,Shoes,Footwear,43,New Jersey,M,Silver,Fall,3.2,Yes,Express,Yes,Yes,25,Cash,Monthly,12,1,-0.4361692654566056,-1.1812759785301223
146,24,Male,Jewelry,Accessories,95,Missouri,M,Teal,Fall,4.5,Yes,Standard,Yes,Yes,44,Debit Card,Quarterly,4,2,-1.5367867891025817,1.7966193824929255
147,52,Male,Skirt,Clothing,30,Colorado,S,Black,Fall,4.0,Yes,Standard,Yes,Yes,21,Venmo,Fortnightly,26,1,0.5989412707792753,-0.689193624358099
148,63,Male,Shoes,Footwear,64,Idaho,M,Purple,Summer,3.5,Yes,2-Day Shipping,Yes,Yes,31,Bank Transfer,Fortnightly,26,2,1.131485869052335,0.4885079372022064
149,37,Male,Gloves,Accessories,90,Wyoming,M,Gray,Fall,2.6,Yes,Store Pickup,Yes,Yes,47,Debit Card,Annually,1,2,0.48750066992203034,1.043502563404447
150,38,Male,Pants,Clothing,76,Delaware,M,White,Summer,3.2,Yes,Free Shipping,Yes,Yes,14,PayPal,Monthly,12,3,-0.5048084543639135,-0.4665449349465561
151,35,Male,Boots,Footwear,96,California,L,Cyan,Fall,4.9,Yes,Standard,Yes,Yes,17,Debit Card,Every 3 Months,4,3,-2.1464340154988975,1.1332452577290264
152,28,Male,Sunglasses,Accessories,47,North Dakota,L,Turquoise,Fall,4.5,Yes,Next Day Air,Yes,Yes,3,Venmo,Annually,1,3,-1.7690554452407674,-0.9553740783364707
153,30,Male,Shirt,Clothing,85,South Carolina,S,Brown,Summer,4.3,Yes,Express,Yes,Yes,42,Venmo,Annually,1,2,-1.063548925743671,1.5265918274026495
154,69,Male,Hoodie,Clothing,55,North Carolina,M,Maroon,Winter,3.2,Yes,Standard,Yes,Yes,22,Debit Card,Annually,1,1,1.2647007686311569,0.16827226639199563
155,41,Male,Dress,Clothing,98,Oklahoma,M,Charcoal,Fall,3.6,Yes,Next Day Air,Yes,Yes,21,Venmo,Quarterly,4,2,-0.8981510469781485,0.7417784900745624
156,63,Male,Socks,Clothing,77,Maine,S,Olive,Spring,4.3,Yes,Free Shipping,Yes,Yes,21,Bank Transfer,Quarterly,4,2,-0.12804990020167084,1.1037718714016078
157,35,Male,Shorts,Clothing,26,Missouri,M,Lavender,Fall,4.0,Yes,Standard,Yes,Yes,40,Debit Card,Annually,1,1,0.27698413401826283,-0.01874855704622959
158,36,Male,Hat,Accessories,68,Vermont,S,Yellow,Fall,3.0,Yes,Next Day Air,Yes,Yes,1,Bank Transfer,Fortnightly,26,3,-0.5606945951971565,-1.5400548114971653
159,25,Male,Shirt,Clothing,73,Connecticut,XL,Teal,Fall,4.1,Yes,Standard,Yes,Yes,50,Bank Transfer,Monthly,12,2,-0.6066464624214143,1.2237330137732276
160,58,Male,Gloves,Accessories,27,New Hampshire,M,Charcoal,Fall,3.8,Yes,Store Pickup,Yes,Yes,39,Bank Transfer,Every 3 Months,4,1,1.3575941115808263,0.295767970943043
161,27,Male,Gloves,Accessories,23,Texas,M,Orange,Summer,4.6,Yes,Free Shipping,Yes,Yes,34,Venmo,Monthly,12,1,-0.5035324413379451,-0.3132301501178662
162,65,Male,Backpack,Accessories,49,North Dakota,M,Olive,Fall,3.0,Yes,Express,Yes,Yes,29,Venmo,Fortnightly,26,1,1.7592718668128204,-0.19175772175048075
163,54,Male,Sunglasses,Accessories,74,California,M,Turquoise,Summer,3.0,Yes,Store Pickup,Yes,Yes,31,PayPal,Bi-Weekly,26,2,0.9438961566304398,0.2530196339044837
164,54,Male,Skirt,Clothing,67,Virginia,M,Purple,Summer,3.4,Yes,Standard,Yes,Yes,8,Debit Card,Weekly,52,0,0.3526580223403078,-0.9920015884536715
165,59,Male,Handbag,Accessories,65,Delaware,S,Purple,Spring,2.6,Yes,Free Shipping,Yes,Yes,5,Credit Card,Fortnightly,26,3,0.8431915176250319,-1.1831381405924228
166,42,Male,Handbag,Accessories,60,Kentucky,S,Yellow,Winter,2.8,Yes,Store Pickup,Yes,Yes,7,Cash,Monthly,12,3,0.009872914938202398,-1.2838327323208067
167,46,Male,Sneakers,Footwear,31,Delaware,XL,Indigo,Fall,4.0,Yes,Store Pickup,Yes,Yes,30,Cash,Monthly,12,1,0.4648696172042029,-0.23246864861643382
168,33,Male,Gloves,Accessories,27,Arkansas,M,Green,Fall,4.0,Yes,Express,Yes,Yes,14,Credit Card,Every 3 Months,4,3,-0.5367330533190868,-1.1776984549347815
169,34,Male,Shoes,Footwear,80,Louisiana,M,Magenta,Summer,3.0,Yes,Express,Yes,Yes,5,Cash,Fortnightly,26,3,-0.7288953851406748,-1.1285879127782388
170,27,Male,Jacket,Outerwear,30,Nevada,S,Gold,Summer,3.3,Yes,Standard,Yes,Yes,3,PayPal,Every 3 Months,4,3,-0.6554777054887596,-2.095100781305988
171,52,Male,Shirt,Clothing,25,Wyoming,M,Maroon,Fall,2.6,Yes,Store Pickup,Yes,Yes,46,Venmo,Bi-Weekly,26,1,2.381903711651307,-0.5388149049899777
172,29,Male,Shorts,Clothing,35,Virginia,M,Blue,Summer,3.6,Yes,Store Pickup,Yes,Yes,4,Credit Card,Weekly,52,0,-0.4134919729947225,-2.332384232707162
173,54,Male,Jewelry,Accessories,67,Nebraska,M,Violet,Summer,3.9,Yes,Next Day Air,Yes,Yes,42,Credit Card,Bi-Weekly,26,2,0.7378439218920699,1.0624344995781647
174,25,Male,Hat,Accessories,46,Hawaii,M,Turquoise,Fall,3.4,Yes,Standard,Yes,Yes,30,Cash,Annually,1,1,-0.3321140727365572,-0.5191547931408012
175,41,Male,Shoes,Footwear,35,Vermont,L,Brown,Winter,3.5,Yes,Express,Yes,Yes,37,Venmo,Annually,1,1,0.6452697044507595,-0.08919077258443557
176,53,Male,Coat,Outerwear,86,Oklahoma,L,Violet,Fall,2.8,Yes,Next Day Air,Yes,Yes,2,Bank Transfer,Annually,1,3,-0.20247690145977496,-0.5091293836910883
177,53,Male,Backpack,Accessories,81,New Hampshire,L,Black,Spring,2.7,Yes,Next Day Air,Yes,Yes,30,Credit Card,Quarterly,4,2,0.7748521966711122,0.4651030519445103
178,21,Male,Hoodie,Clothing,42,Kansas,L,Magenta,Fall,3.7,Yes,Next Day Air,Yes,Yes,47,Bank Transfer,Monthly,12,1,-0.06273837592519879,0.05257018087353112
179,61,Male,Skirt,Clothing,43,Idaho,L,Lavender,Fall,4.3,Yes,2-Day Shipping,Yes,Yes,21,PayPal,Quarterly,4,1,0.35194722214107105,0.2570118789831234
180,64,Male,Boots,Footwear,31,Illinois,M,Violet,Fall,4.9,Yes,Store Pickup,Yes,Yes,9,Bank Transfer,Fortnightly,26,3,0.10516930559702835,-0.41291334893017034
181,51,Male,Sandals,Footwear,81,South Dakota,L,Green,Fall,3.3,Yes,Store Pickup,Yes,Yes,12,Debit Card,Fortnightly,26,3,-0.049844055477896256,-0.28053295852325305
182,32,Male,Pants,Clothing,61,Massachusetts,M,Beige,Summer,4.7,Yes,Next Day Air,Yes,Yes,4,Bank Transfer,Weekly,52,0,-1.4957428267809432,-1.0321694864541546
183,38,Male,Gloves,Accessories,96,Alabama,XL,Purple,Summer,2.8,Yes,Store Pickup,Yes,Yes,10,Debit Card,Annually,1,3,-0.7650749452760657,-0.24918512534267362
184,58,Male,Skirt,Clothing,29,Ohio,XL,Beige,Spring,3.6,Yes,2-Day Shipping,Yes,Yes,26,Credit Card,Weekly,52,0,1.5202348706309137,-0.9308285526411462
185,32,Male,Sneakers,Footwear,33,Hawaii,L,Cyan,Spring,3.0,Yes,Express,Yes,Yes,40,Cash,Fortnightly,26,1,0.9631737884912561,-0.7990193660257635
186,46,Male,T-shirt,Clothing,32,Wisconsin,XL,Silver,Summer,4.5,Yes,Store Pickup,Yes,Yes,34,Bank Transfer,Fortnightly,26,1,0.333182805346104,0.06556839938160243
187,39,Male,Backpack,Accessories,56,Minnesota,S,Lavender,Summer,2.9,Yes,Standard,Yes,Yes,31,Debit Card,Annually,1,1,0.4667058779080444,-0.2278472916677331
188,19,Male,Shoes,Footwear,94,Georgia,S,Purple,Spring,3.3,Yes,Store Pickup,Yes,Yes,1,Bank Transfer,Bi-Weekly,26,3,-1.9112444823432138,-1.1132147558725696
189,50,Male,Hoodie,Clothing,53,Arkansas,M,Pink,Spring,3.1,Yes,Express,Yes,Yes,5,Bank Transfer,Bi-Weekly,26,3,0.3142298190416747,-1.374074234722813
190,36,Male,Blouse,Clothing,82,West Virginia,M,Maroon,Fall,4.4,Yes,Next Day Air,Yes,Yes,4,Credit Card,Weekly,52,0,-1.4653065037495012,-0.6205042191059711
191,65,Male,Coat,Outerwear,70,Indiana,XL,Beige,Fall,3.0,Yes,Free Shipping,Yes,Yes,48,Venmo,Quarterly,4,2,1.7577142934588297,1.3902595050999274
192,64,Male,Hat,Accessories,76,Utah,M,Gray,Fall,3.9,Yes,Free Shipping,Yes,Yes,29,Cash,Every 3 Months,4,2,0.44032566258574474,1.214282906089187
193,46,Male,Shoes,Footwear,29,Nebraska,L,Turquoise,Summer,2.9,Yes,Express,Yes,Yes,12,PayPal,Bi-Weekly,26,1,0.8857636060521736,-1.8425404813581552
194,36,Male,Belt,Accessories,100,North Dakota,S,Silver,Fall,3.0,Yes,Standard,Yes,Yes,29,Venmo,Annually,1,2,-0.5147523605022059,0.7219885319849932
195,51,Male,Backpack,Accessories,94,Missouri,M,Olive,Spring,3.1,Yes,Express,Yes,Yes,15,Debit Card,Quarterly,4,3,-0.23332169388426408,0.3207245043533971
196,51,Male,Jacket,Outerwear,25,New York,M,Magenta,Fall,4.3,Yes,Free Shipping,Yes,Yes,34,Credit Card,Monthly,12,1,0.6746716676091193,0.06999827553545565
197,38,Male,Boots,Footwear,88,Washington,M,Lavender,Summer,3.9,Yes,Next Day Air,Yes,Yes,41,Credit Card,Fortnightly,26,2,-0.30493889245029643,1.180046292070924
198,59,Male,Scarf,Accessories,78,South Carolina,M,Black,Fall,3.2,Yes,2-Day Shipping,Yes,Yes,41,Credit Card,Monthly,12,2,1.1055691698676977,1.167849598973399
199,57,Male,Jewelry,Accessories,45,Utah,M,Turquoise,Winter,4.8,Yes,Standard,Yes,Yes,39,Credit Card,Fortnightly,26,1,0.5065744741133951,0.9864500893793365
200,54,Male,Hat,Accessories,73,Idaho,XL,Green,Summer,3.8,Yes,Express,Yes,Yes,32,Cash,Weekly,52,0,0.6543574902038513,0.3936630842444706
201,25,Male,Dress,Clothing,61,Pennsylvania,S,Teal,Summer,3.3,Yes,Next Day Air,Yes,Yes,29,Venmo,Monthly,12,3,-0.4411669261336422,-0.4028083145114063
202,69,Male,Blouse,Clothing,22,Missouri,S,Beige,Fall,4.3,Yes,Free Shipping,Yes,Yes,15,Bank Transfer,Annually,1,1,0.835646880299084,-0.28777659389581467
203,57,Male,Hat,Accessories,38,Nebraska,L,Magenta,Spring,2.7,Yes,Express,Yes,Yes,33,Venmo,Annually,1,1,1.7127330894533226,-0.3029807336873838
204,70,Male,Scarf,Accessories,38,Indiana,S,Yellow,Fall,3.2,Yes,Next Day Air,Yes,Yes,18,Bank Transfer,Weekly,52,0,1.9254452827551662,-1.0303842401871788
205,24,Male,Sneakers,Footwear,100,Arizona,M,Yellow,Fall,4.0,Yes,Store Pickup,Yes,Yes,35,Cash,Bi-Weekly,26,2,-1.3282861901960341,0.9713092215542712
206,67,Male,Shirt,Clothing,64,Hawaii,M,Silver,Winter,3.0,Yes,Standard,Yes,Yes,25,PayPal,Weekly,52,0,1.7102524102424268,-0.2944977516884034
207,24,Male,T-shirt,Clothing,55,Wisconsin,L,Silver,Summer,4.2,Yes,Free Shipping,Yes,Yes,6,Venmo,Fortnightly,26,3,-1.5497517841790596,-1.210200593385885
208,62,Male,Gloves,Accessories,91,Rhode Island,M,Silver,Summer,2.9,Yes,Express,Yes,Yes,17,Bank Transfer,Bi-Weekly,26,2,0.6673503372289135,0.17371071850529635
209,57,Male,Skirt,Clothing,38,Wisconsin,M,Gold,Spring,4.1,Yes,Store Pickup,Yes,Yes,17,Credit Card,Monthly,12,1,0.3662522237653781,-0.32981415382413654
210,55,Male,Sandals,Footwear,97,Minnesota,S,Olive,Winter,3.2,Yes,Store Pickup,Yes,Yes,44,Cash,Every 3 Months,4,2,0.6388194344006897,1.7620720515827788
211,45,Male,Jacket,Outerwear,22,Vermont,L,Teal,Fall,3.0,Yes,2-Day Shipping,Yes,Yes,6,PayPal,Fortnightly,26,1,0.7186393647285575,-2.2271393387901175
212,69,Male,Skirt,Clothing,92,South Dakota,L,Maroon,Fall,4.2,Yes,2-Day Shipping,Yes,Yes,45,Debit Card,Fortnightly,26,2,0.8220684004688744,2.2667499899192873
213,67,Male,Handbag,Accessories,84,Virginia,L,Blue,Fall,4.2,Yes,Express,Yes,Yes,7,Debit Card,Annually,1,3,-0.4320678430718395,0.7416675890469295
214,30,Male,Handbag,Accessories,93,Nevada,L,Peach,Fall,4.4,Yes,Store Pickup,Yes,Yes,11,Debit Card,Every 3 Months,4,3,-2.122910886594389,0.41994651568038316
215,24,Male,Jacket,Outerwear,50,Hawaii,L,Blue,Summer,4.2,Yes,Next Day Air,Yes,Yes,41,Cash,Every 3 Months,4,1,-0.6649221989843899,0.43489767758314135
216,62,Male,Scarf,Accessories,64,New Jersey,S,Orange,Spring,2.8,Yes,2-Day Shipping,Yes,Yes,24,PayPal,Bi-Weekly,26,1,1.3845979284107661,-0.22499015383184162
217,43,Male,Shorts,Clothing,61,Massachusetts,L,Yellow,Spring,3.7,Yes,Free Shipping,Yes,Yes,21,Venmo,Weekly,52,0,0.15236494362217534,-0.6449099619589211
218,35,Male,Sunglasses,Accessories,48,Oklahoma,M,Purple,Winter,3.5,Yes,Next Day Air,Yes,Yes,24,Bank Transfer,Annually,1,1,-0.19020425947154518,-0.45909331435073014
219,28,Male,T-shirt,Clothing,45,California,S,Magenta,Spring,2.9,Yes,Store Pickup,Yes,Yes,8,Credit Card,Quarterly,4,3,-0.4376133741463248,-1.7331349660106723
220,32,Male,Belt,Accessories,88,Nevada,M,Cyan,Spring,3.0,Yes,Free Shipping,Yes,Yes,12,Cash,Fortnightly,26,3,-0.7453951612217096,-0.6845857077852752
221,39,Male,Sneakers,Footwear,57,Arizona,S,Indigo,Spring,3.7,Yes,Express,Yes,Yes,48,Debit Card,Fortnightly,26,2,0.5908137568358259,0.6512226937215343
222,28,Male,Hat,Accessories,68,North Carolina,XL,Magenta,Summer,4.4,Yes,Store Pickup,Yes,Yes,6,Bank Transfer,Quarterly,4,3,-1.9344063296634937,-0.4258186925233736
223,47,Male,Gloves,Accessories,94,New York,XL,Gray,Spring,4.5,Yes,2-Day Shipping,Yes,Yes,14,PayPal,Fortnightly,26,3,-1.2218936806595266,0.7059200976110854
224,20,Male,Pants,Clothing,41,Wyoming,M,Turquoise,Spring,4.8,Yes,Free Shipping,Yes,Yes,34,PayPal,Annually,1,1,-1.3318151347374936,0.21809167894623804
225,63,Male,Socks,Clothing,83,South Dakota,S,Beige,Summer,2.9,Yes,Free Shipping,Yes,Yes,12,Cash,Every 3 Months,4,3,0.5044525060899164,0.0728899266411281
226,25,Male,Jacket,Outerwear,22,Arkansas,M,Olive,Spring,3.2,Yes,Next Day Air,Yes,Yes,11,Bank Transfer,Annually,1,1,-0.3343847890139225,-2.0057666748582177
227,29,Male,Shoes,Footwear,74,Texas,L,Violet,Spring,3.3,Yes,Free Shipping,Yes,Yes,5,PayPal,Monthly,12,3,-1.1733952042458882,-1.0284989097595856
228,50,Male,Jeans,Clothing,90,Rhode Island,M,Turquoise,Winter,4.2,Yes,Standard,Yes,Yes,25,Venmo,Fortnightly,26,2,-0.5056718665067732,0.9712737622447024
229,18,Male,Socks,Clothing,79,New Hampshire,M,White,Spring,2.9,Yes,Store Pickup,Yes,Yes,11,Credit Card,Annually,1,3,-1.3585208365054724,-0.9737989179254186
230,70,Male,Sandals,Footwear,28,Ohio,S,Silver,Spring,4.6,Yes,Next Day Air,Yes,Yes,27,PayPal,Every 3 Months,4,1,0.9344078849048502,0.5155281761925797
231,66,Male,Scarf,Accessories,88,Utah,L,Olive,Fall,4.1,Yes,Standard,Yes,Yes,43,Credit Card,Annually,1,2,0.5557698718562442,2.285134197517932
232,28,Male,Blouse,Clothing,26,Tennessee,M,Blue,Spring,3.1,Yes,2-Day Shipping,Yes,Yes,18,Debit Card,Every 3 Months,4,1,0.020767797796702122,-1.6457502346568256
233,54,Male,Jewelry,Accessories,27,Hawaii,L,Purple,Winter,4.2,Yes,Express,Yes,Yes,32,Bank Transfer,Bi-Weekly,26,1,0.9040176271983008,-0.13863447471910695
234,19,Male,Sweater,Clothing,83,Arizona,XL,Yellow,Fall,4.5,Yes,Next Day Air,Yes,Yes,27,Bank Transfer,Every 3 Months,4,2,-2.0303314744374963,0.6865333080923866
235,20,Male,Gloves,Accessories,39,South Dakota,S,Silver,Summer,3.7,Yes,Next Day Air,Yes,Yes,24,Credit Card,Weekly,52,0,-0.3556513987630977,-1.5227560345890143
236,43,Male,Sunglasses,Accessories,89,New Jersey,M,Cyan,Winter,3.7,Yes,Free Shipping,Yes,Yes,31,Debit Card,Quarterly,4,2,-0.45156082370659856,1.0514229699049562
237,38,Male,Coat,Outerwear,68,North Dakota,L,Green,Winter,3.4,Yes,Next Day Air,Yes,Yes,39,PayPal,Fortnightly,26,2,0.32238620182856254,0.33933001733070367
238,50,Male,Dress,Clothing,90,Iowa,M,Beige,Summer,3.0,Yes,Store Pickup,Yes,Yes,36,Debit Card,Fortnightly,26,2,0.6546037804634169,0.759428038186527
239,64,Male,Skirt,Clothing,34,Ohio,M,Peach,Fall,4.2,Yes,Free Shipping,Yes,Yes,5,Cash,Annually,1,3,0.21440636142040886,-0.5896056713859569
240,49,Male,Pants,Clothing,51,Vermont,L,Yellow,Summer,2.9,Yes,Express,Yes,Yes,47,Credit Card,Bi-Weekly,26,1,1.642920263937246,0.22527459726483362
241,47,Male,Sweater,Clothing,45,Montana,XL,Turquoise,Winter,3.5,Yes,Free Shipping,Yes,Yes,29,Bank Transfer,Fortnightly,26,1,0.7229267995399646,-0.38291344943359773
242,36,Male,Hoodie,Clothing,88,Delaware,M,Peach,Winter,4.1,Yes,Free Shipping,Yes,Yes,43,Venmo,Bi-Weekly,26,2,-0.4724549027138482,1.3357641318862201
243,55,Male,Coat,Outerwear,85,New York,L,Gray,Summer,4.3,Yes,Store Pickup,Yes,Yes,40,Debit Card,Every 3 Months,4,2,-0.052721393365769004,1.9302045119060323
244,25,Male,Jewelry,Accessories,100,Kentucky,M,Olive,Winter,2.8,Yes,2-Day Shipping,Yes,Yes,4,Debit Card,Monthly,12,3,-1.446295951870274,-0.8224297877706119
245,53,Male,Belt,Accessories,42,Oregon,S,Indigo,Spring,4.9,Yes,2-Day Shipping,Yes,Yes,39,PayPal,Weekly,52,0,0.5491970447674549,0.5574789852940443
246,49,Male,Sandals,Footwear,53,Rhode Island,L,Charcoal,Summer,3.3,Yes,Next Day Air,Yes,Yes,45,Venmo,Fortnightly,26,1,1.2704883127584246,0.4138874467467215
247,35,Male,Sunglasses,Accessories,86,Nevada,XL,Beige,Spring,3.2,Yes,Express,Yes,Yes,20,Venmo,Bi-Weekly,26,3,-0.5006680171990431,-0.2164986796806992
248,29,Male,Sweater,Clothing,66,Montana,XL,Brown,Spring,4.4,Yes,Standard,Yes,Yes,14,Debit Card,Weekly,52,0,-1.2070011386830577,-0.7225870516089121
249,47,Male,Belt,Accessories,100,Pennsylvania,M,Blue,Winter,4.8,Yes,Express,Yes,Yes,33,PayPal,Weekly,52,0,-0.7618906334679796,1.4928160924812488
250,53,Male,Handbag,Accessories,47,Alaska,S,Teal,Fall,4.2,Yes,Standard,Yes,Yes,18,Credit Card,Annually,1,3,-0.08891234628453204,0.03757671546975884
251,33,Male,Skirt,Clothing,25,Mississippi,L,Black,Fall,4.0,Yes,Express,Yes,Yes,9,Bank Transfer,Weekly,52,0,-0.22117785519408306,-2.046721750941549
252,21,Male,Handbag,Accessories,51,Wyoming,XL,Gold,Winter,2.5,Yes,Standard,Yes,Yes,34,PayPal,Annually,1,1,0.1676309166584833,-0.8241508229618949
253,32,Male,Shorts,Clothing,41,Delaware,M,Violet,Summer,3.9,Yes,Free Shipping,Yes,Yes,33,Venmo,Fortnightly,26,1,-0.003976866235141118,-0.3978089031576331
254,52,Male,Boots,Footwear,73,Oklahoma,L,Cyan,Winter,4.9,Yes,2-Day Shipping,Yes,Yes,15,Bank Transfer,Bi-Weekly,26,3,-0.9195955381177443,0.5827208147711898
255,67,Male,Sunglasses,Accessories,42,Indiana,M,White,Winter,3.5,Yes,Store Pickup,Yes,Yes,4,PayPal,Bi-Weekly,26,3,0.8936897842207214,-1.0926857466857718
256,43,Male,Scarf,Accessories,20,Maryland,M,Charcoal,Spring,4.2,Yes,Free Shipping,Yes,Yes,25,Debit Card,Annually,1,1,0.14125703568604914,-0.5152111512896268
257,58,Male,Jewelry,Accessories,30,South Dakota,XL,Violet,Spring,4.7,Yes,Express,Yes,Yes,20,Credit Card,Every 3 Months,4,1,0.13155728217386503,0.06985455667192397
258,20,Male,Handbag,Accessories,53,West Virginia,M,Red,Summer,4.5,Yes,Express,Yes,Yes,5,Credit Card,Quarterly,4,3,-2.118150253200638,-0.9351714388170302
259,61,Male,Gloves,Accessories,74,Alabama,S,Lavender,Spring,2.8,Yes,Express,Yes,Yes,16,Cash,Quarterly,4,3,0.754755335422039,-0.06914589686143961
260,32,Male,Jeans,Clothing,57,Louisiana,M,Gold,Fall,2.9,Yes,Standard,Yes,Yes,13,Debit Card,Annually,1,3,-0.3539920177272369,-1.1147984077224664
261,38,Male,Hat,Accessories,57,Montana,S,Red,Winter,3.2,Yes,2-Day Shipping,Yes,Yes,11,Credit Card,Every 3 Months,4,3,-0.3462573952076487,-0.9417789354251238
262,21,Male,Jeans,Clothing,77,California,L,Magenta,Winter,4.9,Yes,Standard,Yes,Yes,21,Credit Card,Annually,1,3,-2.327383024705689,0.5964484857688477
263,37,Male,Pants,Clothing,40,Hawaii,M,Teal,Summer,3.8,Yes,Next Day Air,Yes,Yes,6,Debit Card,Annually,1,3,-0.6987084838042644,-1.1999304268910431
264,27,Male,Shorts,Clothing,46,Iowa,M,Purple,Summer,4.3,Yes,Store Pickup,Yes,Yes,29,Venmo,Monthly,12,1,-0.8152130450772268,-0.15047380840957814
265,36,Male,Pants,Clothing,78,Colorado,S,Charcoal,Fall,3.9,Yes,Store Pickup,Yes,Yes,15,Cash,Annually,1,3,-1.1842163343873233,0.11642688432344893
266,32,Male,Backpack,Accessories,59,Michigan,M,Gray,Spring,3.2,Yes,2-Day Shipping,Yes,Yes,17,Bank Transfer,Bi-Weekly,26,3,-0.2637237101849089,-1.0458571631128413
267,51,Male,Jewelry,Accessories,75,Louisiana,L,White,Summer,3.1,Yes,Express,Yes,Yes,32,Credit Card,Weekly,52,0,0.9903748822724957,-0.017827845237500323
268,64,Male,Sweater,Clothing,54,Maryland,M,Olive,Spring,3.9,Yes,2-Day Shipping,Yes,Yes,42,Venmo,Annually,1,1,1.1484614907665325,1.282934508553344
269,68,Male,Shoes,Footwear,42,Georgia,M,Charcoal,Spring,2.6,Yes,Store Pickup,Yes,Yes,21,Cash,Monthly,12,1,1.9308178683874186,-0.6816858483881015
270,68,Male,Blouse,Clothing,44,Georgia,M,Charcoal,Winter,3.3,Yes,Next Day Air,Yes,Yes,9,Cash,Bi-Weekly,26,3,1.1857603742649874,-0.925335718488927
271,33,Male,Jeans,Clothing,52,North Dakota,XL,Orange,Fall,4.6,Yes,Free Shipping,Yes,Yes,16,Bank Transfer,Annually,1,3,-1.3440317932689794,-0.12402704252918915
272,65,Male,Sunglasses,Accessories,69,Maryland,XL,Yellow,Summer,4.6,Yes,Express,Yes,Yes,42,Credit Card,Fortnightly,26,2,0.668750433859927,1.7370744430345715
273,48,Male,Jewelry,Accessories,26,Oregon,M,Beige,Summer,4.4,Yes,2-Day Shipping,Yes,Yes,37,Debit Card,Bi-Weekly,26,1,0.6719030881196075,0.03637336725041372
274,69,Male,Coat,Outerwear,33,North Dakota,S,Silver,Spring,4.2,Yes,Express,Yes,Yes,32,Debit Card,Quarterly,4,1,1.2346489034250325,0.598714172832957
275,59,Male,Jewelry,Accessories,32,Maryland,M,Indigo,Spring,3.0,Yes,Express,Yes,Yes,28,Cash,Bi-Weekly,26,1,1.762547212186696,-0.762840806449363
276,48,Male,Backpack,Accessories,85,Virginia,XL,Lavender,Winter,4.0,Yes,Express,Yes,Yes,13,Credit Card,Weekly,52,0,-0.47658231526908856,-0.141262494874444
277,25,Male,Skirt,Clothing,30,South Dakota,XL,Turquoise,Fall,3.5,Yes,Express,Yes,Yes,11,Bank Transfer,Fortnightly,26,3,-0.45742951204282195,-1.9644286115649874
278,29,Male,Shirt,Clothing,29,Georgia,M,Green,Winter,3.0,Yes,Store Pickup,Yes,Yes,36,Bank Transfer,Bi-Weekly,26,1,0.7905881980272758,-1.1264630724571614
279,57,Male,Sweater,Clothing,95,Hawaii,M,Orange,Spring,3.7,Yes,Express,Yes,Yes,23,Debit Card,Annually,1,2,-0.22224263357619328,1.18717731889175
280,23,Male,Sneakers,Footwear,69,Arkansas,L,Turquoise,Summer,4.0,Yes,Standard,Yes,Yes,37,Bank Transfer,Monthly,12,2,-0.9232898913135769,0.479233937919619
281,45,Male,Sandals,Footwear,69,Montana,S,Cyan,Fall,4.2,Yes,2-Day Shipping,Yes,Yes,21,Cash,Bi-Weekly,26,3,-0.47990814286988276,0.19938935314399864
282,38,Male,Belt,Accessories,61,Oklahoma,XL,Charcoal,Spring,2.5,Yes,Standard,Yes,Yes,22,Debit Card,Bi-Weekly,26,3,0.5895218077432106,-1.055803953507635
283,21,Male,Skirt,Clothing,94,Minnesota,M,Teal,Summer,3.0,Yes,2-Day Shipping,Yes,Yes,9,Cash,Monthly,12,3,-1.5122744061485933,-0.7236297357483689
284,32,Male,Sweater,Clothing,30,Montana,S,Maroon,Fall,3.2,Yes,Next Day Air,Yes,Yes,16,Venmo,Annually,1,1,-0.03299530235044596,-1.4570172241033192
285,63,Male,Skirt,Clothing,45,Ohio,M,Red,Summer,3.5,Yes,Standard,Yes,Yes,4,PayPal,Quarterly,4,3,0.4826879205035755,-0.8264880435953661
286,29,Male,Handbag,Accessories,39,Kentucky,XL,Yellow,Summer,4.8,Yes,Express,Yes,Yes,3,Debit Card,Bi-Weekly,26,3,-1.5853706310891706,-1.271628757758874
287,27,Male,Jewelry,Accessories,51,Nebraska,L,Gray,Summer,2.6,Yes,Store Pickup,Yes,Yes,6,Debit Card,Annually,1,3,-0.4504147918846404,-1.82845408732409
288,56,Male,Scarf,Accessories,37,Delaware,L,Blue,Spring,3.4,Yes,2-Day Shipping,Yes,Yes,18,Venmo,Fortnightly,26,1,0.9876491218407917,-0.9056090041417867
289,30,Male,T-shirt,Clothing,62,North Carolina,M,Lavender,Winter,3.7,Yes,2-Day Shipping,Yes,Yes,34,Venmo,Bi-Weekly,26,2,-0.26554478368797546,-0.013588248202121221
290,49,Male,Coat,Outerwear,85,New York,M,Yellow,Fall,4.5,Yes,2-Day Shipping,Yes,Yes,26,Credit Card,Monthly,12,2,-0.7716652350168663,1.2216709878664127
291,58,Male,T-shirt,Clothing,33,Colorado,M,Indigo,Winter,3.7,Yes,Standard,Yes,Yes,50,PayPal,Weekly,52,0,2.066826590277018,0.23794422837485893
292,57,Male,Dress,Clothing,26,Delaware,XL,Violet,Fall,3.3,Yes,Next Day Air,Yes,Yes,40,Bank Transfer,Monthly,12,1,1.78471889963292,-0.09077500977867357
293,60,Male,Shoes,Footwear,99,Utah,M,Green,Spring,4.7,Yes,Free Shipping,Yes,Yes,24,Cash,Quarterly,4,2,-0.8143950530045144,1.9145171939195276
294,69,Male,Handbag,Accessories,39,Connecticut,M,White,Spring,2.7,Yes,Express,Yes,Yes,33,PayPal,Annually,1,1,2.1959565361674485,-0.0265864155931355
295,70,Male,Skirt,Clothing,20,New Jersey,M,Gold,Spring,4.6,Yes,Store Pickup,Yes,Yes,19,Credit Card,Every 3 Months,4,1,0.8391321863998902,-0.012994997909831784
296,53,Male,Sunglasses,Accessories,42,West Virginia,M,Indigo,Winter,2.7,Yes,Store Pickup,Yes,Yes,24,Credit Card,Quarterly,4,1,1.2501235211442596,-0.712262067557174
297,25,Male,Sandals,Footwear,74,Indiana,S,Lavender,Spring,4.8,Yes,2-Day Shipping,Yes,Yes,19,Credit Card,Weekly,52,0,-1.6460963238201647,-0.17942509120115127
298,48,Male,Shoes,Footwear,26,Delaware,XL,Purple,Summer,4.4,Yes,Standard,Yes,Yes,4,Credit Card,Bi-Weekly,26,3,-0.26783726656521994,-1.3628119869971589
299,69,Male,T-shirt,Clothing,53,Maryland,M,Lavender,Winter,4.0,Yes,Standard,Yes,Yes,11,Venmo,Every 3 Months,4,3,0.44645342845518815,0.06860016397006709
300,25,Male,Sneakers,Footwear,80,Pennsylvania,M,Maroon,Summer,3.2,Yes,Next Day Air,Yes,Yes,28,PayPal,Fortnightly,26,2,-0.5899395355528373,-0.22990433820766204
301,29,Male,Hat,Accessories,98,Iowa,M,Teal,Spring,4.4,Yes,Store Pickup,Yes,Yes,24,PayPal,Weekly,52,0,-1.4523919144531026,0.45871540863568605
302,46,Male,Skirt,Clothing,95,Pennsylvania,M,Green,Spring,3.8,Yes,Standard,Yes,Yes,25,Credit Card,Every 3 Months,4,2,-0.6674658124625857,1.0587228657685035
303,37,Male,Sweater,Clothing,44,Delaware,L,Olive,Summer,3.6,Yes,Express,Yes,Yes,27,Bank Transfer,Every 3 Months,4,1,0.0007598265310569778,-0.3660223895977491
304,20,Male,Sandals,Footwear,60,Oregon,M,Turquoise,Summer,3.3,Yes,Next Day Air,Yes,Yes,49,Venmo,Weekly,52,0,0.2906981856174844,-0.19186475852646892
305,40,Male,Dress,Clothing,84,Oregon,M,Green,Winter,3.4,Yes,Next Day Air,Yes,Yes,45,Credit Card,Bi-Weekly,26,2,0.31146628852953523,1.0145022165624509
306,60,Male,Sweater,Clothing,59,Utah,M,Teal,Fall,3.5,Yes,2-Day Shipping,Yes,Yes,26,PayPal,Annually,1,1,0.7257381787303243,0.4125477058378008
307,26,Male,Jacket,Outerwear,49,North Dakota,S,White,Summer,3.6,Yes,Express,Yes,Yes,4,Cash,Annually,1,3,-1.2217403486440868,-1.4164448855258405
308,29,Male,Gloves,Accessories,32,Florida,M,Orange,Winter,3.2,Yes,Free Shipping,Yes,Yes,3,Credit Card,Every 3 Months,4,3,-0.5347285091052385,-2.0621677574172894
309,66,Male,Handbag,Accessories,29,Maryland,M,Beige,Fall,3.7,Yes,Standard,Yes,Yes,45,Venmo,Bi-Weekly,26,1,2.0938029940968375,0.43001956351782944
310,66,Male,Dress,Clothing,22,Minnesota,M,Yellow,Spring,4.5,Yes,Standard,Yes,Yes,21,Cash,Fortnightly,26,1,0.9616421822899213,-0.30107010761309433
311,56,Male,Pants,Clothing,85,Montana,M,Charcoal,Winter,4.6,Yes,Standard,Yes,Yes,50,Cash,Fortnightly,26,2,0.2566427636753882,2.2653779835842562
312,69,Male,Jeans,Clothing,52,Rhode Island,L,Silver,Winter,4.1,Yes,Store Pickup,Yes,Yes,19,Bank Transfer,Monthly,12,1,0.6910518956551223,0.3390352041040066
313,38,Male,Pants,Clothing,89,Massachusetts,L,Green,Spring,3.4,Yes,Next Day Air,Yes,Yes,6,PayPal,Annually,1,3,-1.1865246711705453,-0.24532381304397305
314,42,Male,Dress,Clothing,77,Vermont,M,Pink,Spring,3.7,Yes,Express,Yes,Yes,50,Credit Card,Every 3 Months,4,2,0.24666277526029923,1.5519637441602065
315,30,Male,Pants,Clothing,24,New Jersey,M,Purple,Summer,3.3,Yes,Store Pickup,Yes,Yes,17,Debit Card,Every 3 Months,4,1,-0.03244712925608398,-1.5803199187161971
316,66,Male,Jewelry,Accessories,24,Wisconsin,XL,Orange,Spring,4.5,Yes,Express,Yes,Yes,24,Debit Card,Annually,1,1,0.7926854498162458,0.19100911393162234
317,36,Male,Handbag,Accessories,22,California,M,Charcoal,Fall,3.3,Yes,Free Shipping,Yes,Yes,46,Venmo,Monthly,12,1,1.1472166663498857,-0.3733158705980186
318,58,Male,Sweater,Clothing,82,West Virginia,L,Teal,Fall,4.3,Yes,Standard,Yes,Yes,42,Cash,Every 3 Months,4,2,0.1788828631313451,2.0071882219444217
319,45,Male,Backpack,Accessories,67,South Dakota,M,Beige,Winter,2.5,Yes,Standard,Yes,Yes,10,Cash,Annually,1,3,0.21868502556061487,-0.9576297672883521
320,47,Male,Shorts,Clothing,74,Maine,XL,White,Spring,2.6,Yes,Standard,Yes,Yes,1,Cash,Every 3 Months,4,3,-0.11431735322734268,-1.1130292704989238
321,66,Male,Jewelry,Accessories,72,Kansas,L,White,Summer,4.9,Yes,Standard,Yes,Yes,28,Debit Card,Quarterly,4,2,-0.14444013625345759,1.6845421023099871
322,41,Male,Sneakers,Footwear,36,Vermont,L,Orange,Summer,4.7,Yes,Free Shipping,Yes,Yes,48,Debit Card,Quarterly,4,1,0.12147042564396862,1.041005163592694
323,41,Male,Belt,Accessories,95,Tennessee,S,Cyan,Winter,3.0,Yes,Standard,Yes,Yes,47,Credit Card,Monthly,12,2,0.38626827403933506,1.3324333692205654
324,66,Male,Hoodie,Clothing,78,Tennessee,M,Orange,Winter,3.5,Yes,Next Day Air,Yes,Yes,29,PayPal,Bi-Weekly,26,2,0.9675343955275991,0.7982127122324925
325,37,Male,Shirt,Clothing,82,Wyoming,M,Olive,Summer,4.8,Yes,Standard,Yes,Yes,37,Venmo,Quarterly,4,2,-1.1910649201054837,1.6355159562284352
326,70,Male,Pants,Clothing,70,Vermont,M,Charcoal,Winter,4.3,Yes,Free Shipping,Yes,Yes,38,Debit Card,Annually,1,2,0.7370258072744752,1.8444342524457096
327,62,Male,Scarf,Accessories,41,New Jersey,M,White,Fall,3.2,Yes,Store Pickup,Yes,Yes,48,Bank Transfer,Weekly,52,0,2.3968581651453844,0.14411431553236428
328,61,Male,Coat,Outerwear,42,Iowa,M,Teal,Summer,3.1,Yes,Free Shipping,Yes,Yes,36,PayPal,Weekly,52,0,2.067503373109343,-0.4185952948044548
329,48,Male,Coat,Outerwear,50,Florida,M,Yellow,Fall,2.8,Yes,Free Shipping,Yes,Yes,9,Credit Card,Weekly,52,0,0.836401759641797,-1.8174059818442627
330,70,Male,Socks,Clothing,31,Nevada,S,White,Summer,2.9,Yes,2-Day Shipping,Yes,Yes,34,Bank Transfer,Monthly,12,1,2.3548025922451608,-0.17913424077992576
331,46,Male,Sweater,Clothing,51,North Dakota,M,Beige,Winter,3.8,Yes,Express,Yes,Yes,43,Venmo,Bi-Weekly,26,1,0.7687929543893309,0.501174884732885
332,31,Male,Shirt,Clothing,98,Florida,L,Beige,Fall,3.3,Yes,Store Pickup,Yes,Yes,46,PayPal,Quarterly,4,2,-0.39096179103946815,1.4216001196717576
333,19,Male,Shirt,Clothing,86,New York,M,Maroon,Winter,2.8,Yes,2-Day Shipping,Yes,Yes,5,Credit Card,Monthly,12,3,-1.4357692000020332,-1.2377162383704101
334,39,Male,Sweater,Clothing,64,Alaska,M,Teal,Winter,4.5,Yes,Standard,Yes,Yes,15,Bank Transfer,Bi-Weekly,26,3,-1.0295851328222898,-0.13014121508453794
335,41,Male,Blouse,Clothing,46,Kansas,M,Lavender,Fall,2.6,Yes,Next Day Air,Yes,Yes,30,Credit Card,Annually,1,1,0.8989597884416094,-0.6343440512069111
336,20,Male,Sweater,Clothing,85,Oregon,L,Maroon,Spring,3.7,Yes,Standard,Yes,Yes,44,Venmo,Every 3 Months,4,2,-0.9730226880156697,1.0235575894907263
337,36,Male,Hat,Accessories,81,Rhode Island,S,Orange,Fall,4.4,Yes,Express,Yes,Yes,16,PayPal,Annually,1,3,-1.5583706008693063,0.512424313125171
338,32,Male,Sweater,Clothing,59,New Mexico,M,Cyan,Winter,4.3,Yes,2-Day Shipping,Yes,Yes,16,Bank Transfer,Annually,1,3,-1.2898964517437908,-0.1489870755100604
339,69,Male,Hoodie,Clothing,79,Massachusetts,M,Silver,Winter,3.5,Yes,Express,Yes,Yes,16,Cash,Weekly,52,0,0.9358166158689994,0.0036156150220152776
340,40,Male,Shorts,Clothing,33,Pennsylvania,M,Teal,Spring,3.8,Yes,2-Day Shipping,Yes,Yes,21,Credit Card,Every 3 Months,4,1,-0.004083092489330076,-0.7045217133049883
341,40,Male,Shorts,Clothing,47,New Jersey,L,Blue,Summer,3.5,Yes,Express,Yes,Yes,39,Venmo,Every 3 Months,4,1,0.48831451719314084,0.2204318555963389
342,20,Male,Hat,Accessories,20,Utah,S,Blue,Summer,4.6,Yes,Store Pickup,Yes,Yes,40,Debit Card,Bi-Weekly,26,1,-0.45061125674070307,-0.4550826481475189
343,64,Male,Coat,Outerwear,36,Kentucky,M,Olive,Spring,2.6,Yes,Next Day Air,Yes,Yes,48,Credit Card,Every 3 Months,4,1,2.561703616897154,0.3384799384279404
344,27,Male,Sandals,Footwear,39,Nebraska,M,Purple,Summer,4.4,Yes,Next Day Air,Yes,Yes,26,Venmo,Monthly,12,1,-0.8552570979953588,-0.3868132908135149
345,24,Male,Skirt,Clothing,71,Virginia,M,Charcoal,Winter,4.0,Yes,Standard,Yes,Yes,46,Debit Card,Monthly,12,2,-0.6584828565018733,0.9292223312305286
346,48,Male,Shoes,Footwear,59,Wyoming,S,Olive,Winter,4.4,Yes,Next Day Air,Yes,Yes,27,Bank Transfer,Annually,1,2,-0.3808474522271181,0.7108994161118788
347,49,Male,Jeans,Clothing,50,New Mexico,L,Violet,Spring,4.7,Yes,Next Day Air,Yes,Yes,5,Cash,Weekly,52,0,-0.5769859466868245,-0.8920621667520391
348,36,Male,Sandals,Footwear,41,Oregon,L,Red,Fall,3.9,Yes,Store Pickup,Yes,Yes,43,PayPal,Fortnightly,26,1,0.4473899264968069,0.11042948457582637
349,56,Male,Blouse,Clothing,59,South Carolina,M,Beige,Fall,2.7,Yes,Free Shipping,Yes,Yes,17,PayPal,Fortnightly,26,3,1.0887869120384466,-0.8230005589632647
350,37,Male,Hat,Accessories,87,Arizona,M,Green,Winter,3.7,Yes,2-Day Shipping,Yes,Yes,3,Bank Transfer,Bi-Weekly,26,3,-1.2709744012861819,-0.5889035305135786
351,42,Male,Sweater,Clothing,68,Kentucky,M,Violet,Spring,2.6,Yes,2-Day Shipping,Yes,Yes,47,Bank Transfer,Fortnightly,26,2,1.2814849417206862,0.31060873125838956
352,28,Male,Skirt,Clothing,90,New York,M,Teal,Winter,3.9,Yes,Standard,Yes,Yes,24,Debit Card,Bi-Weekly,26,2,-1.238675066983958,0.2959784533988004
353,27,Male,Jeans,Clothing,71,Texas,XL,Yellow,Fall,4.9,Yes,Next Day Air,Yes,Yes,12,Cash,Every 3 Months,4,3,-2.207824940991003,0.16111581076488618
354,63,Male,Sneakers,Footwear,64,Missouri,L,Yellow,Fall,4.1,Yes,Store Pickup,Yes,Yes,35,Debit Card,Monthly,12,2,0.6979778827695406,1.175053951254522
355,58,Male,Jewelry,Accessories,76,Pennsylvania,S,Olive,Fall,3.0,Yes,Free Shipping,Yes,Yes,42,Venmo,Weekly,52,0,1.6207076365903401,0.5207384322712404
356,37,Male,Jewelry,Accessories,42,Oregon,XL,Magenta,Fall,4.1,Yes,2-Day Shipping,Yes,Yes,1,PayPal,Every 3 Months,4,3,-1.0594353213064103,-1.2331421807750833
357,56,Male,Pants,Clothing,80,Nevada,L,Black,Spring,3.8,Yes,Standard,Yes,Yes,27,Cash,Weekly,52,0,0.4792984551967541,0.38944760023236424
358,18,Male,Belt,Accessories,56,Arkansas,M,Olive,Spring,4.0,Yes,Standard,Yes,Yes,16,Credit Card,Bi-Weekly,26,3,-1.3902735032714455,-1.001943570036367
359,48,Male,Hat,Accessories,25,Minnesota,XL,Magenta,Summer,3.6,Yes,Express,Yes,Yes,36,Credit Card,Every 3 Months,4,1,1.0299772128171316,-0.2024095837293027
360,31,Male,Sneakers,Footwear,74,Georgia,M,Olive,Winter,3.0,Yes,Store Pickup,Yes,Yes,30,Credit Card,Every 3 Months,4,2,-0.23721582747557832,0.005666836343910841
361,51,Male,Pants,Clothing,30,Rhode Island,M,Teal,Summer,3.0,Yes,Standard,Yes,Yes,18,Debit Card,Fortnightly,26,1,1.177718467436497,-1.4026537011700406
362,65,Male,T-shirt,Clothing,96,Nevada,M,White,Spring,2.6,Yes,Free Shipping,Yes,Yes,45,Cash,Annually,1,2,1.497320518214795,1.690398275348483
363,53,Male,Sneakers,Footwear,64,Texas,M,Charcoal,Fall,3.4,Yes,Free Shipping,Yes,Yes,1,Venmo,Fortnightly,26,3,-0.06873027649623828,-1.0506058832564362
364,55,Male,Shorts,Clothing,88,Florida,L,Yellow,Winter,3.1,Yes,Free Shipping,Yes,Yes,42,Bank Transfer,Fortnightly,26,2,0.9962611962433648,1.1283172966541983
365,62,Male,Shoes,Footwear,88,North Dakota,L,Charcoal,Summer,3.0,Yes,Free Shipping,Yes,Yes,7,Venmo,Every 3 Months,4,3,0.16699502762879798,0.014680712280259457
366,55,Male,Gloves,Accessories,88,West Virginia,XL,Gray,Summer,3.7,Yes,Standard,Yes,Yes,50,PayPal,Quarterly,4,2,0.605860287726178,2.0860771744493296
367,64,Male,Socks,Clothing,36,Nebraska,M,Turquoise,Spring,3.5,Yes,Store Pickup,Yes,Yes,37,Venmo,Fortnightly,26,1,1.8078875064852973,0.10132244474072254
368,52,Male,Dress,Clothing,40,Tennessee,XL,Cyan,Spring,2.8,Yes,Store Pickup,Yes,Yes,18,Bank Transfer,Monthly,12,1,1.0709625331756412,-1.0801473611072647
369,24,Male,Handbag,Accessories,39,Oklahoma,M,Charcoal,Spring,4.5,Yes,Standard,Yes,Yes,29,Cash,Monthly,12,1,-0.965359636378145,-0.2662766714473542
370,38,Male,Belt,Accessories,40,Wisconsin,M,Silver,Summer,3.3,Yes,Store Pickup,Yes,Yes,45,PayPal,Quarterly,4,1,0.8330220096577742,0.15400675544098247
371,59,Male,Scarf,Accessories,34,Oregon,M,Olive,Winter,3.4,Yes,Express,Yes,Yes,13,PayPal,Weekly,52,0,1.2500172582696494,-1.4556730141316254
372,27,Male,Sneakers,Footwear,83,North Carolina,S,Pink,Winter,3.2,Yes,2-Day Shipping,Yes,Yes,47,PayPal,Monthly,12,2,-0.13918244437771032,0.8666335322546809
373,24,Male,Sweater,Clothing,85,Pennsylvania,L,Orange,Summer,3.7,Yes,Standard,Yes,Yes,7,Debit Card,Weekly,52,0,-1.4352689121122477,-1.0706769975870756
374,23,Male,Coat,Outerwear,27,North Dakota,L,White,Summer,4.6,Yes,Express,Yes,Yes,11,Venmo,Bi-Weekly,26,3,-1.2674685753571744,-1.455826774243251
375,69,Male,Jewelry,Accessories,78,Ohio,S,Purple,Spring,5.0,Yes,Store Pickup,Yes,Yes,39,Bank Transfer,Monthly,12,2,0.19456438656983766,2.3110188144064465
376,59,Male,Sunglasses,Accessories,32,Oklahoma,M,Olive,Summer,4.4,Yes,Standard,Yes,Yes,6,Debit Card,Quarterly,4,3,-0.04684901773049935,-0.6249070529067102
377,51,Male,Shoes,Footwear,51,South Carolina,S,Gray,Fall,4.9,Yes,Express,Yes,Yes,2,Venmo,Bi-Weekly,26,3,-0.9669601320719317,-0.5101826147666227
378,63,Male,Scarf,Accessories,32,Maine,M,Silver,Spring,4.1,Yes,Standard,Yes,Yes,39,Credit Card,Every 3 Months,4,1,1.2712455407551408,0.6889609166459428
379,54,Male,Dress,Clothing,62,Nevada,L,Orange,Winter,4.9,Yes,Next Day Air,Yes,Yes,23,Credit Card,Monthly,12,3,-0.5501399779913134,0.8815417991222733
380,32,Male,T-shirt,Clothing,29,Montana,S,Magenta,Fall,4.7,Yes,2-Day Shipping,Yes,Yes,46,Debit Card,Bi-Weekly,26,1,0.00034818908212275824,0.3215558018488922
381,39,Male,Backpack,Accessories,69,New Hampshire,XL,Beige,Fall,3.0,Yes,Store Pickup,Yes,Yes,19,Bank Transfer,Weekly,52,0,0.2903740189390819,-1.0202656668387104
382,66,Male,Jewelry,Accessories,25,Maine,L,Lavender,Winter,3.4,Yes,Store Pickup,Yes,Yes,3,Credit Card,Every 3 Months,4,3,0.9810947824138471,-1.335542362052508
383,28,Male,Jeans,Clothing,76,California,M,Peach,Winter,3.2,Yes,Store Pickup,Yes,Yes,47,PayPal,Quarterly,4,2,-0.0523614143984584,0.823648993685911
384,50,Male,Sunglasses,Accessories,77,West Virginia,S,Magenta,Fall,3.8,Yes,Standard,Yes,Yes,6,PayPal,Quarterly,4,3,-0.7437161262617403,-0.08861100631098744
385,70,Male,Sweater,Clothing,33,California,M,Beige,Fall,4.5,Yes,2-Day Shipping,Yes,Yes,6,Venmo,Annually,1,3,0.2975891269014673,-0.2749475064745591
386,67,Male,Shorts,Clothing,93,West Virginia,S,Yellow,Fall,2.7,Yes,Next Day Air,Yes,Yes,12,Credit Card,Bi-Weekly,26,3,0.8412481111052317,0.00130801064919296
387,64,Male,Jewelry,Accessories,39,Louisiana,L,Brown,Spring,3.4,Yes,Express,Yes,Yes,40,PayPal,Quarterly,4,1,1.719499310891407,0.5224415720609535
388,45,Male,Coat,Outerwear,93,Georgia,L,Silver,Summer,4.6,Yes,Store Pickup,Yes,Yes,38,PayPal,Fortnightly,26,2,-0.6757628644950482,1.7142422628395568
389,22,Male,Handbag,Accessories,82,Washington,M,Orange,Summer,2.7,Yes,Store Pickup,Yes,Yes,10,PayPal,Quarterly,4,3,-1.1023815895461608,-1.0121041315303985
390,27,Male,Boots,Footwear,42,Virginia,L,Purple,Spring,4.2,Yes,Standard,Yes,Yes,28,Bank Transfer,Monthly,12,1,-0.7068342144884521,-0.3440567970712142
391,25,Male,Gloves,Accessories,71,Indiana,M,Indigo,Winter,3.2,Yes,2-Day Shipping,Yes,Yes,19,PayPal,Annually,1,3,-0.9183773339158277,-0.5069440372430817
392,37,Male,Sweater,Clothing,86,Minnesota,L,Gray,Spring,4.8,Yes,Standard,Yes,Yes,25,Cash,Fortnightly,26,2,-1.404356436933399,0.9419416370402965
393,26,Male,T-shirt,Clothing,82,Idaho,XL,Black,Spring,3.3,Yes,Next Day Air,Yes,Yes,38,Credit Card,Annually,1,2,-0.5884938963473195,0.6365525533007529
394,33,Male,Shoes,Footwear,65,Vermont,L,Maroon,Fall,4.2,Yes,Standard,Yes,Yes,6,PayPal,Fortnightly,26,3,-1.3405837418633064,-0.7839958295104987
395,43,Male,Scarf,Accessories,29,North Dakota,M,Beige,Spring,4.8,Yes,Store Pickup,Yes,Yes,7,Debit Card,Bi-Weekly,26,3,-0.7226980690034427,-1.043839048295508
396,37,Male,Sneakers,Footwear,65,Rhode Island,L,Brown,Winter,4.9,Yes,Store Pickup,Yes,Yes,2,PayPal,Annually,1,3,-2.0032474824500905,-0.15616186534898946
397,46,Male,Dress,Clothing,88,South Carolina,S,Black,Fall,3.9,Yes,Standard,Yes,Yes,24,Bank Transfer,Annually,1,2,-0.6771062209961172,0.9452883603627826
398,22,Male,Belt,Accessories,46,Mississippi,M,Indigo,Fall,3.0,Yes,Free Shipping,Yes,Yes,26,Cash,Annually,1,1,-0.288626781702954,-0.9780154179918411
399,20,Male,Boots,Footwear,67,Montana,S,Silver,Winter,4.6,Yes,Free Shipping,Yes,Yes,25,Debit Card,Every 3 Months,4,3,-1.8511416366532598,0.300661523176504
400,60,Male,Scarf,Accessories,35,Idaho,L,Blue,Fall,3.5,Yes,2-Day Shipping,Yes,Yes,10,Debit Card,Monthly,12,1,0.7650780872951628,-0.9735468705599801
401,39,Male,Boots,Footwear,66,Utah,M,Green,Winter,4.8,Yes,Free Shipping,Yes,Yes,14,PayPal,Fortnightly,26,3,-1.3029543650498459,0.044351120408278696
402,43,Male,T-shirt,Clothing,91,Oklahoma,L,Orange,Fall,4.8,Yes,Standard,Yes,Yes,21,Cash,Quarterly,4,2,-1.5459087879892723,1.2964798611210222
403,31,Male,Backpack,Accessories,78,California,L,Cyan,Fall,3.0,Yes,Express,Yes,Yes,26,PayPal,Monthly,12,2,-0.3465929777686851,-0.17088366510498032
404,19,Male,Sneakers,Footwear,45,Nevada,M,Orange,Winter,4.5,Yes,Next Day Air,Yes,Yes,12,Bank Transfer,Annually,1,3,-1.8544708086065658,-0.8106561119201249
405,35,Male,T-shirt,Clothing,93,Delaware,M,Indigo,Spring,4.8,Yes,Store Pickup,Yes,Yes,11,Credit Card,Monthly,12,3,-2.1262067612525994,0.6497146897087351
406,41,Male,Jeans,Clothing,74,South Carolina,S,Silver,Summer,3.8,Yes,Standard,Yes,Yes,15,Cash,Annually,1,3,-0.839114288001053,0.07054698415145265
407,52,Male,Gloves,Accessories,55,Maryland,M,Peach,Spring,4.6,Yes,Express,Yes,Yes,13,Cash,Monthly,12,3,-0.5904784341403255,0.08020372975939863
408,45,Male,Hoodie,Clothing,76,North Carolina,XL,Teal,Spring,3.1,Yes,Next Day Air,Yes,Yes,5,Credit Card,Bi-Weekly,26,3,-0.27506933334394534,-0.9350634338330679
409,34,Male,Sneakers,Footwear,66,Alabama,L,White,Spring,3.4,Yes,Express,Yes,Yes,36,Cash,Fortnightly,26,2,0.10349330847532746,0.08055684177552457
410,35,Male,Shorts,Clothing,51,Minnesota,M,Brown,Winter,3.3,Yes,2-Day Shipping,Yes,Yes,32,Bank Transfer,Monthly,12,1,0.22643166722509067,-0.30166098707761646
411,29,Male,Sweater,Clothing,26,Virginia,L,Lavender,Spring,4.8,Yes,2-Day Shipping,Yes,Yes,1,Credit Card,Quarterly,4,3,-1.6216491773043094,-1.3846407903825504
412,59,Male,Jeans,Clothing,29,Michigan,M,Indigo,Summer,2.8,Yes,Express,Yes,Yes,15,PayPal,Annually,1,1,1.3619678602650194,-1.180523827157961
413,24,Male,Jacket,Outerwear,74,Maine,M,Yellow,Summer,3.1,Yes,Store Pickup,Yes,Yes,3,Bank Transfer,Weekly,52,0,-0.9434197034039802,-1.839719889722999
414,70,Male,Jewelry,Accessories,99,Nevada,S,White,Summer,4.6,Yes,Free Shipping,Yes,Yes,48,Cash,Monthly,12,2,0.42693153090100333,2.98457789789993
415,29,Male,Backpack,Accessories,88,Wyoming,L,Violet,Winter,2.6,Yes,Store Pickup,Yes,Yes,30,Debit Card,Weekly,52,0,0.15468844264848527,-0.5409069231742518
416,67,Male,Coat,Outerwear,31,Connecticut,M,Lavender,Winter,2.6,Yes,Express,Yes,Yes,40,Bank Transfer,Monthly,12,1,2.612473949222441,-0.1574792335593701
417,36,Male,Belt,Accessories,55,Oregon,L,Olive,Spring,3.8,Yes,Free Shipping,Yes,Yes,24,Bank Transfer,Fortnightly,26,3,-0.25503221729806974,-0.4203603851709175
418,23,Male,Sandals,Footwear,81,Mississippi,L,Beige,Fall,4.5,Yes,Free Shipping,Yes,Yes,48,Debit Card,Quarterly,4,2,-1.232582860546856,1.6138351327614082
419,18,Male,Sweater,Clothing,73,Illinois,L,Purple,Spring,3.0,Yes,Standard,Yes,Yes,27,Venmo,Bi-Weekly,26,3,-0.6528171415556676,-0.6984298639885806
420,53,Male,Shorts,Clothing,91,Utah,S,Teal,Winter,3.8,Yes,Free Shipping,Yes,Yes,14,Credit Card,Every 3 Months,4,3,-0.6228977953365286,0.6450893306125026
421,32,Male,Socks,Clothing,54,North Carolina,S,Peach,Spring,3.8,Yes,Free Shipping,Yes,Yes,18,Debit Card,Bi-Weekly,26,3,-0.5759235701181639,-0.7826663887205765
422,38,Male,Shirt,Clothing,40,Kentucky,M,Violet,Winter,3.5,Yes,Standard,Yes,Yes,48,Cash,Bi-Weekly,26,1,0.9719837950197383,0.11480255715550865
423,47,Male,Pants,Clothing,59,Minnesota,M,Purple,Fall,3.1,Yes,Store Pickup,Yes,Yes,32,Debit Card,Annually,1,1,0.6375028035088743,0.1670755782793254
424,46,Male,Scarf,Accessories,26,New York,L,Teal,Spring,3.0,Yes,Store Pickup,Yes,Yes,21,Credit Card,Bi-Weekly,26,1,1.12117324594648,-1.4754219271963234
425,66,Male,Sweater,Clothing,23,Illinois,M,Gold,Winter,4.3,Yes,Standard,Yes,Yes,42,PayPal,Fortnightly,26,1,1.684262730515478,0.4999462725793312
426,40,Male,Jeans,Clothing,87,North Dakota,S,Teal,Winter,3.3,Yes,Store Pickup,Yes,Yes,4,Credit Card,Quarterly,4,3,-1.0299090466441252,-0.42995912844741474
427,43,Male,Pants,Clothing,71,Louisiana,M,Violet,Winter,4.7,Yes,Express,Yes,Yes,19,Credit Card,Quarterly,4,3,-1.2009266477354963,0.6818438670943686
428,58,Male,Backpack,Accessories,91,Illinois,L,Black,Winter,4.5,Yes,Store Pickup,Yes,Yes,6,Credit Card,Quarterly,4,3,-1.1365675730878808,0.8068369046470009
429,21,Male,Coat,Outerwear,64,Wyoming,XL,Gold,Winter,2.9,Yes,Free Shipping,Yes,Yes,2,Debit Card,Fortnightly,26,3,-1.0201005097758933,-1.9647492846811199
430,42,Male,Sandals,Footwear,94,Washington,M,Gold,Winter,4.1,Yes,2-Day Shipping,Yes,Yes,21,Cash,Fortnightly,26,2,-0.9484580988719811,0.6713331779224418
431,24,Male,Shirt,Clothing,40,Texas,M,Brown,Summer,3.5,Yes,Store Pickup,Yes,Yes,40,Debit Card,Annually,1,1,-0.06017414507213168,-0.20169491097015596
432,43,Male,Hat,Accessories,76,New Hampshire,L,Cyan,Winter,3.4,Yes,Store Pickup,Yes,Yes,33,Cash,Fortnightly,26,2,0.2272304094560963,0.37956293708294964
433,47,Male,Shirt,Clothing,86,Indiana,S,Indigo,Fall,3.3,Yes,Free Shipping,Yes,Yes,26,Venmo,Weekly,52,0,0.3295018348573632,0.016896378451396726
434,49,Male,Skirt,Clothing,92,Alabama,M,Orange,Fall,3.2,Yes,Store Pickup,Yes,Yes,23,Credit Card,Fortnightly,26,2,0.06844727433169395,0.3475449227690436
435,50,Male,Shoes,Footwear,52,Oklahoma,L,Pink,Spring,4.0,Yes,Store Pickup,Yes,Yes,39,PayPal,Every 3 Months,4,1,0.4690407047074147,0.8319684739563418
436,51,Male,Coat,Outerwear,28,Montana,XL,Olive,Winter,3.6,Yes,Next Day Air,Yes,Yes,42,Bank Transfer,Monthly,12,1,1.3468851263173476,0.08455175552172065
437,40,Male,Pants,Clothing,46,Tennessee,L,Cyan,Summer,4.6,Yes,Free Shipping,Yes,Yes,41,Bank Transfer,Weekly,52,0,0.21019793673225648,0.2935920654506029
438,45,Male,Jewelry,Accessories,50,New Mexico,M,Peach,Summer,2.6,Yes,Next Day Air,Yes,Yes,41,PayPal,Annually,1,1,1.3125334890910532,0.010957255009793124
439,52,Male,Belt,Accessories,23,Iowa,M,Turquoise,Winter,4.3,Yes,Express,Yes,Yes,12,Credit Card,Fortnightly,26,1,0.24686385817863377,-1.0668903035411752
440,62,Male,Jacket,Outerwear,50,Idaho,M,Turquoise,Summer,3.4,Yes,Free Shipping,Yes,Yes,31,Cash,Monthly,12,1,1.2684661373092028,0.2574327607597002
441,20,Male,Shirt,Clothing,89,Oklahoma,XL,Maroon,Winter,3.5,Yes,Store Pickup,Yes,Yes,34,Debit Card,Fortnightly,26,2,-0.9881887669410538,0.3017422423244451
442,43,Male,Hoodie,Clothing,81,Florida,M,Maroon,Winter,4.2,Yes,Standard,Yes,Yes,32,Credit Card,Annually,1,2,-0.670022707243348,1.2252020170179614
443,29,Male,Sunglasses,Accessories,69,Michigan,M,Olive,Fall,3.8,Yes,Store Pickup,Yes,Yes,31,Credit Card,Quarterly,4,2,-0.7738856585623749,0.3397763381728309
444,22,Male,Sunglasses,Accessories,67,Hawaii,M,Magenta,Summer,3.6,Yes,Free Shipping,Yes,Yes,24,PayPal,Annually,1,3,-1.1170130543999375,-0.2267114572570294
445,48,Male,Dress,Clothing,20,California,M,Red,Summer,4.3,Yes,Store Pickup,Yes,Yes,31,Debit Card,Annually,1,1,0.44977941520224796,-0.09899021167499354
446,42,Male,Boots,Footwear,29,Iowa,M,Olive,Fall,4.9,Yes,Standard,Yes,Yes,18,Venmo,Annually,1,1,-0.7429389072301817,-0.22443569466486224
447,19,Male,Shirt,Clothing,74,West Virginia,M,Silver,Summer,4.1,Yes,Store Pickup,Yes,Yes,15,Venmo,Monthly,12,3,-1.8698037785511064,-0.3629498510398883
448,60,Male,Shorts,Clothing,82,Washington,S,Turquoise,Spring,3.6,Yes,Standard,Yes,Yes,7,Bank Transfer,Every 3 Months,4,3,-0.24041278875857744,0.16968467698959477
449,32,Male,Gloves,Accessories,23,Missouri,M,Yellow,Summer,3.4,Yes,Next Day Air,Yes,Yes,35,Bank Transfer,Fortnightly,26,1,0.7041211135599474,-1.02159527199361
450,26,Male,Jewelry,Accessories,45,New York,L,Peach,Summer,2.9,Yes,2-Day Shipping,Yes,Yes,35,Bank Transfer,Monthly,12,1,0.31876744774190535,-0.7320840008046838
451,25,Male,Boots,Footwear,21,Connecticut,L,Beige,Summer,2.7,Yes,Store Pickup,Yes,Yes,19,Credit Card,Monthly,12,1,0.36027842572902435,-2.112557920414203
452,66,Male,Jewelry,Accessories,31,Virginia,M,Pink,Summer,4.3,Yes,Express,Yes,Yes,26,Credit Card,Fortnightly,26,1,1.0960908983405637,0.010880098138053863
453,45,Male,Pants,Clothing,45,Missouri,M,Violet,Summer,3.8,Yes,Express,Yes,Yes,39,PayPal,Fortnightly,26,1,0.7126408943301004,0.16852091007465286
454,54,Male,Jewelry,Accessories,56,Nebraska,XL,Peach,Winter,2.8,Yes,Next Day Air,Yes,Yes,22,Credit Card,Weekly,52,0,1.3570928790584809,-0.9978524691818277
455,37,Male,Jacket,Outerwear,97,New Jersey,S,Gold,Summer,3.2,Yes,Next Day Air,Yes,Yes,14,Cash,Bi-Weekly,26,3,-0.7704741051786339,-0.1684503575882017
456,54,Male,Blouse,Clothing,100,Utah,XL,Gold,Fall,3.6,Yes,Store Pickup,Yes,Yes,50,Debit Card,Fortnightly,26,2,0.6306888826189727,2.013043477482429
457,50,Male,Blouse,Clothing,96,North Carolina,S,Indigo,Fall,4.0,Yes,2-Day Shipping,Yes,Yes,33,Credit Card,Quarterly,4,2,-0.4307919757650435,1.6188681220535868
458,25,Male,Gloves,Accessories,99,Rhode Island,M,Blue,Spring,4.9,Yes,Next Day Air,Yes,Yes,48,Debit Card,Every 3 Months,4,2,-1.7298426468046844,2.3080219567177624
459,47,Male,Shorts,Clothing,91,Arkansas,L,Black,Winter,4.0,Yes,2-Day Shipping,Yes,Yes,48,PayPal,Monthly,12,2,0.025053424372123045,1.9717345036602614
460,63,Male,Hat,Accessories,30,Maryland,L,Black,Winter,3.8,Yes,Standard,Yes,Yes,27,PayPal,Fortnightly,26,1,1.3691163482372861,-0.3161686565182569
461,64,Male,Shoes,Footwear,65,South Carolina,L,Teal,Summer,3.8,Yes,Store Pickup,Yes,Yes,27,Bank Transfer,Weekly,52,0,1.0610052037388764,0.20294564331065953
462,18,Male,Boots,Footwear,93,Ohio,M,Yellow,Winter,3.9,Yes,Express,Yes,Yes,20,Venmo,Weekly,52,0,-1.588675270817855,-0.34348014094166257
463,59,Male,Jacket,Outerwear,81,Illinois,M,White,Fall,3.3,Yes,Express,Yes,Yes,48,Venmo,Every 3 Months,4,2,1.113818896066395,1.6937797231830103
464,37,Male,Jewelry,Accessories,81,Georgia,S,Orange,Summer,2.7,Yes,Standard,Yes,Yes,29,Venmo,Weekly,52,0,0.5047923271843441,-0.5239616415190366
465,23,Male,Sunglasses,Accessories,52,Alabama,M,Silver,Winter,4.7,Yes,Next Day Air,Yes,Yes,45,PayPal,Monthly,12,2,-0.9079264090556424,0.8117515889337454
466,54,Male,Skirt,Clothing,88,Oklahoma,M,Pink,Summer,2.8,Yes,Next Day Air,Yes,Yes,25,Cash,Quarterly,4,2,0.48755817608724455,0.49634693165073135
467,38,Male,Jeans,Clothing,24,Vermont,L,Turquoise,Winter,4.6,Yes,Free Shipping,Yes,Yes,25,PayPal,Weekly,52,0,0.035753154372584806,-0.9475707391152347
468,19,Male,Backpack,Accessories,51,Nebraska,S,Orange,Spring,4.5,Yes,2-Day Shipping,Yes,Yes,37,Debit Card,Every 3 Months,4,1,-1.2154010897675558,0.353221971634196
469,34,Male,Backpack,Accessories,38,Georgia,S,Peach,Fall,5.0,Yes,Free Shipping,Yes,Yes,16,Cash,Quarterly,4,3,-1.326229929871926,-0.2463136880038688
470,21,Male,Shorts,Clothing,46,Alabama,L,Pink,Fall,4.1,Yes,2-Day Shipping,Yes,Yes,30,Debit Card,Bi-Weekly,26,1,-0.7715585930175414,-0.5253059995621091
471,50,Male,Dress,Clothing,63,Minnesota,L,Teal,Summer,4.6,Yes,Express,Yes,Yes,6,Cash,Every 3 Months,4,3,-1.0764567804656586,0.03222778708741057
472,55,Male,Scarf,Accessories,72,Missouri,XL,White,Winter,4.9,Yes,2-Day Shipping,Yes,Yes,36,Bank Transfer,Quarterly,4,2,-0.3747660104690004,1.7920707807638467
473,20,Male,Jeans,Clothing,39,Georgia,L,Gray,Winter,3.9,Yes,Free Shipping,Yes,Yes,3,Bank Transfer,Quarterly,4,3,-1.519644529206757,-1.690412740294756
474,34,Male,Coat,Outerwear,42,West Virginia,L,Olive,Spring,3.9,Yes,Store Pickup,Yes,Yes,29,PayPal,Every 3 Months,4,1,-0.24585613304551604,-0.22217686721108745
475,62,Male,Sweater,Clothing,76,Arkansas,XL,Maroon,Summer,2.6,Yes,2-Day Shipping,Yes,Yes,15,Cash,Quarterly,4,3,0.8759640427963361,-0.15619320580051713
476,21,Male,Sneakers,Footwear,66,Ohio,L,Magenta,Summer,2.7,Yes,Free Shipping,Yes,Yes,18,Debit Card,Annually,1,3,-0.6776850194520957,-1.0345159730320213
477,21,Male,Scarf,Accessories,90,Connecticut,M,Magenta,Spring,3.5,Yes,Free Shipping,Yes,Yes,2,Debit Card,Fortnightly,26,3,-1.874370412242261,-1.010317008700262
478,42,Male,Sweater,Clothing,56,North Dakota,M,Green,Summer,3.7,Yes,Free Shipping,Yes,Yes,49,Debit Card,Weekly,52,0,0.9909087396709026,0.40288770201458013
479,35,Male,Jewelry,Accessories,43,Kansas,XL,Turquoise,Winter,3.2,Yes,Free Shipping,Yes,Yes,48,Venmo,Annually,1,1,0.787838077386515,0.2706066207903787
480,39,Male,Handbag,Accessories,84,Iowa,L,Yellow,Winter,3.3,Yes,Store Pickup,Yes,Yes,43,Venmo,Monthly,12,2,0.15954734205016635,1.029949695770039
481,68,Male,Hoodie,Clothing,88,Vermont,M,Gray,Summer,4.8,Yes,Standard,Yes,Yes,30,Debit Card,Bi-Weekly,26,2,-0.003979911786671794,1.8541529993958428
482,46,Male,Hat,Accessories,88,Wisconsin,L,Peach,Fall,3.2,Yes,2-Day Shipping,Yes,Yes,10,PayPal,Fortnightly,26,3,-0.36043114013723926,-0.3614947893662374
483,41,Male,Belt,Accessories,42,Connecticut,M,Yellow,Winter,2.5,Yes,2-Day Shipping,Yes,Yes,11,Venmo,Annually,1,3,0.4947529710204783,-1.5911190512763143
484,23,Male,Hoodie,Clothing,73,Oklahoma,M,White,Fall,3.9,Yes,Store Pickup,Yes,Yes,12,Debit Card,Weekly,52,0,-1.2768945163878176,-1.0506898696255274
485,68,Male,Hat,Accessories,73,Missouri,L,Lavender,Summer,4.7,Yes,Free Shipping,Yes,Yes,28,Bank Transfer,Quarterly,4,2,0.06346231676820929,1.6372892154468128
486,48,Male,Shoes,Footwear,44,Tennessee,S,Blue,Spring,2.6,Yes,Next Day Air,Yes,Yes,36,Debit Card,Fortnightly,26,1,1.6157540744137386,-0.5974023218272969
487,38,Male,Sandals,Footwear,63,New Mexico,M,Charcoal,Fall,2.8,Yes,Store Pickup,Yes,Yes,37,Venmo,Every 3 Months,4,1,0.5770819415960495,0.076524288224526
488,41,Male,Jacket,Outerwear,68,Iowa,L,Red,Winter,4.4,Yes,Store Pickup,Yes,Yes,22,Credit Card,Quarterly,4,3,-0.9373344306270761,0.5263633904865838
489,58,Male,Sweater,Clothing,29,Maine,L,Olive,Spring,4.6,Yes,Standard,Yes,Yes,32,Venmo,Weekly,52,0,0.9852393682381763,-0.11123051372130789
490,49,Male,Socks,Clothing,85,South Dakota,M,Green,Summer,3.2,Yes,Standard,Yes,Yes,40,PayPal,Annually,1,2,0.447275931274818,1.220225365802916
491,57,Male,Sneakers,Footwear,42,Colorado,M,Silver,Winter,4.2,Yes,2-Day Shipping,Yes,Yes,47,Cash,Monthly,12,1,1.0837058260814512,1.0933559643277913
492,49,Male,Coat,Outerwear,69,Vermont,M,Silver,Summer,3.8,Yes,2-Day Shipping,Yes,Yes,24,Credit Card,Bi-Weekly,26,2,0.05446274077218476,0.18475056683864877
493,50,Male,Shirt,Clothing,62,Michigan,M,Black,Fall,3.9,Yes,Standard,Yes,Yes,11,Debit Card,Weekly,52,0,0.0014008735213123513,-0.7847745977014132
494,28,Male,Backpack,Accessories,48,Nevada,XL,Red,Summer,4.7,Yes,Store Pickup,Yes,Yes,19,Cash,Bi-Weekly,26,3,-1.249910115720357,-0.4578240702068734
495,38,Male,Boots,Footwear,68,Indiana,M,Indigo,Winter,4.5,Yes,Express,Yes,Yes,42,Debit Card,Weekly,52,0,-0.13852323735872324,0.7579986311579874
496,33,Male,Handbag,Accessories,36,Michigan,XL,Cyan,Fall,3.3,Yes,Free Shipping,Yes,Yes,6,Debit Card,Fortnightly,26,3,-0.2248540694825022,-1.9789858377469751
497,30,Male,Dress,Clothing,63,California,S,Maroon,Fall,3.3,Yes,Express,Yes,Yes,31,Venmo,Fortnightly,26,2,-0.08520028912975183,-0.34320135691016795
498,43,Male,Sneakers,Footwear,39,Oklahoma,S,Silver,Winter,4.6,Yes,Free Shipping,Yes,Yes,31,Cash,Weekly,52,0,0.1663485004169325,-0.2328822610767766
499,43,Male,Boots,Footwear,78,Iowa,M,Lavender,Spring,3.6,Yes,Free Shipping,Yes,Yes,27,Bank Transfer,Monthly,12,2,-0.24183946351531316,0.46336478967545713
500,36,Male,Shoes,Footwear,99,Rhode Island,L,Silver,Winter,4.8,Yes,Express,Yes,Yes,24,PayPal,Monthly,12,2,-1.8137618771884156,1.3639646700708505
501,36,Male,T-shirt,Clothing,31,Washington,L,Purple,Fall,4.8,Yes,Next Day Air,Yes,Yes,35,Venmo,Every 3 Months,4,1,-0.4447247033403606,0.3226982681421956
502,64,Male,Boots,Footwear,45,Florida,M,Cyan,Spring,2.9,Yes,Next Day Air,Yes,Yes,21,Venmo,Annually,1,1,1.4054099496712216,-0.38564943836763016
503,59,Male,Pants,Clothing,30,South Carolina,S,Cyan,Fall,2.8,Yes,Express,Yes,Yes,8,PayPal,Fortnightly,26,1,1.3673141165630915,-1.7712037517395163
504,55,Male,Shoes,Footwear,24,West Virginia,M,Lavender,Summer,3.2,Yes,Next Day Air,Yes,Yes,26,Bank Transfer,Quarterly,4,1,1.3356626100176419,-0.7287263216891066
505,42,Male,Shoes,Footwear,22,Missouri,M,Maroon,Winter,3.9,Yes,Free Shipping,Yes,Yes,26,PayPal,Annually,1,1,0.3067069483156064,-0.6161008309485835
506,61,Male,T-shirt,Clothing,63,Maine,L,Gray,Spring,4.3,Yes,Express,Yes,Yes,9,Cash,Bi-Weekly,26,3,-0.1264245847968403,-0.05790899102931798
507,28,Male,Scarf,Accessories,40,Georgia,M,Olive,Fall,2.7,Yes,2-Day Shipping,Yes,Yes,48,Debit Card,Annually,1,1,0.898924594819992,-0.23041619704247018
508,65,Male,Shorts,Clothing,20,Maine,M,Magenta,Spring,5.0,Yes,Store Pickup,Yes,Yes,33,Debit Card,Fortnightly,26,1,0.9419230442917549,0.42193252994368224
509,27,Male,Jewelry,Accessories,20,Illinois,S,Yellow,Winter,3.7,Yes,Store Pickup,Yes,Yes,31,PayPal,Quarterly,4,1,0.025209974264758846,-0.9184913330262607
510,41,Male,T-shirt,Clothing,80,Delaware,L,Cyan,Summer,3.9,Yes,Free Shipping,Yes,Yes,17,Debit Card,Weekly,52,0,-0.5007957938169656,-0.293938488383407
511,21,Male,Shirt,Clothing,87,West Virginia,M,Teal,Fall,3.9,Yes,2-Day Shipping,Yes,Yes,22,Venmo,Annually,1,3,-1.7587238405167342,0.3103057459090622
512,61,Male,Shirt,Clothing,46,Hawaii,L,Yellow,Fall,3.1,Yes,Free Shipping,Yes,Yes,8,PayPal,Annually,1,3,0.7525224675303731,-0.8633198072787226
513,19,Male,Gloves,Accessories,49,New York,L,Peach,Winter,3.8,Yes,Next Day Air,Yes,Yes,2,Bank Transfer,Monthly,12,3,-1.6140593555203575,-1.6753503063732549
514,22,Male,Scarf,Accessories,65,New Mexico,M,Peach,Fall,3.6,Yes,Store Pickup,Yes,Yes,45,Venmo,Annually,1,2,-0.4858614287912978,0.6163475415717365
515,64,Male,Skirt,Clothing,62,Indiana,S,Olive,Winter,4.3,Yes,Standard,Yes,Yes,47,PayPal,Quarterly,4,2,0.9025136104168151,1.8722334301817856
516,28,Male,Hat,Accessories,67,Kentucky,L,Charcoal,Spring,4.5,Yes,Next Day Air,Yes,Yes,7,Cash,Monthly,12,3,-1.8891467255785233,-0.45218054571467675
517,34,Male,Hoodie,Clothing,41,West Virginia,L,Indigo,Fall,2.8,Yes,2-Day Shipping,Yes,Yes,19,Debit Card,Bi-Weekly,26,1,0.4570870252449093,-1.5710020488502985
518,61,Male,Boots,Footwear,49,North Dakota,L,Silver,Fall,2.7,Yes,Free Shipping,Yes,Yes,44,Cash,Every 3 Months,4,1,2.036884479685032,0.4698755919241127
519,24,Male,Blouse,Clothing,100,Oregon,M,Beige,Fall,2.9,Yes,Next Day Air,Yes,Yes,16,Venmo,Every 3 Months,4,3,-1.287608016121479,-0.17656011079490577
520,19,Male,Belt,Accessories,54,Minnesota,L,Blue,Summer,4.4,Yes,2-Day Shipping,Yes,Yes,17,Bank Transfer,Quarterly,4,3,-1.7640575145568052,-0.48029170061015986
521,51,Male,Sunglasses,Accessories,84,South Carolina,M,White,Spring,3.9,Yes,Free Shipping,Yes,Yes,20,Debit Card,Quarterly,4,2,-0.4899475183907075,0.7482244409923211
522,36,Male,Shorts,Clothing,41,Vermont,L,Gold,Winter,3.5,Yes,Standard,Yes,Yes,50,Bank Transfer,Annually,1,1,0.7078191060919424,0.4986949690172961
523,65,Male,Gloves,Accessories,88,Minnesota,M,Blue,Spring,2.5,Yes,Store Pickup,Yes,Yes,37,Cash,Quarterly,4,2,1.4991808747214947,1.0672491664481043
524,46,Male,Sandals,Footwear,40,Delaware,M,Orange,Spring,4.9,Yes,Express,Yes,Yes,5,PayPal,Quarterly,4,3,-1.1022350476783465,-0.46916871759705486
525,59,Male,Shirt,Clothing,39,Pennsylvania,M,Gold,Summer,4.8,Yes,Free Shipping,Yes,Yes,44,PayPal,Annually,1,1,0.6104103417257073,1.4161231116349733
526,51,Male,Coat,Outerwear,37,Iowa,M,Cyan,Spring,3.2,Yes,Next Day Air,Yes,Yes,41,Debit Card,Monthly,12,1,1.4516434367105622,0.029064483780163446
527,51,Male,Pants,Clothing,52,New Jersey,S,Red,Winter,4.9,Yes,Standard,Yes,Yes,19,Cash,Monthly,12,3,-0.6233204596640451,0.41210304924998914
528,21,Male,T-shirt,Clothing,23,South Carolina,L,Yellow,Winter,4.3,Yes,Next Day Air,Yes,Yes,47,Bank Transfer,Every 3 Months,4,1,-0.24227080647157329,0.04365527003327434
529,34,Male,Sneakers,Footwear,88,Maryland,S,Beige,Winter,3.2,Yes,Express,Yes,Yes,40,Cash,Annually,1,2,-0.22716532917830773,0.9753122906224002
530,32,Male,Shorts,Clothing,84,California,M,Orange,Fall,3.7,Yes,Standard,Yes,Yes,6,Credit Card,Monthly,12,3,-1.4679886179332235,-0.46017854774169603
531,48,Male,Coat,Outerwear,37,Montana,XL,Magenta,Winter,3.2,Yes,Store Pickup,Yes,Yes,25,Credit Card,Bi-Weekly,26,1,0.9949654854042956,-0.8903379028538387
532,50,Male,Sandals,Footwear,51,Vermont,L,Purple,Fall,3.4,Yes,Next Day Air,Yes,Yes,42,Cash,Weekly,52,0,1.419358659298126,-0.013312953032731462
533,26,Male,Pants,Clothing,76,Texas,L,Black,Winter,4.1,Yes,Express,Yes,Yes,35,Bank Transfer,Every 3 Months,4,2,-1.112655320435831,0.7814135380994629
534,57,Male,Sandals,Footwear,60,North Carolina,L,Pink,Spring,4.5,Yes,Next Day Air,Yes,Yes,17,Debit Card,Weekly,52,0,0.07342809091090727,-0.09116357542165578
535,65,Male,Gloves,Accessories,72,Florida,L,Pink,Fall,4.5,Yes,Next Day Air,Yes,Yes,4,PayPal,Quarterly,4,3,-0.5871939599787492,0.4198117665926672
536,56,Male,T-shirt,Clothing,45,West Virginia,L,Maroon,Spring,3.2,Yes,Free Shipping,Yes,Yes,24,Bank Transfer,Weekly,52,0,1.3972450795150102,-0.9051759094777843
537,44,Male,Jacket,Outerwear,84,Illinois,S,Maroon,Fall,4.4,Yes,Store Pickup,Yes,Yes,16,Debit Card,Every 3 Months,4,3,-1.2483288621955406,0.7138016219065505
538,50,Male,Blouse,Clothing,49,Virginia,S,Turquoise,Summer,3.0,Yes,Store Pickup,Yes,Yes,14,Debit Card,Annually,1,3,0.4861258165354869,-0.8261127896614521
539,27,Male,Socks,Clothing,22,Virginia,XL,Green,Spring,3.2,Yes,Free Shipping,Yes,Yes,43,Cash,Weekly,52,0,1.111532459958528,-1.254659162412616
540,49,Male,Coat,Outerwear,48,Wyoming,M,Violet,Winter,4.0,Yes,Store Pickup,Yes,Yes,49,Debit Card,Weekly,52,0,1.2032363987005896,0.5305461331823539
541,49,Male,Dress,Clothing,37,South Carolina,M,Lavender,Spring,3.1,Yes,Next Day Air,Yes,Yes,33,Cash,Every 3 Months,4,1,1.1403139935015032,-0.30715780984738517
542,52,Male,Jacket,Outerwear,27,Connecticut,L,Gray,Fall,2.8,Yes,Next Day Air,Yes,Yes,45,Cash,Bi-Weekly,26,1,2.1791202179300218,-0.42084263967555274
543,27,Male,Boots,Footwear,79,Illinois,XL,Teal,Spring,4.6,Yes,Next Day Air,Yes,Yes,35,Cash,Bi-Weekly,26,2,-1.2789349992527874,0.8766291099617101
544,53,Male,Skirt,Clothing,98,Alabama,S,Red,Spring,4.3,Yes,Express,Yes,Yes,11,Credit Card,Monthly,12,3,-1.1064292121116182,0.8645362579653333
545,34,Male,Sandals,Footwear,64,Washington,S,Yellow,Summer,3.3,Yes,Standard,Yes,Yes,30,Bank Transfer,Every 3 Months,4,2,-0.1583501204641422,0.001750760524466754
546,33,Male,Coat,Outerwear,32,Alabama,L,Magenta,Summer,3.5,Yes,2-Day Shipping,Yes,Yes,48,Debit Card,Annually,1,1,0.6750250671773255,0.13772117209713378
547,62,Male,Hoodie,Clothing,74,New Mexico,M,Brown,Winter,3.4,Yes,Free Shipping,Yes,Yes,45,Venmo,Bi-Weekly,26,2,1.393424905399285,1.241179352949047
548,38,Male,Jacket,Outerwear,50,Nevada,M,Blue,Winter,2.8,Yes,Free Shipping,Yes,Yes,26,Venmo,Weekly,52,0,0.904017956501707,-1.3072205912264556
549,36,Male,Backpack,Accessories,64,Nebraska,M,Black,Winter,4.6,Yes,Store Pickup,Yes,Yes,41,Debit Card,Every 3 Months,4,2,-0.6794194420097178,1.24502820384621
550,31,Male,Backpack,Accessories,29,Arizona,S,Olive,Fall,3.6,Yes,Express,Yes,Yes,37,Venmo,Bi-Weekly,26,1,0.4788492415756468,-0.7028216822773632
551,62,Male,Belt,Accessories,62,Georgia,M,Olive,Summer,3.3,Yes,Store Pickup,Yes,Yes,12,PayPal,Weekly,52,0,0.9531832498499322,-0.8287669850616753
552,29,Male,Coat,Outerwear,78,Idaho,XL,Green,Fall,3.1,Yes,2-Day Shipping,Yes,Yes,27,Cash,Bi-Weekly,26,2,-0.34809875294581133,-0.29191281988208045
553,24,Male,T-shirt,Clothing,94,Missouri,M,Peach,Fall,3.5,Yes,Express,Yes,Yes,18,Bank Transfer,Weekly,52,0,-1.1299583133916367,-0.5043294547000051
554,63,Male,Sunglasses,Accessories,59,Florida,M,White,Winter,3.2,Yes,Express,Yes,Yes,15,Credit Card,Quarterly,4,3,0.775746667071083,-0.19833136801928167
555,56,Male,Sneakers,Footwear,47,Minnesota,M,Red,Summer,3.0,Yes,Express,Yes,Yes,34,Bank Transfer,Weekly,52,0,1.7900513247137497,-0.5468888067944015
556,63,Male,Gloves,Accessories,57,Maine,M,White,Fall,4.8,Yes,Express,Yes,Yes,37,Venmo,Annually,1,2,0.2794531405189983,1.6295541744726458
557,40,Male,Coat,Outerwear,90,Montana,L,Indigo,Winter,5.0,Yes,Store Pickup,Yes,Yes,21,Cash,Fortnightly,26,2,-1.6007581670419182,1.0432290343139143
558,18,Male,Shirt,Clothing,60,Alaska,M,White,Spring,2.9,Yes,Free Shipping,Yes,Yes,31,Debit Card,Weekly,52,0,-0.022843002508338983,-1.22325846356793
559,50,Male,Sneakers,Footwear,77,Iowa,L,Teal,Fall,3.2,Yes,Express,Yes,Yes,43,Debit Card,Every 3 Months,4,2,0.7334465812406898,1.1410521516235173
560,66,Male,Scarf,Accessories,41,Arizona,M,Indigo,Fall,2.9,Yes,Store Pickup,Yes,Yes,22,Bank Transfer,Monthly,12,1,1.680806657304476,-0.5355133351572153
561,25,Male,Jewelry,Accessories,48,Louisiana,L,Red,Fall,3.8,Yes,Free Shipping,Yes,Yes,12,Debit Card,Annually,1,3,-1.160177711035295,-1.0089348426880393
562,65,Male,Jacket,Outerwear,65,Alabama,M,Blue,Fall,2.6,Yes,Next Day Air,Yes,Yes,25,PayPal,Fortnightly,26,1,1.6626266089479276,-0.2087827780456316
563,53,Male,Jeans,Clothing,62,Missouri,M,Blue,Summer,3.5,Yes,Standard,Yes,Yes,40,Debit Card,Annually,1,2,0.7831686210711263,0.9297140689882818
564,61,Male,Shoes,Footwear,99,Idaho,M,Black,Fall,4.4,Yes,Standard,Yes,Yes,16,Debit Card,Quarterly,4,2,-0.7888044339751606,1.4268212403298535
565,67,Male,Hoodie,Clothing,58,Florida,M,Olive,Winter,3.4,Yes,Next Day Air,Yes,Yes,30,Bank Transfer,Weekly,52,0,1.6696994672335668,0.0015852665308785203
566,59,Male,Backpack,Accessories,43,Idaho,L,Lavender,Fall,4.2,Yes,Store Pickup,Yes,Yes,10,Venmo,Weekly,52,0,0.45079274569762695,-0.9177185561111235
567,55,Male,Sneakers,Footwear,93,Alabama,M,Indigo,Spring,3.6,Yes,Store Pickup,Yes,Yes,1,Debit Card,Fortnightly,26,3,-0.6070612851921476,-0.20913495334857382
568,21,Male,Blouse,Clothing,50,New Hampshire,S,Red,Winter,3.0,Yes,Next Day Air,Yes,Yes,24,Venmo,Fortnightly,26,3,-0.23224742464603232,-1.306760746366415
569,44,Male,Pants,Clothing,88,Utah,L,Red,Summer,4.0,Yes,Free Shipping,Yes,Yes,36,PayPal,Monthly,12,2,-0.3919155277836902,1.3287601882877818
570,65,Male,Skirt,Clothing,33,Alabama,M,Pink,Fall,4.4,Yes,Express,Yes,Yes,46,Credit Card,Every 3 Months,4,1,1.3255581643604173,1.2211052739999697
571,65,Male,T-shirt,Clothing,99,Iowa,XL,Purple,Fall,4.1,Yes,Standard,Yes,Yes,20,Cash,Annually,1,2,-0.3230926248997582,1.549207945011791
572,54,Male,Jacket,Outerwear,76,Kentucky,XL,Cyan,Spring,3.6,Yes,Free Shipping,Yes,Yes,37,Venmo,Weekly,52,0,0.8882113150457419,0.5636182465547326
573,56,Male,Scarf,Accessories,97,South Carolina,XL,Cyan,Summer,4.6,Yes,Next Day Air,Yes,Yes,26,Bank Transfer,Annually,1,2,-0.8468676221318939,1.8493275937521338
574,58,Male,Pants,Clothing,68,California,M,Charcoal,Summer,3.2,Yes,2-Day Shipping,Yes,Yes,23,Credit Card,Bi-Weekly,26,2,0.8409109331311893,-0.03088889285392678
575,54,Male,Sneakers,Footwear,79,Maine,L,Red,Fall,4.8,Yes,Free Shipping,Yes,Yes,20,Bank Transfer,Bi-Weekly,26,2,-0.7227315120367479,0.922314981900414
576,58,Male,Jeans,Clothing,86,Nebraska,M,Peach,Fall,4.8,Yes,Express,Yes,Yes,38,PayPal,Monthly,12,2,-0.28342297969311486,2.1132380713874883
577,48,Male,Hat,Accessories,68,Washington,M,Black,Winter,5.0,Yes,2-Day Shipping,Yes,Yes,5,Credit Card,Every 3 Months,4,3,-1.55341279973611,0.2921163015589345
578,19,Male,Skirt,Clothing,52,Alabama,M,Black,Fall,3.7,Yes,Store Pickup,Yes,Yes,41,Venmo,Annually,1,1,-0.5799250945746759,0.13243134015740082
579,69,Male,Sandals,Footwear,90,Maine,M,Purple,Fall,4.6,Yes,Next Day Air,Yes,Yes,22,Credit Card,Fortnightly,26,2,-0.08211006752733807,1.4703087971315223
580,58,Male,Sandals,Footwear,41,California,M,Violet,Winter,3.7,Yes,Free Shipping,Yes,Yes,48,Credit Card,Annually,1,1,1.4259771037404136,0.9902715391168453
581,49,Male,Sweater,Clothing,80,Iowa,M,Orange,Spring,4.1,Yes,Free Shipping,Yes,Yes,10,PayPal,Weekly,52,0,-0.5081121573804693,-0.3092095896713551
582,32,Male,Sweater,Clothing,100,Iowa,XL,Charcoal,Winter,2.7,Yes,Store Pickup,Yes,Yes,12,Bank Transfer,Every 3 Months,4,3,-0.9271504843249161,-0.29071282422845884
583,40,Male,Jacket,Outerwear,77,Colorado,L,Turquoise,Spring,4.9,Yes,Store Pickup,Yes,Yes,2,Bank Transfer,Quarterly,4,3,-2.050559642315698,0.1529044762934
584,25,Male,Shorts,Clothing,78,California,L,Yellow,Spring,4.0,Yes,Store Pickup,Yes,Yes,38,PayPal,Monthly,12,2,-0.9606220799144547,0.776747472190397
585,70,Male,Socks,Clothing,94,Indiana,M,White,Spring,4.7,Yes,Free Shipping,Yes,Yes,20,Debit Card,Monthly,12,2,-0.3581720694057475,1.7355811919099462
586,69,Male,Socks,Clothing,23,South Carolina,M,Gray,Fall,2.8,Yes,Next Day Air,Yes,Yes,5,Cash,Every 3 Months,4,1,1.6196459518167103,-1.5740132325109872
587,45,Male,Hoodie,Clothing,20,Wisconsin,S,Blue,Winter,4.9,Yes,2-Day Shipping,Yes,Yes,9,Venmo,Annually,1,3,-0.7251763268367615,-0.7558421461498835
588,29,Male,Socks,Clothing,86,Washington,S,Maroon,Fall,4.2,Yes,Express,Yes,Yes,48,Debit Card,Every 3 Months,4,2,-0.8537677532644175,1.6889683638540225
589,47,Male,Boots,Footwear,60,South Dakota,M,Violet,Fall,3.0,Yes,Standard,Yes,Yes,9,Debit Card,Quarterly,4,3,0.06310079015377973,-0.8790743082995292
590,28,Male,Shirt,Clothing,70,Minnesota,M,Orange,Fall,3.4,Yes,2-Day Shipping,Yes,Yes,40,PayPal,Annually,1,2,-0.3200169622401035,0.5360030618961402
591,64,Male,Belt,Accessories,39,Alaska,S,Turquoise,Fall,4.6,Yes,Standard,Yes,Yes,30,Venmo,Fortnightly,26,1,0.7824029654057328,0.49724384509823094
592,47,Male,Backpack,Accessories,37,Kentucky,L,Olive,Fall,4.2,Yes,Store Pickup,Yes,Yes,6,Debit Card,Bi-Weekly,26,3,-0.2936037751838117,-1.1517894751270736
593,60,Male,Boots,Footwear,29,North Dakota,M,Brown,Fall,3.2,Yes,Free Shipping,Yes,Yes,42,Venmo,Every 3 Months,4,1,1.916702941830685,0.1732993125077446
594,67,Male,Coat,Outerwear,35,Alaska,S,Green,Winter,4.4,Yes,Store Pickup,Yes,Yes,9,PayPal,Every 3 Months,4,3,0.3220733457728614,-0.25822521093779416
595,35,Male,Hoodie,Clothing,83,Oklahoma,S,Brown,Winter,2.5,Yes,Next Day Air,Yes,Yes,6,Debit Card,Monthly,12,3,-0.4794444965146009,-1.0989031110756848
596,30,Male,Shoes,Footwear,77,Delaware,M,Silver,Summer,3.6,Yes,Next Day Air,Yes,Yes,47,PayPal,Quarterly,4,2,-0.2679733924144154,1.1155165278930865
597,23,Male,Shoes,Footwear,37,Montana,XL,White,Summer,4.5,Yes,Store Pickup,Yes,Yes,36,Venmo,Annually,1,1,-0.8718861445896928,0.10184933787597139
598,70,Male,Jewelry,Accessories,69,Alaska,L,Gold,Summer,3.4,Yes,Standard,Yes,Yes,19,Bank Transfer,Fortnightly,26,3,1.0690549810527956,0.18894734083982306
599,21,Male,Dress,Clothing,66,California,L,Green,Winter,3.2,Yes,2-Day Shipping,Yes,Yes,30,Cash,Every 3 Months,4,2,-0.6623396301381225,-0.28122681248779374
600,51,Male,Boots,Footwear,26,Massachusetts,L,Teal,Spring,4.2,Yes,Standard,Yes,Yes,27,Debit Card,Every 3 Months,4,1,0.45855018085418003,-0.15803720840916338
601,22,Male,Hat,Accessories,63,South Carolina,M,Charcoal,Spring,5.0,Yes,2-Day Shipping,Yes,Yes,25,Venmo,Monthly,12,3,-1.913115179995472,0.3725842155307404
602,32,Male,Backpack,Accessories,38,West Virginia,M,Maroon,Summer,4.7,Yes,Store Pickup,Yes,Yes,5,Cash,Fortnightly,26,3,-1.3163156723495357,-1.203833436751914
603,37,Male,Shoes,Footwear,58,Oregon,L,Lavender,Summer,4.2,Yes,Next Day Air,Yes,Yes,10,Cash,Every 3 Months,4,3,-1.1388085259177245,-0.41637265571711063
604,31,Male,Handbag,Accessories,46,Massachusetts,L,Green,Winter,3.4,Yes,2-Day Shipping,Yes,Yes,26,PayPal,Every 3 Months,4,1,-0.1695761955881465,-0.6004946437572743
605,44,Male,Sunglasses,Accessories,92,West Virginia,S,Pink,Fall,4.4,Yes,Store Pickup,Yes,Yes,11,Credit Card,Every 3 Months,4,3,-1.5232539094755126,0.6911305655477971
606,40,Male,Hat,Accessories,32,California,XL,Charcoal,Winter,4.2,Yes,Standard,Yes,Yes,17,Bank Transfer,Weekly,52,0,0.04103861392371094,-1.2813993318353876
607,27,Male,Scarf,Accessories,90,Colorado,M,Blue,Spring,4.5,Yes,Standard,Yes,Yes,44,PayPal,Monthly,12,2,-1.2582006132173362,1.6398566600201783
608,47,Male,Hoodie,Clothing,23,Indiana,L,Purple,Fall,2.8,Yes,Next Day Air,Yes,Yes,44,Cash,Monthly,12,1,1.8847655976348758,-0.48538172223443304
609,41,Male,Backpack,Accessories,25,Delaware,S,Gold,Fall,3.3,Yes,Next Day Air,Yes,Yes,21,Venmo,Every 3 Months,4,1,0.5230349921675215,-1.1553880823247311
610,51,Male,Sweater,Clothing,54,Ohio,L,Purple,Fall,4.6,Yes,Next Day Air,Yes,Yes,49,Credit Card,Fortnightly,26,2,0.5335126099660107,1.384033837316703
611,53,Male,Shorts,Clothing,72,Oklahoma,M,Charcoal,Summer,2.5,Yes,Free Shipping,Yes,Yes,27,Bank Transfer,Every 3 Months,4,2,0.9797003955355422,0.011871677858436114
612,43,Male,Scarf,Accessories,33,California,M,Black,Winter,4.7,Yes,Store Pickup,Yes,Yes,19,Cash,Monthly,12,1,-0.5005601147098839,-0.31907371368344606
613,67,Male,Hat,Accessories,43,New Hampshire,L,Lavender,Fall,4.6,Yes,Express,Yes,Yes,33,Credit Card,Quarterly,4,1,0.7318092543851971,1.0617310025505264
614,61,Male,Coat,Outerwear,51,Pennsylvania,L,Lavender,Fall,2.6,Yes,Standard,Yes,Yes,46,Cash,Bi-Weekly,26,1,2.325991463857064,0.26604330806110565
615,68,Male,Jewelry,Accessories,85,Idaho,M,Lavender,Winter,4.0,Yes,Standard,Yes,Yes,21,Credit Card,Bi-Weekly,26,2,0.3541157266541646,0.9493989105443833
616,67,Male,Sandals,Footwear,100,Maryland,L,Olive,Summer,2.6,Yes,Next Day Air,Yes,Yes,23,Venmo,Annually,1,2,0.8878553700384111,0.8943928143974865
617,29,Male,Gloves,Accessories,72,Pennsylvania,L,Teal,Spring,4.6,Yes,Free Shipping,Yes,Yes,38,Credit Card,Every 3 Months,4,2,-1.1889352578932006,1.1597313146456498
618,50,Male,Backpack,Accessories,57,Colorado,M,Maroon,Fall,2.6,Yes,Standard,Yes,Yes,2,Bank Transfer,Quarterly,4,3,0.3207551766710234,-1.4097668846785896
619,61,Male,Jacket,Outerwear,94,Indiana,L,Cyan,Spring,4.0,Yes,Express,Yes,Yes,21,Debit Card,Bi-Weekly,26,2,-0.08653666602620896,1.0149665304852653
620,19,Male,Backpack,Accessories,34,Nebraska,M,Charcoal,Summer,4.6,Yes,Store Pickup,Yes,Yes,1,Debit Card,Every 3 Months,4,3,-2.0295103160517676,-1.5189612707521247
621,33,Male,Backpack,Accessories,89,Rhode Island,M,Black,Fall,3.7,Yes,2-Day Shipping,Yes,Yes,10,Venmo,Every 3 Months,4,3,-1.4660698837564894,-0.04957477467141129
622,51,Male,Sunglasses,Accessories,27,Kansas,S,Red,Fall,4.4,Yes,Store Pickup,Yes,Yes,45,Credit Card,Weekly,52,0,1.2382018978058982,0.13216695001566434
623,69,Male,Socks,Clothing,63,Georgia,S,Peach,Spring,4.0,Yes,Next Day Air,Yes,Yes,44,Bank Transfer,Fortnightly,26,2,1.4152209228607893,1.425000916742232
624,19,Male,Shoes,Footwear,70,Nevada,M,White,Fall,4.7,Yes,Standard,Yes,Yes,48,PayPal,Bi-Weekly,26,2,-1.1634063053512544,1.1028651937594256
625,55,Male,Pants,Clothing,87,South Carolina,XL,Pink,Fall,3.4,Yes,Express,Yes,Yes,21,PayPal,Annually,1,2,-0.018197728033372756,0.7013698584699577
626,49,Male,Jewelry,Accessories,79,Delaware,M,Red,Fall,4.0,Yes,Next Day Air,Yes,Yes,1,Venmo,Weekly,52,0,-0.6772517247472771,-0.7709915061271112
627,31,Male,Sunglasses,Accessories,79,New Hampshire,M,Indigo,Spring,3.9,Yes,Standard,Yes,Yes,10,Venmo,Annually,1,3,-1.5514149900966725,-0.17720858834999165
628,42,Male,Sandals,Footwear,44,Oregon,L,Black,Winter,4.1,Yes,Express,Yes,Yes,24,PayPal,Monthly,12,1,-0.15855272796840839,-0.20693281395896654
629,69,Male,Sweater,Clothing,85,Massachusetts,M,White,Fall,3.8,Yes,2-Day Shipping,Yes,Yes,29,Credit Card,Monthly,12,2,0.6408508172720143,1.3744432943869112
630,26,Male,Shoes,Footwear,90,Vermont,L,Beige,Spring,4.7,Yes,Standard,Yes,Yes,11,Debit Card,Annually,1,3,-2.478112852504966,0.4723722432744342
631,41,Male,Jewelry,Accessories,94,Mississippi,S,Silver,Fall,4.3,Yes,2-Day Shipping,Yes,Yes,33,Debit Card,Annually,1,2,-1.0108076951599958,1.5896561579207993
632,55,Male,Boots,Footwear,68,Washington,S,Violet,Summer,4.1,Yes,Store Pickup,Yes,Yes,27,Cash,Fortnightly,26,2,0.19459946714323254,0.5842078441286873
633,35,Male,Backpack,Accessories,51,Wyoming,M,Red,Winter,3.9,Yes,Next Day Air,Yes,Yes,19,Venmo,Fortnightly,26,3,-0.4433820325723153,-0.6915621646931158
634,66,Male,Sandals,Footwear,33,Minnesota,M,Orange,Spring,2.9,Yes,Express,Yes,Yes,50,Debit Card,Quarterly,4,1,2.5399014108049562,0.5639631525414407
635,36,Male,Sneakers,Footwear,60,Ohio,M,Teal,Summer,3.9,Yes,Standard,Yes,Yes,46,PayPal,Weekly,52,0,0.44814076637287753,0.35702829733694275
636,27,Male,Hoodie,Clothing,59,South Carolina,M,Brown,Fall,4.3,Yes,2-Day Shipping,Yes,Yes,28,Cash,Quarterly,4,3,-1.1298686052509648,0.2163982018418893
637,41,Male,Handbag,Accessories,30,Wisconsin,M,Indigo,Summer,2.8,Yes,Store Pickup,Yes,Yes,14,Bank Transfer,Every 3 Months,4,1,0.5937872309245373,-1.6164561236745265
638,21,Male,Sweater,Clothing,20,Tennessee,M,Cyan,Winter,3.4,Yes,2-Day Shipping,Yes,Yes,46,Cash,Fortnightly,26,1,0.6089287350750131,-0.8578654466922324
639,53,Male,Sandals,Footwear,20,Maryland,S,Blue,Summer,2.7,Yes,Express,Yes,Yes,41,PayPal,Monthly,12,1,2.1695184316247866,-0.6137337439408449
640,54,Male,Dress,Clothing,24,Mississippi,L,Olive,Spring,4.0,Yes,2-Day Shipping,Yes,Yes,50,Credit Card,Annually,1,1,1.386224669071462,0.7580687464412269
641,53,Male,Skirt,Clothing,88,Minnesota,M,Gray,Summer,4.4,Yes,Store Pickup,Yes,Yes,28,Debit Card,Fortnightly,26,2,-0.40332962470908057,1.2273630094026766
642,47,Male,Blouse,Clothing,78,Alaska,M,Red,Winter,3.9,Yes,2-Day Shipping,Yes,Yes,23,Credit Card,Every 3 Months,4,2,-0.471708456546475,0.64918524027914
643,64,Male,Skirt,Clothing,25,Arkansas,L,Red,Spring,2.8,Yes,2-Day Shipping,Yes,Yes,14,Debit Card,Bi-Weekly,26,1,1.8292598252449346,-1.5298320851706795
644,18,Male,Sweater,Clothing,57,Oregon,XL,Green,Winter,3.2,Yes,Next Day Air,Yes,Yes,10,Bank Transfer,Every 3 Months,4,3,-1.207719317062645,-1.4053926208157228
645,68,Male,Backpack,Accessories,93,Louisiana,S,Blue,Summer,4.3,Yes,Next Day Air,Yes,Yes,37,Cash,Weekly,52,0,0.695552796246978,1.6564279179935473
646,62,Male,Hoodie,Clothing,42,Oklahoma,S,Purple,Summer,4.2,Yes,Express,Yes,Yes,15,Venmo,Bi-Weekly,26,3,0.5045901642192688,-0.3359536696548257
647,51,Male,Boots,Footwear,54,Indiana,XL,Pink,Spring,4.9,Yes,Standard,Yes,Yes,19,Venmo,Bi-Weekly,26,3,-0.5325540189026448,0.2816073621722669
648,54,Male,Blouse,Clothing,70,Mississippi,XL,Charcoal,Summer,3.7,Yes,Express,Yes,Yes,23,Credit Card,Fortnightly,26,2,0.2882502160540861,0.2148003133447377
649,22,Male,Hoodie,Clothing,31,Michigan,M,Brown,Winter,4.1,Yes,Store Pickup,Yes,Yes,35,Credit Card,Weekly,52,0,-0.10890892869723917,-0.9774859474606447
650,53,Male,Pants,Clothing,93,Delaware,L,Orange,Spring,4.2,Yes,Store Pickup,Yes,Yes,33,PayPal,Every 3 Months,4,2,-0.3973131571704604,1.7240928600701186
651,34,Male,Gloves,Accessories,40,Florida,M,Magenta,Spring,3.9,Yes,Next Day Air,Yes,Yes,12,Bank Transfer,Annually,1,3,-0.7233800808520667,-0.9521951389569209
652,32,Male,Hat,Accessories,32,Arkansas,L,Yellow,Summer,2.9,Yes,Next Day Air,Yes,Yes,41,Venmo,Fortnightly,26,1,1.0788040255743963,-0.8368057205883159
653,64,Male,Sunglasses,Accessories,27,Minnesota,M,Beige,Winter,3.1,Yes,Free Shipping,Yes,Yes,27,Venmo,Weekly,52,0,2.1846710622940115,-1.0919967897303626
654,20,Male,Scarf,Accessories,68,North Dakota,M,Olive,Winter,3.6,Yes,2-Day Shipping,Yes,Yes,45,Cash,Fortnightly,26,2,-0.39760983978301184,0.32767477854225846
655,24,Male,Handbag,Accessories,59,California,L,Gray,Summer,4.4,Yes,2-Day Shipping,Yes,Yes,23,Venmo,Annually,1,3,-1.4943373036990992,0.035844236313062675
656,20,Male,Handbag,Accessories,36,Mississippi,S,Purple,Fall,3.1,Yes,Free Shipping,Yes,Yes,19,Venmo,Monthly,12,1,-0.37882353562668003,-1.6367935633987396
657,42,Male,Jeans,Clothing,23,Pennsylvania,M,Beige,Summer,3.9,Yes,Standard,Yes,Yes,6,PayPal,Quarterly,4,3,-0.25284986221077455,-1.4785319787810853
658,48,Male,Jacket,Outerwear,80,Arizona,M,White,Winter,4.3,Yes,Free Shipping,Yes,Yes,6,PayPal,Quarterly,4,3,-1.229645867329718,0.22286545338128616
659,62,Male,Backpack,Accessories,37,Louisiana,S,White,Fall,4.9,Yes,Store Pickup,Yes,Yes,20,Venmo,Weekly,52,0,0.4658152306064288,-0.17689542702987285
660,62,Male,Shorts,Clothing,52,Virginia,S,Gold,Spring,3.6,Yes,2-Day Shipping,Yes,Yes,8,Cash,Weekly,52,0,0.7931932938698887,-1.0654634050185927
661,50,Male,Coat,Outerwear,79,Montana,M,Olive,Fall,5.0,Yes,2-Day Shipping,Yes,Yes,39,Credit Card,Quarterly,4,2,-0.6841396699159102,2.036146871224247
662,57,Male,Shirt,Clothing,68,Iowa,XL,Green,Fall,4.1,Yes,Store Pickup,Yes,Yes,39,Credit Card,Quarterly,4,2,0.42491940558464875,1.414566938530878
663,24,Male,Gloves,Accessories,98,Illinois,L,Magenta,Fall,2.8,Yes,Express,Yes,Yes,39,Venmo,Bi-Weekly,26,2,-0.3342143700770577,0.41533492302389086
664,59,Male,Dress,Clothing,83,Alaska,M,Charcoal,Fall,4.7,Yes,Express,Yes,Yes,23,Credit Card,Monthly,12,2,-0.5486401463956416,1.3707878431089122
665,63,Male,Pants,Clothing,83,Colorado,M,Indigo,Winter,4.4,Yes,Express,Yes,Yes,41,PayPal,Bi-Weekly,26,2,0.4662011824402261,1.8708351015970754
666,41,Male,Pants,Clothing,55,New Mexico,M,Peach,Spring,4.9,Yes,2-Day Shipping,Yes,Yes,50,Credit Card,Annually,1,2,-0.3040802514895931,1.7266012518438338
667,35,Male,Hoodie,Clothing,26,Colorado,L,Turquoise,Winter,3.1,Yes,Free Shipping,Yes,Yes,30,Debit Card,Quarterly,4,1,0.6540362926301401,-0.9895306151645333
668,34,Male,Sunglasses,Accessories,76,Arizona,S,Blue,Winter,2.6,Yes,Standard,Yes,Yes,32,Bank Transfer,Quarterly,4,2,0.19389379238724452,-0.025100531463860945
669,49,Male,T-shirt,Clothing,85,Hawaii,S,Turquoise,Fall,2.9,Yes,Express,Yes,Yes,35,Bank Transfer,Monthly,12,2,0.6139994050884169,0.69894587071603
670,43,Male,Jacket,Outerwear,89,Illinois,M,Gray,Spring,3.3,Yes,Free Shipping,Yes,Yes,45,Venmo,Bi-Weekly,26,2,0.42416217758793234,1.1394934686316565
671,63,Male,Sweater,Clothing,41,Louisiana,XL,Purple,Spring,4.8,Yes,Next Day Air,Yes,Yes,37,Cash,Bi-Weekly,26,1,0.765786068173905,0.9333518534671551
672,38,Male,Jacket,Outerwear,30,Iowa,L,Black,Winter,4.7,Yes,Express,Yes,Yes,45,Cash,Weekly,52,0,0.43530191597496065,0.09893549829045122
673,59,Male,Socks,Clothing,53,Washington,M,Peach,Winter,3.3,Yes,2-Day Shipping,Yes,Yes,29,Cash,Quarterly,4,1,1.036646775303988,0.22554461952845298
674,35,Male,Shirt,Clothing,66,Oklahoma,M,Indigo,Spring,4.2,Yes,Free Shipping,Yes,Yes,27,Venmo,Bi-Weekly,26,2,-0.6758361765092907,0.17218210395883832
675,48,Male,Jewelry,Accessories,33,Washington,XL,Beige,Winter,4.7,Yes,Store Pickup,Yes,Yes,36,Bank Transfer,Annually,1,1,0.09444362768776698,0.6467437774404291
676,64,Male,Sunglasses,Accessories,86,Arkansas,M,Yellow,Spring,2.6,Yes,2-Day Shipping,Yes,Yes,9,Cash,Annually,1,3,0.5961751564432307,-0.09370485966192553
677,28,Male,Pants,Clothing,60,Connecticut,M,Peach,Winter,2.9,Yes,2-Day Shipping,Yes,Yes,38,Venmo,Bi-Weekly,26,1,0.3628855882649181,-0.3856036789390628
678,60,Male,Socks,Clothing,62,Washington,S,Turquoise,Summer,2.7,Yes,Express,Yes,Yes,41,PayPal,Annually,1,1,1.6678762390597868,0.6673780089709168
679,27,Male,Blouse,Clothing,74,Maine,M,Teal,Fall,3.3,Yes,Store Pickup,Yes,Yes,25,Debit Card,Every 3 Months,4,3,-0.7579549335013641,-0.121013559907772
680,56,Male,Sandals,Footwear,95,Michigan,M,Turquoise,Fall,3.4,Yes,Express,Yes,Yes,37,Venmo,Fortnightly,26,2,0.5677956986469561,1.2726013167172026
681,58,Male,Sneakers,Footwear,25,Tennessee,M,Magenta,Spring,4.2,Yes,Express,Yes,Yes,3,PayPal,Annually,1,3,0.05666458129429177,-1.0137615876863109
682,30,Male,Shirt,Clothing,59,Louisiana,XL,Purple,Winter,3.8,Yes,2-Day Shipping,Yes,Yes,24,Credit Card,Every 3 Months,4,3,-0.7659000932880906,-0.17261825442715859
683,23,Male,Jacket,Outerwear,29,Missouri,M,Brown,Summer,4.0,Yes,Standard,Yes,Yes,49,Credit Card,Bi-Weekly,26,1,0.20503607632650075,-0.1364323789724638
684,33,Male,Sandals,Footwear,36,Michigan,S,Violet,Winter,2.7,Yes,Free Shipping,Yes,Yes,3,Bank Transfer,Monthly,12,3,-0.01067205680501274,-2.2674775591606013
685,63,Male,Hat,Accessories,82,Alabama,M,Yellow,Summer,4.7,Yes,Express,Yes,Yes,42,Debit Card,Monthly,12,2,0.17558698847313395,2.236956395972774
686,70,Male,Blouse,Clothing,71,Massachusetts,XL,Magenta,Winter,3.5,Yes,Standard,Yes,Yes,32,Cash,Fortnightly,26,2,1.3355349520677071,0.8439933226263419
687,70,Male,Sweater,Clothing,35,Indiana,L,Beige,Fall,3.0,Yes,2-Day Shipping,Yes,Yes,33,Venmo,Fortnightly,26,1,2.3133712777915467,-0.24817773272161459
688,19,Male,Gloves,Accessories,38,West Virginia,XL,Turquoise,Winter,3.3,Yes,Free Shipping,Yes,Yes,46,Bank Transfer,Quarterly,4,1,0.1032983320270166,-0.2510787922578744
689,25,Male,Scarf,Accessories,59,Michigan,S,Peach,Summer,4.7,Yes,Store Pickup,Yes,Yes,44,Venmo,Monthly,12,2,-0.9690775222827603,0.9771343296789203
690,19,Male,Hoodie,Clothing,91,Pennsylvania,M,Orange,Summer,4.7,Yes,Express,Yes,Yes,35,Credit Card,Every 3 Months,4,2,-2.076227252945078,1.3280966225515816
691,25,Male,Shorts,Clothing,68,Alaska,XL,Red,Spring,4.8,Yes,Standard,Yes,Yes,45,Bank Transfer,Weekly,52,0,-0.8062897234590518,0.7809683262802922
692,60,Male,Backpack,Accessories,21,Massachusetts,L,Silver,Summer,2.9,Yes,Standard,Yes,Yes,37,PayPal,Bi-Weekly,26,1,2.3133177212190423,-0.6770284107720992
693,35,Male,Sunglasses,Accessories,95,North Dakota,M,Cyan,Spring,4.0,Yes,2-Day Shipping,Yes,Yes,40,Debit Card,Every 3 Months,4,2,-0.8396243005757066,1.5760885779043892
694,46,Male,Shorts,Clothing,52,Vermont,L,Turquoise,Spring,3.1,Yes,Free Shipping,Yes,Yes,30,Cash,Every 3 Months,4,1,0.6814225389768972,-0.14255098919332196
695,41,Male,Dress,Clothing,21,Kentucky,S,Charcoal,Fall,3.5,Yes,2-Day Shipping,Yes,Yes,38,Venmo,Every 3 Months,4,1,0.9322422552473902,-0.4162188490434254
696,30,Male,Shorts,Clothing,67,Nevada,XL,Peach,Summer,3.7,Yes,Next Day Air,Yes,Yes,15,Debit Card,Every 3 Months,4,3,-1.0841473238417711,-0.4214076057215848
697,44,Male,Belt,Accessories,42,Utah,L,Green,Fall,2.8,Yes,Standard,Yes,Yes,49,Cash,Monthly,12,1,1.5874199141427288,0.11308491022811765
698,61,Male,Scarf,Accessories,63,North Dakota,XL,Brown,Summer,4.6,Yes,Free Shipping,Yes,Yes,40,Debit Card,Quarterly,4,2,0.34990227243966454,1.705480468585007
699,55,Male,Boots,Footwear,41,Iowa,M,Yellow,Winter,3.8,Yes,Standard,Yes,Yes,40,Debit Card,Weekly,52,0,1.453983161054302,-0.0033866581322967333
700,50,Male,Handbag,Accessories,46,Connecticut,M,Charcoal,Fall,2.6,Yes,2-Day Shipping,Yes,Yes,5,PayPal,Weekly,52,0,1.0132338815428583,-2.1525862963321236
701,57,Male,Pants,Clothing,79,Wisconsin,L,Olive,Winter,4.1,Yes,Standard,Yes,Yes,5,PayPal,Monthly,12,3,-0.6547397849814245,0.1316906354167429
702,51,Male,Boots,Footwear,90,Idaho,L,Red,Fall,3.3,Yes,Next Day Air,Yes,Yes,5,Debit Card,Every 3 Months,4,3,-0.5929929028192538,-0.08489427947694782
703,18,Male,Shirt,Clothing,71,Montana,M,White,Winter,3.4,Yes,Store Pickup,Yes,Yes,1,Cash,Weekly,52,0,-1.4123238078401579,-1.9523205520472915
704,63,Male,Dress,Clothing,87,Connecticut,L,Pink,Summer,3.0,Yes,Standard,Yes,Yes,21,Venmo,Weekly,52,0,1.0486945831473278,-0.004024469095876132
705,34,Male,Hoodie,Clothing,66,Idaho,S,Black,Spring,3.2,Yes,Express,Yes,Yes,18,PayPal,Annually,1,3,-0.4891735000669478,-0.4781264381592319
706,25,Male,Pants,Clothing,90,Arkansas,XL,Indigo,Summer,4.5,Yes,Free Shipping,Yes,Yes,49,Cash,Quarterly,4,2,-1.269915049147734,1.911348667032186
707,46,Male,Jeans,Clothing,47,Iowa,L,Turquoise,Summer,4.8,Yes,Express,Yes,Yes,27,Debit Card,Weekly,52,0,-0.09632330221908586,-0.036931501509234375
708,59,Male,Shirt,Clothing,38,Louisiana,L,Purple,Spring,3.7,Yes,Next Day Air,Yes,Yes,21,Venmo,Annually,1,1,0.7484504331916793,-0.20445329325518424
709,37,Male,Backpack,Accessories,50,Kentucky,L,Beige,Summer,3.4,Yes,Store Pickup,Yes,Yes,19,Cash,Fortnightly,26,3,0.009412672231912868,-0.9557069432384272
710,49,Male,Jacket,Outerwear,79,Massachusetts,L,Charcoal,Summer,4.6,Yes,Standard,Yes,Yes,23,Debit Card,Monthly,12,2,-0.8282768060668725,1.0089973460359565
711,22,Male,Scarf,Accessories,91,Virginia,L,Turquoise,Spring,4.1,Yes,Standard,Yes,Yes,26,PayPal,Fortnightly,26,2,-1.5893555836613846,0.3911193079473217
712,64,Male,Boots,Footwear,60,New Hampshire,M,Maroon,Spring,3.5,Yes,2-Day Shipping,Yes,Yes,13,Bank Transfer,Bi-Weekly,26,3,0.7268195406404283,-0.34828673003942073
713,42,Male,Blouse,Clothing,81,New Hampshire,XL,Black,Summer,3.8,Yes,Next Day Air,Yes,Yes,36,Bank Transfer,Quarterly,4,2,-0.28887076200339706,1.109553389982037
714,37,Male,Hoodie,Clothing,90,Oregon,M,Lavender,Summer,2.6,Yes,Express,Yes,Yes,39,Bank Transfer,Bi-Weekly,26,2,0.48093746390698255,0.38675724206009043
715,26,Male,Jacket,Outerwear,70,South Dakota,M,Magenta,Fall,4.4,Yes,Store Pickup,Yes,Yes,40,Debit Card,Fortnightly,26,2,-0.8879202038988998,0.7415334789301355
716,33,Male,Jeans,Clothing,63,Delaware,L,Green,Spring,2.6,Yes,Express,Yes,Yes,37,Debit Card,Quarterly,4,1,0.5100071832560902,-0.14181938443257694
717,30,Male,Jewelry,Accessories,29,Missouri,M,Olive,Spring,3.6,Yes,Express,Yes,Yes,9,Venmo,Bi-Weekly,26,3,-0.3601554579547069,-1.9110699620383977
718,21,Male,Socks,Clothing,90,Alaska,L,Green,Spring,4.2,Yes,Express,Yes,Yes,7,Venmo,Every 3 Months,4,3,-2.420788000600703,-0.12323572929470032
719,22,Male,Shirt,Clothing,22,Florida,M,Peach,Summer,4.6,Yes,Standard,Yes,Yes,25,Bank Transfer,Annually,1,1,-1.0488551430832844,-0.6840740250904411
720,63,Male,Shorts,Clothing,22,Mississippi,L,Turquoise,Summer,3.3,Yes,Next Day Air,Yes,Yes,42,Venmo,Bi-Weekly,26,1,2.281739892498559,-0.1521023891582579
721,33,Male,Jewelry,Accessories,62,New Mexico,L,Orange,Fall,3.4,Yes,Free Shipping,Yes,Yes,19,Debit Card,Weekly,52,0,-0.1258917905858778,-1.0862105088998952
722,43,Male,Blouse,Clothing,57,California,L,Silver,Summer,4.4,Yes,Next Day Air,Yes,Yes,41,Debit Card,Every 3 Months,4,2,-0.1307306085805529,1.113752124695507
723,27,Male,Sweater,Clothing,32,Wyoming,S,Blue,Summer,4.3,Yes,Store Pickup,Yes,Yes,50,Cash,Bi-Weekly,26,1,0.13865027513906003,0.23076773531273048
724,35,Male,Jewelry,Accessories,53,Missouri,L,Cyan,Fall,3.5,Yes,Express,Yes,Yes,43,PayPal,Monthly,12,1,0.36537193884374225,0.32510595250865326
725,37,Male,T-shirt,Clothing,79,New Hampshire,XL,Green,Fall,4.7,Yes,Store Pickup,Yes,Yes,36,Venmo,Every 3 Months,4,2,-1.099253607648584,1.46559880814028
726,61,Male,Hat,Accessories,61,Texas,L,Silver,Winter,3.1,Yes,Standard,Yes,Yes,33,Debit Card,Fortnightly,26,1,1.4371868442220312,0.2341078342267096
727,32,Male,Shorts,Clothing,78,North Dakota,L,Yellow,Summer,3.6,Yes,Next Day Air,Yes,Yes,20,Bank Transfer,Every 3 Months,4,3,-0.9701208884201488,0.03651576427504512
728,62,Male,Sweater,Clothing,97,Arkansas,S,Gray,Winter,4.8,Yes,Next Day Air,Yes,Yes,37,Venmo,Every 3 Months,4,2,-0.39834651532110316,2.5170212263322496
729,29,Male,Jeans,Clothing,78,Nebraska,M,Pink,Winter,3.7,Yes,Next Day Air,Yes,Yes,12,PayPal,Every 3 Months,4,3,-1.3934702116978779,-0.30934273444131805
730,41,Male,Sunglasses,Accessories,56,Minnesota,L,Beige,Summer,3.2,Yes,Express,Yes,Yes,46,PayPal,Every 3 Months,4,1,0.7919521797105433,0.5817218100078003
731,48,Male,Boots,Footwear,25,Massachusetts,M,Indigo,Summer,3.9,Yes,Standard,Yes,Yes,28,Venmo,Fortnightly,26,1,0.7851064747778828,-0.6514888299189092
732,43,Male,Coat,Outerwear,28,Arkansas,M,Red,Spring,3.5,Yes,Free Shipping,Yes,Yes,30,PayPal,Fortnightly,26,1,0.8664545999448301,-0.8270760088337114
733,34,Male,Shirt,Clothing,57,New Hampshire,L,Blue,Spring,2.8,Yes,Express,Yes,Yes,28,Cash,Bi-Weekly,26,1,0.448299559139866,-0.810752593970718
734,45,Male,Dress,Clothing,36,Rhode Island,L,Cyan,Fall,2.7,Yes,2-Day Shipping,Yes,Yes,20,Debit Card,Bi-Weekly,26,1,1.0971290526310495,-1.4717839946460718
735,65,Male,Shirt,Clothing,69,New Jersey,S,Violet,Winter,3.1,Yes,Express,Yes,Yes,39,Bank Transfer,Every 3 Months,4,2,1.4474032490794808,1.0415177290009545
736,61,Male,Sunglasses,Accessories,48,Montana,M,Orange,Fall,3.6,Yes,2-Day Shipping,Yes,Yes,48,Cash,Bi-Weekly,26,1,1.7267905940799715,0.8450456005032195
737,18,Male,Dress,Clothing,58,Colorado,L,Maroon,Spring,2.9,Yes,2-Day Shipping,Yes,Yes,32,Credit Card,Every 3 Months,4,1,-0.3860360498858229,-0.6184967546123685
738,47,Male,Sunglasses,Accessories,24,Nebraska,M,Teal,Spring,3.6,Yes,Store Pickup,Yes,Yes,28,PayPal,Annually,1,1,0.7505293238131588,-0.5482267156578355
739,56,Male,Sunglasses,Accessories,31,Minnesota,L,Orange,Winter,3.5,Yes,2-Day Shipping,Yes,Yes,27,Venmo,Quarterly,4,1,1.0780589950912014,-0.33004496449017967
740,64,Male,Shorts,Clothing,29,Minnesota,S,Purple,Summer,3.5,Yes,Free Shipping,Yes,Yes,26,Venmo,Bi-Weekly,26,1,1.6106133485134781,-0.5307335573561691
741,26,Male,Jeans,Clothing,69,South Dakota,M,Orange,Summer,2.8,Yes,Next Day Air,Yes,Yes,22,Credit Card,Fortnightly,26,3,-0.2545665176766005,-0.9496454959053788
742,22,Male,T-shirt,Clothing,79,West Virginia,XL,Yellow,Summer,4.7,Yes,Free Shipping,Yes,Yes,23,Bank Transfer,Every 3 Months,4,3,-2.0941930594910176,0.5984939807781559
743,64,Male,Pants,Clothing,39,Nevada,M,Charcoal,Summer,3.1,Yes,Express,Yes,Yes,21,Debit Card,Quarterly,4,1,1.3901938979553181,-0.45271020607130846
744,21,Male,Sunglasses,Accessories,84,North Carolina,L,Gray,Fall,4.9,Yes,Free Shipping,Yes,Yes,36,Cash,Weekly,52,0,-1.5648455643622723,0.7503030140902422
745,67,Male,Boots,Footwear,66,Illinois,S,Charcoal,Spring,4.1,Yes,Next Day Air,Yes,Yes,42,Debit Card,Bi-Weekly,26,2,1.1546801749279048,1.425597983342298
746,46,Male,T-shirt,Clothing,92,Michigan,L,Orange,Fall,4.7,Yes,Standard,Yes,Yes,4,Venmo,Monthly,12,3,-1.7802506499539164,0.5043996566923236
747,40,Male,Sandals,Footwear,45,Michigan,M,Red,Winter,2.5,Yes,Free Shipping,Yes,Yes,47,Credit Card,Annually,1,1,1.4285724655741658,-0.01479821320040138
748,51,Male,Shorts,Clothing,74,Oklahoma,L,Gold,Spring,4.4,Yes,Next Day Air,Yes,Yes,13,Bank Transfer,Weekly,52,0,-0.4517348286320486,-0.11232434108897728
749,35,Male,Hat,Accessories,39,South Dakota,L,Brown,Fall,3.9,Yes,Free Shipping,Yes,Yes,8,Bank Transfer,Quarterly,4,3,-0.7525209209242818,-1.162504362447195
750,56,Male,Scarf,Accessories,71,Oklahoma,M,Olive,Winter,3.7,Yes,Standard,Yes,Yes,11,Debit Card,Quarterly,4,3,-0.18144489431624705,0.05123589977672045
751,25,Male,T-shirt,Clothing,95,Maryland,L,Violet,Fall,3.4,Yes,Free Shipping,Yes,Yes,5,Venmo,Annually,1,3,-1.85584697232329,-0.41951750977323815
752,65,Male,Gloves,Accessories,72,Ohio,L,Indigo,Fall,4.8,Yes,Free Shipping,Yes,Yes,1,Credit Card,Monthly,12,3,-0.813581272818174,0.3605576695743468
753,39,Male,Scarf,Accessories,85,Ohio,L,Yellow,Fall,4.2,Yes,2-Day Shipping,Yes,Yes,17,PayPal,Every 3 Months,4,3,-1.3034941582223796,0.5615233460122488
754,47,Male,Boots,Footwear,54,Massachusetts,M,Teal,Fall,3.4,Yes,Store Pickup,Yes,Yes,27,Venmo,Quarterly,4,1,0.3927485929298517,-0.03179705961908226
755,36,Male,Gloves,Accessories,41,North Carolina,L,Pink,Spring,2.9,Yes,Store Pickup,Yes,Yes,3,Debit Card,Quarterly,4,3,-0.18053422727979876,-1.871310457570687
756,66,Male,Coat,Outerwear,24,Florida,M,Violet,Spring,3.3,Yes,Free Shipping,Yes,Yes,22,PayPal,Weekly,52,0,2.034115731593121,-1.2198305391204967
757,62,Male,Belt,Accessories,99,Montana,S,Orange,Summer,4.8,Yes,Standard,Yes,Yes,24,Cash,Fortnightly,26,2,-0.6069799763302633,1.7337156698078287
758,41,Male,Hoodie,Clothing,32,Minnesota,M,Red,Fall,3.8,Yes,Store Pickup,Yes,Yes,18,Debit Card,Quarterly,4,1,-0.031297268621939475,-0.8343255159863665
759,66,Male,Shoes,Footwear,71,Massachusetts,L,Peach,Summer,4.6,Yes,2-Day Shipping,Yes,Yes,39,Bank Transfer,Every 3 Months,4,2,0.397131382292172,1.957711169283855
760,51,Male,Dress,Clothing,49,Rhode Island,XL,Green,Winter,2.6,Yes,Next Day Air,Yes,Yes,25,Credit Card,Fortnightly,26,1,1.3446174400709225,-0.8822861176622239
761,33,Male,Gloves,Accessories,50,Minnesota,XL,Violet,Fall,3.4,Yes,Free Shipping,Yes,Yes,6,Cash,Annually,1,3,-0.74863769937993,-1.2735951277100546
762,57,Male,Jewelry,Accessories,91,Nevada,L,Yellow,Fall,4.2,Yes,Express,Yes,Yes,26,Bank Transfer,Weekly,52,0,0.027885068346554243,0.8545132775249662
763,45,Male,Belt,Accessories,46,New Mexico,M,Pink,Fall,3.9,Yes,Standard,Yes,Yes,43,Debit Card,Fortnightly,26,1,0.7393955594719339,0.4183050455838073
764,61,Male,Sweater,Clothing,50,North Carolina,M,Brown,Spring,2.9,Yes,2-Day Shipping,Yes,Yes,6,Credit Card,Monthly,12,3,0.8678210716451863,-1.1062172013253315
765,55,Male,Skirt,Clothing,39,Virginia,XL,Silver,Fall,4.2,Yes,Free Shipping,Yes,Yes,6,Debit Card,Quarterly,4,3,-0.18824715592308178,-0.6565291350893817
766,54,Male,Sneakers,Footwear,99,Alaska,M,Pink,Summer,3.0,Yes,Store Pickup,Yes,Yes,13,Cash,Quarterly,4,3,-0.17757976571585649,0.360916644043962
767,57,Male,Gloves,Accessories,48,Nevada,M,Cyan,Winter,3.6,Yes,Next Day Air,Yes,Yes,13,PayPal,Monthly,12,3,0.4395978131980043,-0.5453543237385652
768,27,Male,Coat,Outerwear,77,Pennsylvania,M,Brown,Fall,2.5,Yes,Next Day Air,Yes,Yes,11,Cash,Annually,1,3,-0.6681996225821395,-1.0576645216453717
769,64,Male,Backpack,Accessories,95,Illinois,XL,Red,Spring,2.6,Yes,Express,Yes,Yes,45,Venmo,Weekly,52,0,1.923594169867787,0.997872029782159
770,52,Male,Socks,Clothing,100,Delaware,M,Silver,Spring,4.3,Yes,Store Pickup,Yes,Yes,8,PayPal,Monthly,12,3,-1.266644436780852,0.7636085640842705
771,19,Male,Sneakers,Footwear,54,Vermont,M,Gray,Spring,3.3,Yes,Express,Yes,Yes,8,Credit Card,Annually,1,3,-1.27045753149817,-1.4455026136567763
772,22,Male,Sweater,Clothing,68,Hawaii,L,Cyan,Fall,2.6,Yes,Next Day Air,Yes,Yes,34,Bank Transfer,Fortnightly,26,2,0.07829925452575236,-0.6617996284040543
773,18,Male,Jeans,Clothing,22,Illinois,L,Teal,Fall,3.6,Yes,Free Shipping,Yes,Yes,40,Debit Card,Bi-Weekly,26,1,0.13881259791725342,-1.0150730817046008
774,29,Male,Hat,Accessories,84,California,L,Indigo,Winter,2.6,Yes,Express,Yes,Yes,14,Debit Card,Bi-Weekly,26,3,-0.4647759149906388,-0.9837123577943171
775,42,Male,Hat,Accessories,46,Nevada,M,Yellow,Summer,3.5,Yes,Standard,Yes,Yes,11,Credit Card,Quarterly,4,3,-0.20917492299383772,-0.9483001453579851
776,49,Male,Handbag,Accessories,53,Kentucky,S,Gold,Winter,3.0,Yes,Store Pickup,Yes,Yes,8,PayPal,Monthly,12,3,0.3046957747872797,-1.1466289745686231
777,49,Male,Shirt,Clothing,60,Alabama,M,Maroon,Spring,5.0,Yes,Standard,Yes,Yes,8,Venmo,Every 3 Months,4,3,-1.2937924662756275,0.2510489519991109
778,55,Male,Socks,Clothing,32,Wyoming,XL,Silver,Spring,2.5,Yes,Express,Yes,Yes,37,Venmo,Weekly,52,0,2.4352744834877087,-1.0783388041806785
779,29,Male,Socks,Clothing,50,Massachusetts,M,Yellow,Summer,2.9,Yes,Store Pickup,Yes,Yes,23,Debit Card,Annually,1,1,-0.07819732756566616,-0.9196458492238221
780,60,Male,Dress,Clothing,94,Utah,M,Blue,Spring,4.6,Yes,Express,Yes,Yes,38,Cash,Annually,1,2,-0.2888443141143321,2.371367572143791
781,34,Male,Shoes,Footwear,26,New York,M,Turquoise,Spring,3.6,Yes,Free Shipping,Yes,Yes,38,Cash,Quarterly,4,1,0.48727419658824495,-0.38879452121807595
782,30,Male,Scarf,Accessories,44,Vermont,L,Indigo,Winter,3.0,Yes,Store Pickup,Yes,Yes,12,Credit Card,Fortnightly,26,3,-0.09972285756022009,-1.7680041059385705
783,28,Male,Hoodie,Clothing,57,Hawaii,M,Green,Summer,4.5,Yes,Standard,Yes,Yes,15,Cash,Weekly,52,0,-1.1416514806279605,-0.857720696862594
784,63,Male,T-shirt,Clothing,65,Louisiana,L,Purple,Winter,4.5,Yes,Next Day Air,Yes,Yes,38,PayPal,Fortnightly,26,2,0.6083998289727174,1.3741713728848464
785,31,Male,Jeans,Clothing,72,Alabama,M,Peach,Winter,3.2,Yes,Store Pickup,Yes,Yes,41,Bank Transfer,Every 3 Months,4,2,-0.032005483329427695,0.5377704136362562
786,46,Male,Shorts,Clothing,62,Louisiana,S,Purple,Spring,4.0,Yes,Next Day Air,Yes,Yes,37,PayPal,Fortnightly,26,2,0.2745168952561985,0.6201419342620378
787,70,Male,Hat,Accessories,21,Indiana,S,Teal,Winter,4.8,Yes,Express,Yes,Yes,16,Bank Transfer,Every 3 Months,4,1,0.5959622499204897,-0.0034876855475286356
788,53,Male,Handbag,Accessories,85,Michigan,S,Green,Spring,3.7,Yes,Free Shipping,Yes,Yes,25,Venmo,Weekly,52,0,0.28514490094216094,0.3032755011625454
789,50,Male,Pants,Clothing,51,Rhode Island,XL,Yellow,Summer,3.8,Yes,Store Pickup,Yes,Yes,18,Bank Transfer,Quarterly,4,3,0.0287631105069408,-0.19512818694965064
790,33,Male,Handbag,Accessories,84,Idaho,S,Purple,Fall,2.7,Yes,Standard,Yes,Yes,4,Credit Card,Bi-Weekly,26,3,-0.6535344696648566,-1.2669450236688735
791,22,Male,Sweater,Clothing,37,Louisiana,M,Indigo,Summer,4.9,Yes,Store Pickup,Yes,Yes,12,Bank Transfer,Quarterly,4,3,-1.8527755598597608,-0.74882630103379
792,50,Male,Scarf,Accessories,44,North Carolina,S,Magenta,Summer,3.1,Yes,2-Day Shipping,Yes,Yes,35,PayPal,Fortnightly,26,1,1.3176468955783909,-0.31508011420453125
793,34,Male,Sneakers,Footwear,45,New Jersey,M,Violet,Spring,4.2,Yes,Next Day Air,Yes,Yes,45,Venmo,Weekly,52,0,0.37312084824619207,0.08707993016045344
794,24,Male,Pants,Clothing,35,Alabama,L,Maroon,Summer,3.8,Yes,Free Shipping,Yes,Yes,16,Credit Card,Monthly,12,3,-0.7751901400916835,-1.307774755451185
795,69,Male,Backpack,Accessories,50,Kentucky,XL,Yellow,Winter,4.2,Yes,Store Pickup,Yes,Yes,10,Debit Card,Fortnightly,26,3,0.5212098464327976,-0.2111997807931314
796,39,Male,Sandals,Footwear,26,New York,M,Beige,Summer,4.6,Yes,Store Pickup,Yes,Yes,34,Venmo,Annually,1,1,-0.150795191407329,0.1502173527284535
797,42,Male,Socks,Clothing,78,Arizona,XL,Black,Fall,4.0,Yes,2-Day Shipping,Yes,Yes,43,Credit Card,Annually,1,2,-0.20755113801073993,1.486498766563195
798,42,Male,Coat,Outerwear,82,Maryland,M,Violet,Fall,4.0,Yes,2-Day Shipping,Yes,Yes,38,Debit Card,Weekly,52,0,0.03514926782840455,0.7213646493777388
799,29,Male,Socks,Clothing,39,Alaska,M,Violet,Spring,3.8,Yes,2-Day Shipping,Yes,Yes,48,PayPal,Every 3 Months,4,1,0.20724855295877914,0.3505935761868451
800,55,Male,Belt,Accessories,55,Nevada,L,Brown,Summer,3.8,Yes,Free Shipping,Yes,Yes,31,PayPal,Annually,1,1,0.5143897026114851,0.5941388027253335
801,32,Male,Socks,Clothing,20,Utah,S,Gold,Summer,2.6,Yes,Free Shipping,Yes,Yes,20,Cash,Every 3 Months,4,1,0.6966525482912939,-1.9013036907707734
802,25,Male,Belt,Accessories,29,New Mexico,L,Blue,Fall,4.9,Yes,Express,Yes,Yes,12,Credit Card,Fortnightly,26,3,-1.4005853525537415,-1.154413913451665
803,38,Male,Pants,Clothing,41,Delaware,M,Teal,Winter,3.5,Yes,Next Day Air,Yes,Yes,2,Bank Transfer,Weekly,52,0,-0.1244220805351891,-2.1421620136827326
804,32,Male,Shorts,Clothing,38,Connecticut,L,Silver,Winter,2.8,Yes,Express,Yes,Yes,30,Venmo,Every 3 Months,4,1,0.5420355493549547,-0.9382828581981273
805,43,Male,Boots,Footwear,47,Mississippi,M,Maroon,Summer,2.6,Yes,Store Pickup,Yes,Yes,28,Venmo,Quarterly,4,1,0.9352871200661345,-0.6914617747115182
806,41,Male,Dress,Clothing,30,Connecticut,L,White,Summer,3.7,Yes,Next Day Air,Yes,Yes,40,Debit Card,Monthly,12,1,0.7697179199523368,-0.10700267013220564
807,56,Male,Jeans,Clothing,56,Florida,L,Charcoal,Summer,2.7,Yes,Standard,Yes,Yes,46,PayPal,Quarterly,4,1,1.7696195782993982,0.6150320560168012
808,27,Male,T-shirt,Clothing,89,New York,S,Brown,Winter,3.3,Yes,Express,Yes,Yes,15,Credit Card,Weekly,52,0,-0.8664324458432053,-0.7997153471119631
809,46,Male,Shoes,Footwear,96,Wisconsin,L,Lavender,Fall,4.6,Yes,Next Day Air,Yes,Yes,38,Cash,Every 3 Months,4,2,-0.8785184928596935,2.0857434982302827
810,48,Male,Boots,Footwear,81,South Carolina,M,Violet,Fall,4.9,Yes,Next Day Air,Yes,Yes,30,PayPal,Bi-Weekly,26,2,-0.7915779647798213,1.3237980563585883
811,52,Male,Scarf,Accessories,83,South Dakota,S,Lavender,Fall,4.9,Yes,Store Pickup,Yes,Yes,32,Debit Card,Bi-Weekly,26,2,-0.6011620518715809,1.5401716757244468
812,18,Male,Sneakers,Footwear,35,Illinois,M,Green,Winter,2.7,Yes,Free Shipping,Yes,Yes,36,Venmo,Quarterly,4,1,0.2500962659398169,-1.1062530034019347
813,64,Male,Boots,Footwear,56,Alaska,M,Olive,Summer,3.2,Yes,Standard,Yes,Yes,32,Credit Card,Weekly,52,0,1.7760122001883467,-0.13716956197441785
814,54,Male,Handbag,Accessories,45,Montana,S,Olive,Summer,2.9,Yes,Store Pickup,Yes,Yes,14,Debit Card,Annually,1,1,0.7895786158512571,-0.8930533962935122
815,31,Male,Shirt,Clothing,62,Minnesota,M,Pink,Winter,3.8,Yes,Express,Yes,Yes,8,PayPal,Monthly,12,3,-1.1587842437187597,-0.8605685642613113
816,30,Male,Hat,Accessories,84,West Virginia,L,Teal,Spring,3.0,Yes,Next Day Air,Yes,Yes,27,Venmo,Bi-Weekly,26,2,-0.3352688761602892,-0.18537714015952175
817,26,Male,Sweater,Clothing,24,Illinois,L,Cyan,Summer,3.9,Yes,Store Pickup,Yes,Yes,24,Debit Card,Monthly,12,1,-0.3524188414463735,-1.130261069146394
818,25,Male,Handbag,Accessories,21,Nevada,S,Gray,Spring,4.7,Yes,Store Pickup,Yes,Yes,30,PayPal,Fortnightly,26,1,-0.6142880824762962,-0.6935887669885302
819,59,Male,Shirt,Clothing,91,Idaho,M,Peach,Winter,4.9,Yes,Store Pickup,Yes,Yes,34,Debit Card,Monthly,12,2,-0.5091049835682386,2.139549826136068
820,55,Male,Sunglasses,Accessories,36,Colorado,S,Teal,Winter,4.8,Yes,Next Day Air,Yes,Yes,28,Debit Card,Quarterly,4,1,0.06443453722480402,0.544384000425573
821,56,Male,Sneakers,Footwear,39,Louisiana,M,Turquoise,Spring,2.5,Yes,2-Day Shipping,Yes,Yes,27,Debit Card,Monthly,12,1,1.722177079113281,-0.8075345806717814
822,62,Male,Hoodie,Clothing,39,Vermont,M,Green,Spring,3.9,Yes,Standard,Yes,Yes,31,Credit Card,Bi-Weekly,26,1,1.2216816212536217,0.10188149711868218
823,35,Male,Shirt,Clothing,59,Mississippi,L,Magenta,Winter,3.4,Yes,Standard,Yes,Yes,23,Bank Transfer,Annually,1,3,-0.33033820086089166,-0.2976886944101505
824,51,Male,Sunglasses,Accessories,27,Georgia,M,Green,Winter,2.5,Yes,Free Shipping,Yes,Yes,11,Credit Card,Quarterly,4,1,1.1863085302089902,-1.7736054598974664
825,61,Male,Blouse,Clothing,94,Georgia,M,White,Spring,3.0,Yes,Store Pickup,Yes,Yes,48,Cash,Quarterly,4,2,1.1934968700118351,1.8739968530232176
826,27,Male,Belt,Accessories,94,Nebraska,XL,Brown,Fall,3.6,Yes,Next Day Air,Yes,Yes,17,Cash,Monthly,12,3,-1.4580775112032585,0.08105137359692755
827,54,Male,Dress,Clothing,94,Massachusetts,M,Purple,Winter,3.6,Yes,Standard,Yes,Yes,36,PayPal,Weekly,52,0,0.5615190082270014,0.9472038206880715
828,31,Male,Shoes,Footwear,51,Colorado,S,Green,Fall,4.1,Yes,Free Shipping,Yes,Yes,33,Bank Transfer,Fortnightly,26,1,-0.35247277163692997,-0.06917106352610329
829,24,Male,Socks,Clothing,62,Nevada,M,Peach,Fall,3.7,Yes,2-Day Shipping,Yes,Yes,27,PayPal,Bi-Weekly,26,3,-0.7147791292259393,-0.43674938028774746
830,42,Male,Socks,Clothing,57,Idaho,S,Silver,Spring,3.8,Yes,2-Day Shipping,Yes,Yes,14,Credit Card,Fortnightly,26,3,-0.3230415755887664,-0.6706600271567754
831,41,Male,Shorts,Clothing,76,Wyoming,M,Maroon,Fall,4.2,Yes,Express,Yes,Yes,5,Credit Card,Annually,1,3,-1.4393620827398332,-0.08003661588122223
832,66,Male,Gloves,Accessories,63,Washington,M,Red,Summer,4.3,Yes,Express,Yes,Yes,47,Cash,Every 3 Months,4,2,0.9692445864259404,1.9380206836753946
833,58,Male,Jacket,Outerwear,80,California,L,Blue,Fall,2.5,Yes,Express,Yes,Yes,28,Cash,Bi-Weekly,26,2,1.2785857873175603,0.06945848372570652
834,43,Male,Handbag,Accessories,68,Oklahoma,M,Purple,Fall,3.5,Yes,Standard,Yes,Yes,11,Credit Card,Annually,1,3,-0.5585613913299716,-0.36848508166176214
835,52,Male,Backpack,Accessories,89,Nevada,M,Indigo,Summer,3.1,Yes,Free Shipping,Yes,Yes,18,Credit Card,Weekly,52,0,0.4014011492668223,-0.25903915739918665
836,35,Male,Boots,Footwear,26,Maryland,L,Indigo,Summer,2.5,Yes,Next Day Air,Yes,Yes,21,Debit Card,Weekly,52,0,1.246062963749039,-2.31994087585197
837,23,Male,Gloves,Accessories,90,West Virginia,L,Violet,Winter,3.9,Yes,Store Pickup,Yes,Yes,22,Cash,Bi-Weekly,26,3,-1.5038752632264478,0.10587580871983988
838,25,Male,Hoodie,Clothing,28,Illinois,L,Brown,Spring,4.9,Yes,Express,Yes,Yes,33,Cash,Every 3 Months,4,1,-0.9807035661164979,-0.008246066839199966
839,33,Male,Coat,Outerwear,29,Kentucky,M,Gray,Spring,4.3,Yes,Express,Yes,Yes,49,Credit Card,Annually,1,1,0.18851869396777943,0.5612837679931438
840,48,Male,Shirt,Clothing,31,Illinois,L,Teal,Spring,2.6,Yes,Free Shipping,Yes,Yes,10,Debit Card,Every 3 Months,4,1,0.8960279975187252,-1.7280037029946624
841,42,Male,Shirt,Clothing,24,Alabama,L,Teal,Summer,4.2,Yes,2-Day Shipping,Yes,Yes,18,PayPal,Weekly,52,0,0.285354233564704,-1.3862050873137877
842,55,Male,Sweater,Clothing,88,Texas,M,Beige,Summer,2.6,Yes,Store Pickup,Yes,Yes,28,PayPal,Fortnightly,26,2,0.9505121625447913,0.25212315911175504
843,59,Male,Shirt,Clothing,87,Missouri,M,Violet,Spring,3.6,Yes,Express,Yes,Yes,25,PayPal,Weekly,52,0,0.5724910856076828,0.42045135089149954
844,65,Male,Hoodie,Clothing,80,Pennsylvania,S,Beige,Summer,3.2,Yes,Express,Yes,Yes,6,PayPal,Weekly,52,0,0.6796395205239883,-0.650517142673138
845,59,Male,Sandals,Footwear,48,Missouri,L,Purple,Winter,4.4,Yes,Express,Yes,Yes,44,Venmo,Bi-Weekly,26,1,0.964898270108827,1.0854865242529432
846,31,Male,Belt,Accessories,21,Michigan,XL,Charcoal,Winter,3.7,Yes,Standard,Yes,Yes,30,Venmo,Monthly,12,1,0.217563307984261,-0.9545978617873783
847,49,Male,Boots,Footwear,72,Kentucky,M,Pink,Spring,3.7,Yes,Express,Yes,Yes,42,Debit Card,Quarterly,4,2,0.3932292518532154,1.2418630369986856
848,53,Male,Hoodie,Clothing,44,New Jersey,L,Blue,Fall,4.1,Yes,Standard,Yes,Yes,30,PayPal,Monthly,12,1,0.47045087247706113,0.2791322942376591
849,48,Male,Sandals,Footwear,73,Delaware,M,Lavender,Fall,3.6,Yes,Store Pickup,Yes,Yes,33,Credit Card,Bi-Weekly,26,2,0.34400772219167963,0.5269090880196095
850,23,Male,Jeans,Clothing,61,Missouri,S,Charcoal,Spring,4.3,Yes,Express,Yes,Yes,24,PayPal,Quarterly,4,3,-1.4435085515766937,0.009888832391314124
851,68,Male,Shoes,Footwear,20,Connecticut,L,Turquoise,Winter,2.6,Yes,Store Pickup,Yes,Yes,13,Venmo,Monthly,12,1,2.067487423728705,-1.5415307905192484
852,35,Male,Sandals,Footwear,86,Massachusetts,M,Red,Summer,2.9,Yes,Express,Yes,Yes,19,Debit Card,Monthly,12,3,-0.4412892591503757,-0.25063107818051017
853,34,Male,Dress,Clothing,60,Florida,L,Yellow,Spring,4.2,Yes,Next Day Air,Yes,Yes,23,Debit Card,Every 3 Months,4,3,-0.9266905576080425,0.11897113651082462
854,62,Male,Hat,Accessories,43,Delaware,L,Orange,Winter,4.0,Yes,Free Shipping,Yes,Yes,35,Cash,Monthly,12,1,1.0748322549746812,0.600490522572964
855,21,Male,Pants,Clothing,44,California,L,Blue,Spring,4.3,Yes,Free Shipping,Yes,Yes,22,Venmo,Monthly,12,3,-1.2313123543514413,-0.6209666216421666
856,70,Male,Socks,Clothing,76,Oregon,L,Gold,Spring,3.0,Yes,2-Day Shipping,Yes,Yes,14,Credit Card,Quarterly,4,3,0.8983380848902595,0.1959731704042405
857,55,Male,Shirt,Clothing,33,Alaska,M,Gold,Summer,3.5,Yes,Express,Yes,Yes,47,Debit Card,Fortnightly,26,1,1.7675166416963684,0.2647741267729078
858,43,Male,Shorts,Clothing,60,Missouri,L,Cyan,Fall,3.0,Yes,Standard,Yes,Yes,50,Debit Card,Every 3 Months,4,2,1.064060000116565,0.7750646696223507
859,19,Male,Jacket,Outerwear,26,Oklahoma,L,Olive,Fall,3.1,Yes,Free Shipping,Yes,Yes,33,PayPal,Weekly,52,0,0.497884344923351,-1.8089970838707987
860,47,Male,Hoodie,Clothing,73,Wisconsin,M,Teal,Winter,4.0,Yes,Next Day Air,Yes,Yes,7,Debit Card,Monthly,12,3,-0.8442874474989168,-0.19263243042453357
861,26,Male,Shoes,Footwear,87,South Carolina,M,Maroon,Spring,4.1,Yes,Standard,Yes,Yes,3,Cash,Monthly,12,3,-2.135360550111915,-0.41666365263603133
862,46,Male,Skirt,Clothing,100,Virginia,XL,Green,Spring,3.8,Yes,2-Day Shipping,Yes,Yes,35,Credit Card,Every 3 Months,4,2,-0.46553359867201205,1.6010476305291126
863,19,Male,Coat,Outerwear,84,Arkansas,M,Charcoal,Winter,4.9,Yes,Standard,Yes,Yes,13,PayPal,Fortnightly,26,3,-2.533217351784859,0.06324263551873073
864,49,Male,Sneakers,Footwear,41,Vermont,M,Cyan,Summer,3.9,Yes,Standard,Yes,Yes,42,PayPal,Fortnightly,26,1,0.9603531579683134,0.34181911236733725
865,51,Male,Jeans,Clothing,59,Kentucky,S,Charcoal,Winter,3.9,Yes,Next Day Air,Yes,Yes,5,PayPal,Annually,1,3,-0.5294645882741491,-0.4413090515649361
866,64,Male,Blouse,Clothing,26,Colorado,L,Charcoal,Winter,4.8,Yes,Store Pickup,Yes,Yes,23,Venmo,Annually,1,1,0.4360177234476893,0.3233800365043111
867,67,Male,Sunglasses,Accessories,69,New Mexico,M,Lavender,Summer,2.7,Yes,Free Shipping,Yes,Yes,11,PayPal,Bi-Weekly,26,3,1.210391565825231,-0.6090717193036731
868,37,Male,Jacket,Outerwear,20,Colorado,M,Turquoise,Spring,3.1,Yes,Free Shipping,Yes,Yes,23,Bank Transfer,Fortnightly,26,1,0.8321033534869466,-1.665644146220753
869,40,Male,Dress,Clothing,83,North Carolina,M,Green,Summer,3.2,Yes,Next Day Air,Yes,Yes,2,Credit Card,Every 3 Months,4,3,-0.9500071965003453,-0.6659416732983713
870,38,Male,Hat,Accessories,54,New Hampshire,M,Silver,Spring,2.7,Yes,2-Day Shipping,Yes,Yes,33,PayPal,Weekly,52,0,1.1076724855954418,-0.9722804057856802
871,66,Male,Hoodie,Clothing,66,West Virginia,M,Blue,Fall,2.5,Yes,Standard,Yes,Yes,6,Bank Transfer,Bi-Weekly,26,3,1.2172314479379227,-1.0261678687875655
872,47,Male,Handbag,Accessories,42,Hawaii,M,Charcoal,Spring,2.6,Yes,Next Day Air,Yes,Yes,45,Debit Card,Quarterly,4,1,1.66883036657242,-0.004755696520221298
873,56,Male,Jeans,Clothing,33,North Dakota,M,Pink,Spring,2.9,Yes,Standard,Yes,Yes,25,Cash,Quarterly,4,1,1.411484428975086,-0.7066328167922082
874,51,Male,Boots,Footwear,77,Mississippi,M,Pink,Summer,4.2,Yes,Free Shipping,Yes,Yes,24,Venmo,Quarterly,4,2,-0.4718241852064172,0.9217219922704103
875,25,Male,Jacket,Outerwear,65,Maine,M,Magenta,Fall,4.4,Yes,Free Shipping,Yes,Yes,10,Venmo,Every 3 Months,4,3,-1.8957435946993906,-0.3904001088667271
876,37,Male,Sandals,Footwear,39,North Dakota,L,Gray,Summer,4.1,Yes,Free Shipping,Yes,Yes,7,Bank Transfer,Every 3 Months,4,3,-0.8388708842408175,-1.049742365359604
877,41,Male,Belt,Accessories,51,Nebraska,L,Gray,Summer,3.8,Yes,2-Day Shipping,Yes,Yes,1,Debit Card,Weekly,52,0,-0.40538371660624306,-1.715160834221876
878,64,Male,Handbag,Accessories,65,Nebraska,M,Orange,Winter,4.9,Yes,Next Day Air,Yes,Yes,45,Venmo,Every 3 Months,4,2,0.3723426640935768,2.1975522605939384
879,23,Male,Sunglasses,Accessories,89,Tennessee,S,Black,Summer,4.9,Yes,Express,Yes,Yes,37,Debit Card,Weekly,52,0,-1.535907680435651,0.9531531860670959
880,62,Male,Skirt,Clothing,76,Wyoming,S,Lavender,Spring,4.1,Yes,Free Shipping,Yes,Yes,14,PayPal,Quarterly,4,3,-0.2112990152427181,0.6492082906860368
881,39,Male,Backpack,Accessories,75,Nevada,L,Red,Spring,3.1,Yes,Express,Yes,Yes,25,Debit Card,Monthly,12,2,-0.0627591657603255,-0.0592750211558407
882,52,Male,Sandals,Footwear,61,South Carolina,M,Silver,Summer,2.7,Yes,Next Day Air,Yes,Yes,18,Venmo,Annually,1,3,0.696279230392781,-0.4999632756374445
883,50,Male,Boots,Footwear,35,Virginia,M,Cyan,Fall,3.8,Yes,Next Day Air,Yes,Yes,37,Cash,Every 3 Months,4,1,0.8349060290718376,0.2318099314717394
884,28,Male,Sneakers,Footwear,37,Pennsylvania,S,Gold,Fall,4.3,Yes,Free Shipping,Yes,Yes,30,Bank Transfer,Monthly,12,1,-0.5959791543748592,-0.30000611092152357
885,67,Male,Skirt,Clothing,91,Hawaii,L,Yellow,Winter,4.1,Yes,Express,Yes,Yes,34,Bank Transfer,Weekly,52,0,0.7427791211177844,1.3477967214617768
886,41,Male,Dress,Clothing,99,Ohio,L,Purple,Fall,4.4,Yes,Free Shipping,Yes,Yes,49,Debit Card,Every 3 Months,4,2,-0.6820490207003351,2.4047924653761474
887,19,Male,Shorts,Clothing,54,Utah,S,Brown,Summer,3.6,Yes,Express,Yes,Yes,48,Bank Transfer,Monthly,12,1,-0.24578436869743076,0.2803183408461048
888,70,Male,Handbag,Accessories,47,Minnesota,L,Turquoise,Winter,3.3,Yes,2-Day Shipping,Yes,Yes,33,PayPal,Fortnightly,26,1,1.9028038446902376,0.2053725646953331
889,49,Male,Scarf,Accessories,77,New Hampshire,S,Gold,Spring,3.8,Yes,Express,Yes,Yes,44,Cash,Annually,1,2,0.27020956707217153,1.5396172870426985
890,59,Male,Belt,Accessories,84,Arizona,S,Olive,Fall,2.8,Yes,Free Shipping,Yes,Yes,50,Venmo,Weekly,52,0,1.8988040591783417,0.9572821724769327
891,52,Male,Gloves,Accessories,51,New York,S,Purple,Spring,4.3,Yes,2-Day Shipping,Yes,Yes,47,Credit Card,Monthly,12,1,0.6557661890358075,1.2575650673671925
892,20,Male,Skirt,Clothing,26,Pennsylvania,S,Lavender,Summer,3.9,Yes,Store Pickup,Yes,Yes,24,PayPal,Every 3 Months,4,1,-0.706250204147495,-1.1076779877742815
893,31,Male,Shorts,Clothing,64,New Mexico,L,Gray,Summer,2.7,Yes,Free Shipping,Yes,Yes,43,Debit Card,Monthly,12,2,0.5812181591612846,0.04902681154955633
894,33,Male,Backpack,Accessories,51,Nebraska,M,Red,Spring,4.7,Yes,Express,Yes,Yes,14,Venmo,Monthly,12,3,-1.3576528140136044,-0.31569342890802815
895,44,Male,Hoodie,Clothing,60,Wyoming,L,Purple,Spring,3.8,Yes,Free Shipping,Yes,Yes,3,Debit Card,Quarterly,4,3,-0.7973947417778542,-0.7444932033885103
896,40,Male,Hat,Accessories,69,Mississippi,XL,Olive,Spring,4.7,Yes,Next Day Air,Yes,Yes,33,Debit Card,Quarterly,4,2,-0.8940616264533204,1.1649238532177
897,69,Male,Jewelry,Accessories,29,Arkansas,M,Lavender,Spring,4.7,Yes,Express,Yes,Yes,38,Cash,Fortnightly,26,1,1.313554487130668,0.761605491356695
898,29,Male,Shirt,Clothing,91,Illinois,M,Gray,Spring,3.4,Yes,Express,Yes,Yes,46,Venmo,Weekly,52,0,-0.004068332677387543,0.6606440590024503
899,54,Male,Belt,Accessories,70,Nevada,L,Red,Spring,3.5,Yes,2-Day Shipping,Yes,Yes,19,Bank Transfer,Every 3 Months,4,3,0.12081145024712717,0.2116049554408911
900,65,Male,Sweater,Clothing,58,Rhode Island,M,Peach,Summer,4.0,Yes,Standard,Yes,Yes,20,PayPal,Annually,1,3,0.4267613570133777,0.5223884113206753
901,54,Male,Hat,Accessories,98,West Virginia,L,Gray,Fall,3.3,Yes,Free Shipping,Yes,Yes,42,Bank Transfer,Quarterly,4,2,0.4530629698020548,1.7363981434959466
902,60,Male,Scarf,Accessories,68,Missouri,L,Violet,Summer,4.7,Yes,2-Day Shipping,Yes,Yes,34,Cash,Monthly,12,2,0.054768657547922296,1.503256059049284
903,43,Male,Hat,Accessories,44,Kentucky,M,Beige,Summer,2.8,Yes,Next Day Air,Yes,Yes,5,Cash,Monthly,12,3,0.25964849122870914,-1.726224587415081
904,44,Male,Jacket,Outerwear,45,Washington,M,Blue,Winter,3.3,Yes,Express,Yes,Yes,3,PayPal,Quarterly,4,3,-0.19595327726837955,-1.3820811628826848
905,69,Male,T-shirt,Clothing,99,Alaska,L,Magenta,Spring,2.9,Yes,Free Shipping,Yes,Yes,46,PayPal,Every 3 Months,4,2,1.4574850335327432,2.019492525014102
906,46,Male,Dress,Clothing,68,Mississippi,S,Cyan,Spring,2.8,Yes,Standard,Yes,Yes,16,Venmo,Annually,1,3,0.202871421650397,-0.48894567258370997
907,41,Male,Pants,Clothing,56,South Carolina,M,Red,Spring,4.2,Yes,Standard,Yes,Yes,21,Debit Card,Bi-Weekly,26,3,-0.43112739543751116,-0.1925094001515111
908,32,Male,Sweater,Clothing,43,Missouri,L,Cyan,Winter,4.4,Yes,Express,Yes,Yes,34,Credit Card,Bi-Weekly,26,1,-0.3615636145852494,-0.025477314929392248
909,26,Male,Sunglasses,Accessories,99,New Jersey,M,Turquoise,Winter,3.6,Yes,Free Shipping,Yes,Yes,9,PayPal,Every 3 Months,4,3,-1.881181036507462,-0.05926094052476007
910,61,Male,Belt,Accessories,56,Louisiana,L,Silver,Fall,2.7,Yes,Express,Yes,Yes,36,PayPal,Weekly,52,0,2.1179010732881784,-0.31335380748928626
911,49,Male,Hoodie,Clothing,25,South Carolina,S,Pink,Spring,3.4,Yes,Express,Yes,Yes,22,Credit Card,Monthly,12,1,0.8849210546846177,-0.9895984432620415
912,53,Male,Pants,Clothing,74,Vermont,M,Black,Winter,2.8,Yes,2-Day Shipping,Yes,Yes,2,Bank Transfer,Quarterly,4,3,0.02288363262811149,-0.8312253351924366
913,24,Male,Hoodie,Clothing,56,Arkansas,M,Green,Winter,3.4,Yes,Next Day Air,Yes,Yes,32,Bank Transfer,Monthly,12,1,-0.38513337971605477,-0.3584794850925227
914,37,Male,Sneakers,Footwear,47,Utah,M,Yellow,Fall,2.6,Yes,Next Day Air,Yes,Yes,29,Cash,Every 3 Months,4,1,0.7138686180881285,-0.7754264572825815
915,43,Male,Dress,Clothing,67,Washington,L,Purple,Summer,4.1,Yes,Standard,Yes,Yes,27,Venmo,Every 3 Months,4,2,-0.483326300610415,0.5872565332446572
916,31,Male,Dress,Clothing,22,Rhode Island,L,Purple,Winter,2.9,Yes,Store Pickup,Yes,Yes,33,Credit Card,Fortnightly,26,1,0.9750141162626856,-1.4337212822977539
917,49,Male,Jeans,Clothing,34,Illinois,S,Blue,Spring,2.7,Yes,Standard,Yes,Yes,16,Venmo,Monthly,12,1,1.0590516783716704,-1.4266437064853754
918,69,Male,Sweater,Clothing,64,Missouri,M,Maroon,Spring,3.7,Yes,Standard,Yes,Yes,11,Bank Transfer,Quarterly,4,3,0.4759679445233775,0.15936419974318408
919,65,Male,Shorts,Clothing,42,North Carolina,M,Orange,Spring,4.3,Yes,2-Day Shipping,Yes,Yes,11,Cash,Fortnightly,26,3,0.4450442451445196,-0.38584970485352404
920,41,Male,Shirt,Clothing,82,Massachusetts,L,Green,Winter,2.6,Yes,2-Day Shipping,Yes,Yes,17,Debit Card,Bi-Weekly,26,3,0.15358102745409613,-0.6511168928525508
921,37,Male,Belt,Accessories,81,Arkansas,XL,Gold,Summer,4.3,Yes,Free Shipping,Yes,Yes,37,Cash,Weekly,52,0,-0.3967636453560278,0.7195559308497923
922,70,Male,Coat,Outerwear,24,South Dakota,L,Silver,Summer,4.1,Yes,Express,Yes,Yes,18,PayPal,Weekly,52,0,1.5221188900449776,-0.8530253766103895
923,63,Male,Sneakers,Footwear,60,Georgia,M,Cyan,Fall,4.2,Yes,Standard,Yes,Yes,13,Credit Card,Monthly,12,3,0.06716864700088365,0.2041204229739411
924,55,Male,Shirt,Clothing,24,Arkansas,M,Silver,Spring,4.2,Yes,2-Day Shipping,Yes,Yes,7,PayPal,Weekly,52,0,0.5135476605862628,-1.578811021415481
925,52,Male,Socks,Clothing,78,Kansas,XL,Beige,Winter,3.1,Yes,Standard,Yes,Yes,37,Cash,Quarterly,4,2,0.6999014130861173,0.8959219978028121
926,22,Male,Jeans,Clothing,88,Arizona,L,Teal,Winter,4.9,Yes,Express,Yes,Yes,8,Cash,Monthly,12,3,-2.740826062350982,0.18691770447092937
927,54,Male,Jeans,Clothing,63,Massachusetts,XL,Green,Spring,4.4,Yes,Express,Yes,Yes,11,Cash,Bi-Weekly,26,3,-0.4316010919066224,-0.06401475369273284
928,28,Male,Sneakers,Footwear,78,New Mexico,L,Black,Summer,4.4,Yes,Standard,Yes,Yes,8,Venmo,Bi-Weekly,26,3,-1.8484252290527305,-0.3838041816201403
929,67,Male,Dress,Clothing,37,Arkansas,XL,Yellow,Winter,3.4,Yes,Store Pickup,Yes,Yes,31,Cash,Every 3 Months,4,1,1.6212892643617036,0.15669600459029973
930,59,Male,Boots,Footwear,94,Nebraska,M,White,Fall,4.5,Yes,2-Day Shipping,Yes,Yes,26,Debit Card,Fortnightly,26,2,-0.3803789504735884,1.4674432494036973
931,26,Male,T-shirt,Clothing,78,Hawaii,L,Green,Fall,4.5,Yes,Store Pickup,Yes,Yes,20,Credit Card,Bi-Weekly,26,3,-1.6605856963600638,0.13938914990996779
932,24,Male,Coat,Outerwear,36,Nebraska,M,Silver,Winter,4.1,Yes,Standard,Yes,Yes,24,Bank Transfer,Fortnightly,26,1,-0.651797553157262,-0.9531796230526504
933,62,Male,Skirt,Clothing,24,Indiana,L,Blue,Winter,3.2,Yes,Standard,Yes,Yes,45,Debit Card,Bi-Weekly,26,1,2.3629722890055644,-0.05515281608178991
934,70,Male,Sneakers,Footwear,84,Colorado,M,Magenta,Spring,2.7,Yes,Store Pickup,Yes,Yes,33,Debit Card,Monthly,12,2,1.589418627823345,0.9197156130684676
935,45,Male,Jeans,Clothing,47,Oregon,S,Yellow,Spring,3.7,Yes,Express,Yes,Yes,21,Bank Transfer,Monthly,12,1,0.11360447153756544,-0.4260321221398588
936,58,Male,Hoodie,Clothing,51,Ohio,L,White,Fall,2.6,Yes,Store Pickup,Yes,Yes,2,Bank Transfer,Fortnightly,26,3,0.948056583065794,-1.6627192836491829
937,31,Male,Shoes,Footwear,84,Maine,M,Pink,Summer,2.7,Yes,Free Shipping,Yes,Yes,28,Cash,Weekly,52,0,0.17671730992072443,-0.6217279147482975
938,32,Male,Shorts,Clothing,24,Iowa,M,Magenta,Summer,2.7,Yes,Express,Yes,Yes,18,Venmo,Quarterly,4,1,0.5028427763675347,-1.8349193706770985
939,36,Male,Blouse,Clothing,97,Wisconsin,S,Teal,Fall,4.8,Yes,Free Shipping,Yes,Yes,21,Debit Card,Fortnightly,26,2,-1.7421563052345006,1.0116069521312427
940,25,Male,T-shirt,Clothing,89,New York,L,Indigo,Winter,4.8,Yes,Next Day Air,Yes,Yes,24,Credit Card,Monthly,12,2,-2.1062284136451694,0.8956384932753364
941,48,Male,Belt,Accessories,44,Colorado,S,Maroon,Spring,2.6,Yes,Store Pickup,Yes,Yes,15,PayPal,Every 3 Months,4,1,0.8230351640293273,-1.2083499945928067
942,39,Male,Handbag,Accessories,35,Illinois,L,Black,Winter,4.5,Yes,2-Day Shipping,Yes,Yes,38,PayPal,Every 3 Months,4,1,-0.0888588778025631,0.438182207849098
943,26,Male,Dress,Clothing,91,Arizona,M,Cyan,Winter,3.2,Yes,Express,Yes,Yes,38,PayPal,Bi-Weekly,26,2,-0.44576318348301164,0.4754761764538976
944,32,Male,Hat,Accessories,63,Oklahoma,L,Cyan,Winter,3.8,Yes,Next Day Air,Yes,Yes,13,Venmo,Fortnightly,26,3,-0.8674161355300107,-0.7816716045058487
945,54,Male,Belt,Accessories,97,Indiana,S,Gray,Spring,4.8,Yes,Express,Yes,Yes,39,Cash,Bi-Weekly,26,2,-0.47988420995559317,2.1538916798201604
946,38,Male,Boots,Footwear,38,Minnesota,M,Violet,Summer,4.1,Yes,Store Pickup,Yes,Yes,8,Venmo,Every 3 Months,4,3,-0.7521771385934478,-1.0099479432837009
947,46,Male,Coat,Outerwear,24,Pennsylvania,XL,Blue,Spring,2.8,Yes,Next Day Air,Yes,Yes,4,PayPal,Quarterly,4,3,0.6166687706183386,-2.077143196708297
948,57,Male,Blouse,Clothing,32,Indiana,M,Charcoal,Winter,3.9,Yes,Store Pickup,Yes,Yes,6,Cash,Every 3 Months,4,3,0.2227811806598538,-0.9496288167187965
949,49,Male,Hat,Accessories,90,Alabama,L,Olive,Summer,4.9,Yes,Express,Yes,Yes,11,Venmo,Every 3 Months,4,3,-1.634801330390616,1.031702767593113
950,33,Male,Jeans,Clothing,36,Montana,M,Olive,Summer,3.4,Yes,Standard,Yes,Yes,49,Venmo,Monthly,12,1,0.8051688741208525,0.07854251679687754
951,54,Male,Backpack,Accessories,37,New Mexico,XL,Turquoise,Winter,4.1,Yes,Free Shipping,Yes,Yes,30,PayPal,Quarterly,4,1,0.5572719024563133,0.23614775566888943
952,47,Male,Dress,Clothing,51,Alaska,M,Cyan,Summer,2.9,Yes,Express,Yes,Yes,34,Bank Transfer,Monthly,12,1,1.0655195469861638,-0.19021367789177487
953,36,Male,Hat,Accessories,71,Idaho,S,Red,Fall,3.1,Yes,2-Day Shipping,Yes,Yes,28,PayPal,Monthly,12,2,-0.036005893109342504,-0.0899218342619957
954,68,Male,Sunglasses,Accessories,50,Utah,S,Cyan,Spring,3.6,Yes,2-Day Shipping,Yes,Yes,36,Venmo,Quarterly,4,1,1.4487742009302642,0.8104505598090029
955,60,Male,Hat,Accessories,74,Louisiana,S,Turquoise,Fall,3.5,Yes,Standard,Yes,Yes,18,Credit Card,Every 3 Months,4,3,0.27595987969763386,0.3902330003058787
956,55,Male,Dress,Clothing,75,Mississippi,L,Lavender,Summer,3.4,Yes,Free Shipping,Yes,Yes,4,PayPal,Monthly,12,3,-0.20614501749602607,-0.44313418723537085
957,29,Male,Shirt,Clothing,99,Mississippi,XL,Cyan,Spring,2.9,Yes,2-Day Shipping,Yes,Yes,42,Debit Card,Quarterly,4,2,-0.32239277106723974,1.0074660418542627
958,38,Male,Scarf,Accessories,23,Indiana,XL,Violet,Spring,4.7,Yes,Store Pickup,Yes,Yes,11,Cash,Quarterly,4,3,-0.8417478563179662,-0.8986164622476058
959,70,Male,Sneakers,Footwear,53,Washington,XL,Beige,Winter,4.4,Yes,Free Shipping,Yes,Yes,31,Credit Card,Bi-Weekly,26,1,0.970001651440022,0.884289267719887
960,36,Male,Skirt,Clothing,99,Nevada,M,Cyan,Spring,2.6,Yes,Standard,Yes,Yes,12,Cash,Fortnightly,26,3,-0.47869791836524916,-0.5660989163502941
961,18,Male,Jewelry,Accessories,48,Louisiana,XL,Indigo,Spring,4.4,Yes,Standard,Yes,Yes,20,Venmo,Quarterly,4,3,-1.620870711501072,-0.5161487819431491
962,62,Male,Boots,Footwear,72,Pennsylvania,L,Olive,Fall,3.7,Yes,Next Day Air,Yes,Yes,37,Debit Card,Quarterly,4,2,0.7922845615447429,1.303654440032915
963,29,Male,Sunglasses,Accessories,64,Michigan,L,Green,Spring,4.4,Yes,Standard,Yes,Yes,26,Debit Card,Fortnightly,26,3,-1.0622450801260779,0.06912676821895543
964,21,Male,Boots,Footwear,63,South Carolina,L,Green,Spring,2.5,Yes,2-Day Shipping,Yes,Yes,14,Credit Card,Weekly,52,0,-0.1493635292322919,-2.035951558399308
965,42,Male,Sandals,Footwear,51,Arizona,M,Beige,Spring,2.6,Yes,Next Day Air,Yes,Yes,12,Venmo,Bi-Weekly,26,3,0.5664384343877402,-1.5756950251170023
966,43,Male,Boots,Footwear,55,Delaware,L,Black,Spring,5.0,Yes,Store Pickup,Yes,Yes,10,Credit Card,Annually,1,3,-1.430446713654654,0.12926048736953782
967,58,Male,Dress,Clothing,55,Kentucky,M,Brown,Spring,4.9,Yes,Express,Yes,Yes,19,Cash,Annually,1,3,-0.47882944508592945,0.770247019795989
968,27,Male,Hoodie,Clothing,26,Georgia,S,Silver,Summer,3.7,Yes,Store Pickup,Yes,Yes,4,Cash,Weekly,52,0,-0.41826854245512035,-2.530978140610228
969,57,Male,Shorts,Clothing,67,North Carolina,L,Gray,Summer,3.1,Yes,Next Day Air,Yes,Yes,48,Bank Transfer,Quarterly,4,2,1.4036371327841826,1.2072964018773642
970,40,Male,Coat,Outerwear,31,California,S,Pink,Fall,3.2,Yes,Express,Yes,Yes,37,PayPal,Monthly,12,1,0.9789989059463309,-0.5141965554787077
971,45,Male,Jeans,Clothing,66,California,S,Maroon,Winter,4.4,Yes,Free Shipping,Yes,Yes,4,Cash,Monthly,12,3,-1.1793872100768608,-0.30153311521342335
972,47,Male,Sunglasses,Accessories,67,Indiana,M,Cyan,Summer,4.3,Yes,Next Day Air,Yes,Yes,15,Credit Card,Weekly,52,0,-0.37481949059466513,-0.3339490087433517
973,61,Male,Sneakers,Footwear,61,Colorado,L,Gold,Winter,3.0,Yes,Standard,Yes,Yes,33,Credit Card,Weekly,52,0,1.7378753257750088,-0.15266306265466725
974,60,Male,Jacket,Outerwear,75,Colorado,M,Teal,Fall,3.5,Yes,2-Day Shipping,Yes,Yes,30,Bank Transfer,Quarterly,4,2,0.6011161269056964,0.9226935151512043
975,69,Male,Skirt,Clothing,90,North Carolina,M,Beige,Spring,3.6,Yes,2-Day Shipping,Yes,Yes,23,Bank Transfer,Monthly,12,2,0.528322820955213,1.1253350197616112
976,58,Male,Sweater,Clothing,40,Washington,M,Olive,Summer,3.8,Yes,2-Day Shipping,Yes,Yes,2,Bank Transfer,Weekly,52,0,0.5133731634878758,-1.5750535145197604
977,34,Male,T-shirt,Clothing,90,Florida,M,Gray,Fall,3.6,Yes,Express,Yes,Yes,50,Credit Card,Every 3 Months,4,2,-0.23132319851180272,1.6346139497565573
978,20,Male,Belt,Accessories,20,Washington,M,Black,Spring,4.6,Yes,Express,Yes,Yes,34,Cash,Bi-Weekly,26,1,-0.6214731394106717,-0.7094799852834413
979,56,Male,Gloves,Accessories,40,Colorado,M,Turquoise,Summer,2.5,Yes,Standard,Yes,Yes,33,Credit Card,Weekly,52,0,2.2304756637232317,-1.0375495978900475
980,64,Male,Hat,Accessories,33,New Hampshire,S,Brown,Fall,3.5,Yes,Store Pickup,Yes,Yes,34,Debit Card,Monthly,12,1,1.648257642520787,0.08095362267700255
981,56,Male,Boots,Footwear,98,Maryland,S,Magenta,Spring,4.0,Yes,Free Shipping,Yes,Yes,39,PayPal,Every 3 Months,4,2,-0.043169646935823855,2.046961379096855
982,27,Male,Belt,Accessories,42,Maryland,M,Silver,Spring,3.5,Yes,Next Day Air,Yes,Yes,47,Credit Card,Quarterly,4,1,0.2575277394959718,0.16750991826266542
983,35,Male,Coat,Outerwear,62,Texas,S,Red,Summer,3.2,Yes,Standard,Yes,Yes,37,PayPal,Monthly,12,2,0.2571596085057125,0.1141409699988858
984,24,Male,Hat,Accessories,45,New Mexico,L,Indigo,Winter,3.5,Yes,Free Shipping,Yes,Yes,40,Venmo,Bi-Weekly,26,1,0.07824090181340501,-0.40091457993254415
985,26,Male,Shoes,Footwear,78,Utah,M,Green,Summer,3.4,Yes,Free Shipping,Yes,Yes,8,Credit Card,Bi-Weekly,26,3,-1.225866338131024,-0.9911262963241848
986,32,Male,Handbag,Accessories,80,West Virginia,M,Gray,Fall,5.0,Yes,Express,Yes,Yes,12,Bank Transfer,Annually,1,3,-2.2458224238370352,0.5740378430245023
987,54,Male,Scarf,Accessories,96,Connecticut,S,Peach,Spring,4.5,Yes,Store Pickup,Yes,Yes,36,Bank Transfer,Monthly,12,2,-0.46089189466504066,2.011294328368228
988,62,Male,Handbag,Accessories,47,West Virginia,M,Charcoal,Summer,2.8,Yes,Express,Yes,Yes,48,PayPal,Weekly,52,0,2.5797960103792184,0.0600290782596841
989,50,Male,Pants,Clothing,84,Ohio,M,Orange,Winter,4.9,Yes,2-Day Shipping,Yes,Yes,47,PayPal,Fortnightly,26,2,-0.27387335746953423,2.1577094462176056
990,70,Male,Shoes,Footwear,31,Texas,M,Beige,Spring,3.1,Yes,Store Pickup,Yes,Yes,2,Bank Transfer,Monthly,12,3,1.302367740992787,-1.4228798984813944
991,48,Male,Sunglasses,Accessories,63,Washington,S,Yellow,Spring,4.8,Yes,Store Pickup,Yes,Yes,24,Cash,Weekly,52,0,-0.36353603952306623,0.2566446920186296
992,20,Male,Shorts,Clothing,97,Wisconsin,XL,White,Spring,2.7,Yes,Standard,Yes,Yes,40,Bank Transfer,Bi-Weekly,26,2,-0.3851811212759182,0.2933057426210831
993,46,Male,Jacket,Outerwear,99,Louisiana,M,Gray,Winter,4.6,Yes,Express,Yes,Yes,50,Debit Card,Weekly,52,0,-0.1616922178291526,2.055841860309367
994,51,Male,Sandals,Footwear,90,Iowa,M,Peach,Winter,4.4,Yes,Store Pickup,Yes,Yes,25,Cash,Weekly,52,0,-0.37509135340210764,0.7751237823585644
995,53,Male,Shoes,Footwear,68,New York,L,Violet,Fall,3.2,Yes,Express,Yes,Yes,20,Debit Card,Monthly,12,3,0.4233322794185545,-0.08556372549752335
996,44,Male,Jewelry,Accessories,80,Idaho,M,Magenta,Spring,3.0,Yes,2-Day Shipping,Yes,Yes,10,Venmo,Weekly,52,0,0.06008473083600693,-1.0362338939339826
997,29,Male,Sandals,Footwear,91,Delaware,L,Maroon,Summer,4.9,Yes,Standard,Yes,Yes,32,Bank Transfer,Quarterly,4,2,-1.8863372005876022,1.524545158941043
998,64,Male,Pants,Clothing,30,Kentucky,M,Cyan,Spring,3.6,Yes,Express,Yes,Yes,31,Cash,Fortnightly,26,1,1.6658449941003066,-0.2385498656576945
999,51,Male,Shoes,Footwear,90,Connecticut,M,White,Spring,3.8,Yes,Next Day Air,Yes,Yes,48,Bank Transfer,Bi-Weekly,26,2,0.47329088482368936,1.7414439803455684
1000,50,Male,Socks,Clothing,28,New Mexico,L,Brown,Spring,2.9,Yes,Standard,Yes,Yes,23,Debit Card,Monthly,12,1,1.2582734203358414,-1.137741009784172
1001,43,Male,Socks,Clothing,46,Georgia,M,Red,Winter,3.9,Yes,Express,Yes,Yes,1,Bank Transfer,Bi-Weekly,26,3,-0.5399361133588466,-1.4045977272877768
1002,61,Male,Dress,Clothing,60,Washington,M,Orange,Fall,3.6,Yes,Standard,Yes,Yes,4,Debit Card,Fortnightly,26,3,0.2749932369177045,-0.7365447849451042
1003,55,Male,Shoes,Footwear,59,North Dakota,M,White,Spring,3.5,Yes,Store Pickup,Yes,Yes,3,Bank Transfer,Bi-Weekly,26,3,0.08377403068785458,-0.985494490646681
1004,56,Male,Hat,Accessories,68,Ohio,M,Green,Fall,4.0,Yes,Store Pickup,Yes,Yes,3,Cash,Bi-Weekly,26,3,-0.3766130779598715,-0.46884086813332937
1005,33,Male,Backpack,Accessories,79,Tennessee,M,Black,Summer,4.8,Yes,2-Day Shipping,Yes,Yes,44,Cash,Annually,1,2,-1.1351708073822857,1.815178366612554
1006,43,Male,Backpack,Accessories,94,New York,M,Gold,Winter,3.9,Yes,Store Pickup,Yes,Yes,5,Debit Card,Bi-Weekly,26,3,-1.2212690619088562,-0.0990391550034036
1007,21,Male,Pants,Clothing,83,Michigan,S,Lavender,Summer,4.5,Yes,Next Day Air,Yes,Yes,50,Venmo,Quarterly,4,2,-1.2920624300616161,1.7038445133668831
1008,58,Male,Gloves,Accessories,62,Georgia,XL,Turquoise,Spring,4.8,Yes,Standard,Yes,Yes,2,Credit Card,Annually,1,3,-1.0083250010676927,0.15859537841351815
1009,41,Male,Scarf,Accessories,85,New Mexico,M,Pink,Spring,2.6,Yes,Store Pickup,Yes,Yes,29,PayPal,Annually,1,2,0.2243496008534986,0.24622417496953042
1010,39,Male,Hoodie,Clothing,30,Louisiana,M,Silver,Summer,3.1,Yes,Express,Yes,Yes,11,Venmo,Annually,1,1,0.18675026342435153,-1.5781101300078653
1011,54,Male,Jeans,Clothing,24,South Dakota,XL,Gray,Spring,4.7,Yes,2-Day Shipping,Yes,Yes,37,Credit Card,Fortnightly,26,1,0.7431763912875456,0.2849661353990101
1012,43,Male,Backpack,Accessories,25,Montana,L,Indigo,Spring,2.9,Yes,Next Day Air,Yes,Yes,32,Debit Card,Fortnightly,26,1,1.396625546268068,-1.1523948392458638
1013,28,Male,Sandals,Footwear,37,New Mexico,L,Teal,Summer,3.8,Yes,Express,Yes,Yes,27,Credit Card,Annually,1,1,-0.4258325636982509,-0.5700836267763337
1014,59,Male,Belt,Accessories,69,South Carolina,XL,Green,Summer,3.8,Yes,2-Day Shipping,Yes,Yes,31,Venmo,Bi-Weekly,26,2,0.6702940745921493,0.6921545247645309
1015,28,Male,Shoes,Footwear,97,Ohio,M,Violet,Summer,3.0,Yes,Standard,Yes,Yes,36,Debit Card,Fortnightly,26,2,-0.37765228201070844,0.46175338007948796
1016,68,Male,Gloves,Accessories,24,North Carolina,M,Cyan,Summer,4.1,Yes,Standard,Yes,Yes,34,Cash,Weekly,52,0,1.8944520830238936,-0.21675389050139132
1017,20,Male,Belt,Accessories,30,Idaho,XL,Blue,Summer,3.4,Yes,Express,Yes,Yes,15,Bank Transfer,Every 3 Months,4,3,-0.6758844081485936,-1.6772109820761991
1018,21,Male,Jacket,Outerwear,53,Oklahoma,L,Orange,Fall,2.5,Yes,Express,Yes,Yes,14,Credit Card,Annually,1,3,-0.43504372850516154,-1.6248102656013401
1019,50,Male,Dress,Clothing,70,Georgia,XL,Charcoal,Spring,4.9,Yes,Next Day Air,Yes,Yes,46,Cash,Weekly,52,0,0.1596976589784245,1.4537372952965653
1020,32,Male,Shirt,Clothing,76,Kentucky,S,Beige,Winter,2.8,Yes,Standard,Yes,Yes,33,Venmo,Bi-Weekly,26,2,0.19260312271821914,-0.19122525504810356
1021,24,Male,Scarf,Accessories,95,Delaware,M,Black,Fall,4.5,Yes,Express,Yes,Yes,41,Debit Card,Annually,1,2,-1.6487680469429553,1.7075265785445397
1022,55,Male,Coat,Outerwear,51,Massachusetts,S,Lavender,Winter,4.9,Yes,2-Day Shipping,Yes,Yes,39,PayPal,Weekly,52,0,0.48338787572158204,0.8125929633755018
1023,61,Male,Handbag,Accessories,41,Nebraska,M,Lavender,Winter,4.9,Yes,Store Pickup,Yes,Yes,7,Cash,Annually,1,3,-0.46366021536811963,-0.006687303124398816
1024,61,Male,Sunglasses,Accessories,71,Maine,S,Turquoise,Winter,3.5,Yes,Free Shipping,Yes,Yes,29,Bank Transfer,Every 3 Months,4,2,0.6805584660587007,0.8066913031280235
1025,28,Male,T-shirt,Clothing,66,Pennsylvania,M,Purple,Summer,3.5,Yes,Free Shipping,Yes,Yes,18,Venmo,Quarterly,4,3,-0.9242758815033709,-0.47303633100401593
1026,60,Male,Shirt,Clothing,84,Nebraska,M,Olive,Winter,4.9,Yes,Free Shipping,Yes,Yes,15,Credit Card,Annually,1,3,-0.9898968985492763,1.3290795845897867
1027,49,Male,Handbag,Accessories,95,Virginia,L,Turquoise,Winter,3.0,Yes,Express,Yes,Yes,39,PayPal,Bi-Weekly,26,2,0.6155478840685275,0.9838952031618294
1028,33,Male,Jewelry,Accessories,90,Ohio,L,Teal,Summer,2.8,Yes,Next Day Air,Yes,Yes,11,Cash,Monthly,12,3,-0.7480879308725623,-0.5938056484996684
1029,45,Male,Hoodie,Clothing,36,Nebraska,S,Lavender,Summer,3.7,Yes,Standard,Yes,Yes,4,Cash,Fortnightly,26,3,-0.06436001955157333,-1.5849761918912815
1030,29,Male,Gloves,Accessories,22,Ohio,M,Purple,Spring,3.6,Yes,2-Day Shipping,Yes,Yes,33,Venmo,Bi-Weekly,26,1,0.39761545257779085,-1.0802022039691401
1031,58,Male,Coat,Outerwear,89,Kentucky,L,Blue,Winter,3.3,Yes,Next Day Air,Yes,Yes,37,Debit Card,Quarterly,4,2,0.6263827190459544,1.3956506232282708
1032,22,Male,Sandals,Footwear,50,Tennessee,M,Teal,Spring,3.4,Yes,Free Shipping,Yes,Yes,32,Cash,Quarterly,4,1,-0.4398276090801777,-0.4409803024680032
1033,55,Male,Boots,Footwear,36,Maine,M,Lavender,Fall,4.0,Yes,Free Shipping,Yes,Yes,44,Credit Card,Quarterly,4,1,1.0847521323948854,0.7706163380275661
1034,19,Male,Pants,Clothing,52,Montana,S,Silver,Spring,4.6,Yes,Free Shipping,Yes,Yes,41,Bank Transfer,Quarterly,4,2,-1.188646424625722,0.6030061071433501
1035,68,Male,Socks,Clothing,29,Maryland,M,Olive,Fall,4.2,Yes,Next Day Air,Yes,Yes,44,Bank Transfer,Weekly,52,0,2.0257985583081966,0.3820909444376098
1036,61,Male,Blouse,Clothing,89,Georgia,M,Brown,Fall,2.8,Yes,Express,Yes,Yes,32,Venmo,Annually,1,2,0.9353239340584447,1.0023404753894778
1037,68,Male,Handbag,Accessories,47,Hawaii,M,Yellow,Fall,3.7,Yes,2-Day Shipping,Yes,Yes,13,Bank Transfer,Monthly,12,3,0.8437213105991093,-0.28083232307295125
1038,52,Male,Jewelry,Accessories,25,Rhode Island,XL,Brown,Spring,3.4,Yes,Standard,Yes,Yes,48,Debit Card,Quarterly,4,1,1.6794694434516104,0.2775877760260142
1039,41,Male,Pants,Clothing,74,Nebraska,XL,Cyan,Fall,3.0,Yes,Express,Yes,Yes,3,Bank Transfer,Weekly,52,0,-0.16479676469920806,-1.5382079500803034
1040,29,Male,Belt,Accessories,46,Michigan,M,Magenta,Fall,4.8,Yes,Standard,Yes,Yes,39,Venmo,Monthly,12,1,-0.8000734390176323,0.5982435172957117
1041,68,Male,Jeans,Clothing,22,North Carolina,S,Magenta,Fall,4.0,Yes,Next Day Air,Yes,Yes,7,Cash,Fortnightly,26,1,0.999191642732348,-1.13514283223541
1042,36,Male,Shirt,Clothing,25,Minnesota,M,Orange,Summer,4.9,Yes,Next Day Air,Yes,Yes,11,Cash,Fortnightly,26,3,-0.9046505426957362,-1.0598090608742066
1043,55,Male,Belt,Accessories,80,Maryland,M,Maroon,Spring,4.9,Yes,Next Day Air,Yes,Yes,47,Credit Card,Weekly,52,0,0.23074569345717205,1.8380987895210161
1044,28,Male,Jeans,Clothing,76,Hawaii,M,Green,Spring,3.3,Yes,2-Day Shipping,Yes,Yes,28,Debit Card,Fortnightly,26,2,-0.4693074603201082,-0.20486551094300307
1045,39,Male,Jeans,Clothing,30,Oregon,L,Teal,Summer,4.4,Yes,Next Day Air,Yes,Yes,17,Bank Transfer,Every 3 Months,4,1,-0.533452137981809,-0.6270577451724269
1046,54,Male,Sweater,Clothing,79,New Mexico,L,Black,Fall,3.5,Yes,2-Day Shipping,Yes,Yes,11,PayPal,Bi-Weekly,26,3,-0.06140973546018264,-0.19404193612256054
1047,40,Male,Sneakers,Footwear,22,Illinois,M,Magenta,Winter,4.2,Yes,Standard,Yes,Yes,12,Venmo,Annually,1,1,-0.38702648757413266,-1.0822558199840213
1048,31,Male,Socks,Clothing,36,Utah,S,Olive,Fall,4.2,Yes,Standard,Yes,Yes,7,Credit Card,Fortnightly,26,3,-0.9149472297349435,-1.4700270628722574
1049,30,Male,Socks,Clothing,77,Maine,L,Yellow,Fall,2.7,Yes,Standard,Yes,Yes,19,Venmo,Fortnightly,26,3,-0.2353548772783121,-0.859794684223627
1050,45,Male,Sunglasses,Accessories,33,Virginia,S,Purple,Fall,2.8,Yes,Store Pickup,Yes,Yes,24,Cash,Quarterly,4,1,0.995451469260861,-1.0372202142206237
1051,48,Male,Sneakers,Footwear,64,Florida,M,Beige,Winter,3.8,Yes,Next Day Air,Yes,Yes,19,Venmo,Monthly,12,3,-0.17063529488906523,0.011190244789261934
1052,45,Male,Socks,Clothing,53,Ohio,M,Indigo,Fall,2.6,Yes,Free Shipping,Yes,Yes,39,PayPal,Annually,1,1,1.2058769738054393,-0.002844335648404514
1053,60,Male,Shoes,Footwear,36,Virginia,XL,Pink,Fall,3.0,Yes,2-Day Shipping,Yes,Yes,1,Credit Card,Fortnightly,26,3,0.9690479147148383,-1.791904754807025
1054,59,Male,Blouse,Clothing,70,Kansas,M,Blue,Spring,3.3,No,2-Day Shipping,Yes,Yes,10,Debit Card,Bi-Weekly,26,3,0.40863865964673735,-0.45717066552967417
1055,18,Male,Shorts,Clothing,96,Arkansas,L,Cyan,Winter,4.9,No,Express,Yes,Yes,48,PayPal,Quarterly,4,2,-1.9716848219025607,2.0895994897768717
1056,70,Male,Jacket,Outerwear,27,Massachusetts,M,Orange,Spring,3.3,No,Next Day Air,Yes,Yes,24,Debit Card,Annually,1,1,1.7566087457778696,-0.33199138064837835
1057,20,Male,Sweater,Clothing,64,Idaho,L,Black,Winter,2.9,No,2-Day Shipping,Yes,Yes,42,Venmo,Fortnightly,26,2,0.07732946095339738,-0.2898277435683686
1058,65,Male,Jacket,Outerwear,23,Wisconsin,S,Maroon,Spring,4.4,No,2-Day Shipping,Yes,Yes,20,Credit Card,Weekly,52,0,1.175636918195529,-0.7276354265703743
1059,29,Male,Scarf,Accessories,33,New Mexico,L,Violet,Summer,3.1,No,Next Day Air,Yes,Yes,49,Bank Transfer,Every 3 Months,4,1,0.8292308117389168,-0.14464240231346234
1060,22,Male,Jacket,Outerwear,34,North Carolina,M,Beige,Winter,2.5,No,Standard,Yes,Yes,25,Debit Card,Monthly,12,1,0.33198630848566213,-1.7267269155600016
1061,27,Male,Sweater,Clothing,35,Iowa,S,Gray,Summer,2.6,No,Next Day Air,Yes,Yes,21,Debit Card,Every 3 Months,4,1,0.2683705214056668,-1.6092200582795566
1062,36,Male,Coat,Outerwear,62,Idaho,M,Gray,Summer,4.4,No,Free Shipping,Yes,Yes,12,Venmo,Every 3 Months,4,3,-1.3309453616382756,-0.1449307471478262
1063,59,Male,Boots,Footwear,75,Ohio,M,Brown,Fall,2.6,No,Next Day Air,Yes,Yes,21,Debit Card,Every 3 Months,4,2,0.9384457023866791,0.0113561713817323
1064,62,Male,Hoodie,Clothing,29,Alabama,S,Indigo,Summer,3.3,No,Free Shipping,Yes,Yes,35,Cash,Monthly,12,1,1.8008776783648224,-0.12647173670451253
1065,34,Male,Hat,Accessories,28,Wyoming,M,Violet,Spring,3.5,No,Express,Yes,Yes,42,Credit Card,Every 3 Months,4,1,0.6386328206107452,-0.22838468549222404
1066,59,Male,T-shirt,Clothing,20,Alabama,XL,Blue,Spring,4.1,No,Store Pickup,Yes,Yes,3,PayPal,Every 3 Months,4,3,0.27828747403582604,-1.2056560188916194
1067,49,Male,Coat,Outerwear,96,Mississippi,M,Red,Winter,4.0,No,Store Pickup,Yes,Yes,11,PayPal,Bi-Weekly,26,3,-0.9042324715859072,0.3855741722182563
1068,18,Male,Dress,Clothing,43,Pennsylvania,S,Peach,Summer,2.7,No,2-Day Shipping,Yes,Yes,22,PayPal,Quarterly,4,1,-0.28112160534510794,-1.5105200654645716
1069,55,Male,Shirt,Clothing,94,Wyoming,M,Olive,Fall,2.5,No,Standard,Yes,Yes,47,Credit Card,Weekly,52,0,1.692858163761421,0.8129388732683518
1070,38,Male,Skirt,Clothing,81,Maryland,XL,White,Fall,4.3,No,Next Day Air,Yes,Yes,33,Venmo,Every 3 Months,4,2,-0.8938273841517349,1.1807122464657782
1071,50,Male,Jewelry,Accessories,75,North Carolina,M,Magenta,Summer,3.3,No,Free Shipping,Yes,Yes,50,Debit Card,Weekly,52,0,1.3201398061993603,0.8373436000669858
1072,61,Male,Hat,Accessories,81,Pennsylvania,M,Beige,Summer,2.6,No,Express,Yes,Yes,46,Credit Card,Monthly,12,2,1.7050644428756714,1.1538458934902223
1073,48,Male,Shorts,Clothing,92,Idaho,L,Gold,Fall,3.8,No,Express,Yes,Yes,34,Debit Card,Fortnightly,26,2,-0.08346961888148721,1.1319997554618533
1074,22,Male,Scarf,Accessories,96,California,XL,Purple,Spring,4.0,No,Store Pickup,Yes,Yes,33,Credit Card,Monthly,12,2,-1.5261700497246746,0.9275527021862627
1075,48,Male,Jewelry,Accessories,71,Tennessee,S,White,Fall,2.6,No,Standard,Yes,Yes,45,Bank Transfer,Fortnightly,26,2,1.424723908858073,0.4231713793605757
1076,57,Male,Sunglasses,Accessories,50,Missouri,L,Indigo,Summer,4.9,No,Next Day Air,Yes,Yes,32,Debit Card,Bi-Weekly,26,1,0.15381228183278675,0.8645024690998911
1077,33,Male,Coat,Outerwear,72,North Dakota,L,Charcoal,Spring,2.9,No,Standard,Yes,Yes,47,Venmo,Bi-Weekly,26,2,0.6286144300398744,0.38528594594691323
1078,58,Male,Jacket,Outerwear,28,West Virginia,M,Pink,Winter,3.7,No,Standard,Yes,Yes,5,PayPal,Quarterly,4,3,0.44339499682539957,-1.1786711690987601
1079,37,Male,Sweater,Clothing,59,Arizona,M,Silver,Fall,4.4,No,Express,Yes,Yes,49,Credit Card,Fortnightly,26,2,0.008757037332176358,1.0944730093864303
1080,18,Male,Coat,Outerwear,33,Oklahoma,S,Blue,Summer,4.4,No,Free Shipping,Yes,Yes,48,Bank Transfer,Monthly,12,1,-0.5042016430487258,0.2144355437700717
1081,65,Male,Scarf,Accessories,59,Pennsylvania,L,Blue,Fall,3.8,No,Express,Yes,Yes,22,Cash,Every 3 Months,4,1,0.634869593289423,0.47970735929643854
1082,62,Male,Belt,Accessories,30,Idaho,XL,Brown,Spring,4.5,No,Standard,Yes,Yes,45,Credit Card,Annually,1,1,1.1246999420878872,1.1391520115079812
1083,54,Male,Hat,Accessories,85,South Carolina,XL,Cyan,Winter,2.6,No,Next Day Air,Yes,Yes,30,Venmo,Quarterly,4,2,0.8208171097203839,0.5243070505201068
1084,35,Male,Backpack,Accessories,97,Washington,L,Teal,Summer,3.3,No,Store Pickup,Yes,Yes,43,Cash,Weekly,52,0,0.13157683812565074,0.7452846024573678
1085,34,Male,T-shirt,Clothing,36,Arkansas,S,Purple,Fall,4.1,No,Next Day Air,Yes,Yes,48,Cash,Quarterly,4,1,0.2534401271880921,0.5544597973018963
1086,25,Male,Jewelry,Accessories,85,Utah,M,Turquoise,Winter,3.0,No,Store Pickup,Yes,Yes,23,Venmo,Fortnightly,26,3,-0.6739905514246435,-0.43661305664364186
1087,53,Male,Sunglasses,Accessories,62,Alaska,M,Olive,Winter,3.0,No,Free Shipping,Yes,Yes,27,PayPal,Bi-Weekly,26,1,0.9871492053624578,-0.22162938419463477
1088,45,Male,Jeans,Clothing,71,West Virginia,S,White,Winter,3.4,No,Next Day Air,Yes,Yes,7,Bank Transfer,Monthly,12,3,-0.4709364743385436,-0.6212059455619733
1089,49,Male,Pants,Clothing,21,Louisiana,M,Turquoise,Winter,2.7,No,Free Shipping,Yes,Yes,2,PayPal,Weekly,52,0,1.2297559079279725,-2.835971615518784
1090,40,Male,Backpack,Accessories,61,Arizona,M,Silver,Spring,3.8,No,Next Day Air,Yes,Yes,33,PayPal,Bi-Weekly,26,2,0.06845248619763498,0.1874734898141081
1091,38,Male,Scarf,Accessories,58,Connecticut,M,Violet,Spring,4.2,No,Store Pickup,Yes,Yes,27,Cash,Fortnightly,26,3,-0.41834829024279235,0.04603749875118153
1092,44,Male,Sweater,Clothing,80,North Carolina,L,Lavender,Spring,4.7,No,Store Pickup,Yes,Yes,6,Credit Card,Fortnightly,26,3,-1.4838834885972803,0.08525990104437901
1093,68,Male,Jewelry,Accessories,50,South Dakota,L,Magenta,Spring,4.1,No,2-Day Shipping,Yes,Yes,20,Venmo,Quarterly,4,1,0.640213821278995,0.4146580116718348
1094,60,Male,Sneakers,Footwear,48,Delaware,S,Indigo,Winter,4.2,No,2-Day Shipping,Yes,Yes,46,Venmo,Every 3 Months,4,1,1.009970634042337,1.357749209945083
1095,25,Male,Jewelry,Accessories,40,Connecticut,M,Black,Winter,4.8,No,Next Day Air,Yes,Yes,25,Cash,Quarterly,4,3,-1.3367438887526821,-0.11997249965038202
1096,19,Male,Coat,Outerwear,34,Tennessee,S,Peach,Summer,3.0,No,Free Shipping,Yes,Yes,30,Bank Transfer,Quarterly,4,1,-0.07430606704658885,-1.1936952641160996
1097,57,Male,Coat,Outerwear,46,New Hampshire,S,Beige,Fall,2.6,No,Standard,Yes,Yes,48,Credit Card,Annually,1,1,2.0779333895795165,0.4658192635618788
1098,58,Male,Sunglasses,Accessories,27,Vermont,M,Black,Summer,3.2,No,Store Pickup,Yes,Yes,47,Bank Transfer,Weekly,52,0,2.4337294502646363,-0.3138498345259469
1099,49,Male,Handbag,Accessories,98,Idaho,S,Turquoise,Spring,3.6,No,Next Day Air,Yes,Yes,27,Credit Card,Weekly,52,0,0.03070987634204886,0.5549676449777928
1100,19,Male,Sweater,Clothing,73,North Carolina,M,Peach,Fall,2.6,No,Next Day Air,Yes,Yes,45,Bank Transfer,Fortnightly,26,2,0.1837607075498206,-0.14025742683431652
1101,50,Male,Pants,Clothing,28,Nevada,L,Gold,Spring,4.4,No,Express,Yes,Yes,2,Credit Card,Weekly,52,0,-0.04452502653125201,-1.6884088320116948
1102,30,Male,Gloves,Accessories,76,Delaware,XL,Silver,Fall,3.0,No,Free Shipping,Yes,Yes,39,Cash,Fortnightly,26,2,0.13899503423464615,0.13409080952447422
1103,52,Male,Sweater,Clothing,83,Texas,M,Peach,Fall,2.9,No,Express,Yes,Yes,24,Cash,Fortnightly,26,2,0.582736874693874,0.07057382264205102
1104,35,Male,Hoodie,Clothing,23,Tennessee,S,Charcoal,Spring,4.3,No,Free Shipping,Yes,Yes,8,Debit Card,Bi-Weekly,26,3,-0.5750812637998468,-1.594520538119544
1105,35,Male,Hat,Accessories,28,Delaware,M,Beige,Fall,3.1,No,Express,Yes,Yes,8,Bank Transfer,Quarterly,4,3,-0.005592313423494508,-1.8749891701826198
1106,33,Male,T-shirt,Clothing,83,Massachusetts,S,Olive,Spring,3.0,No,Next Day Air,Yes,Yes,6,Venmo,Every 3 Months,4,3,-0.9864725272013256,-0.7568085341183208
1107,52,Male,Skirt,Clothing,96,Minnesota,L,Violet,Winter,3.6,No,Store Pickup,Yes,Yes,12,Venmo,Fortnightly,26,3,-0.4684647959043298,0.26507556707420193
1108,69,Male,Sneakers,Footwear,62,Texas,M,Peach,Fall,2.8,No,Store Pickup,Yes,Yes,26,Bank Transfer,Weekly,52,0,1.9963343981047128,-0.3703486040827006
1109,27,Male,Shorts,Clothing,25,Nebraska,M,Teal,Fall,2.8,No,Standard,Yes,Yes,50,Cash,Fortnightly,26,1,1.313408979656243,-0.7826942013775116
1110,66,Male,Hoodie,Clothing,97,Oklahoma,L,Violet,Winter,3.8,No,Next Day Air,Yes,Yes,2,Venmo,Weekly,52,0,-0.09778139346498527,-0.05761495015082765
1111,28,Male,Hoodie,Clothing,61,Texas,L,Cyan,Fall,3.0,No,Standard,Yes,Yes,31,Cash,Bi-Weekly,26,1,0.07639346851180934,-0.6022146615124327
1112,22,Male,Shoes,Footwear,66,New York,S,Olive,Summer,4.1,No,Next Day Air,Yes,Yes,4,Credit Card,Bi-Weekly,26,3,-1.8016612001544006,-1.1333169425547536
1113,69,Male,Hoodie,Clothing,67,Washington,XL,Pink,Spring,4.6,No,Free Shipping,Yes,Yes,32,PayPal,Quarterly,4,2,0.38901033291620807,1.6294330330448796
1114,28,Male,Sunglasses,Accessories,80,Maryland,M,Purple,Summer,4.8,No,Next Day Air,Yes,Yes,11,PayPal,Bi-Weekly,26,3,-2.078472278006578,0.016806448808349316
1115,55,Male,Skirt,Clothing,25,New Hampshire,L,Violet,Fall,2.6,No,Next Day Air,Yes,Yes,47,Bank Transfer,Every 3 Months,4,1,2.3406261122682808,-0.15379022221024727
1116,30,Male,Hat,Accessories,58,New York,S,Peach,Fall,4.0,No,2-Day Shipping,Yes,Yes,37,Cash,Weekly,52,0,-0.09549824229759696,-0.14174355809589476
1117,67,Male,Backpack,Accessories,96,Hawaii,M,Charcoal,Winter,4.2,No,Express,Yes,Yes,39,PayPal,Fortnightly,26,2,0.5016379511304065,2.064894602157161
1118,25,Male,Sunglasses,Accessories,77,California,L,Lavender,Spring,4.5,No,Store Pickup,Yes,Yes,24,Credit Card,Monthly,12,3,-1.69566098054386,0.4420881958583886
1119,49,Male,Belt,Accessories,65,Indiana,M,Purple,Summer,4.9,No,Standard,Yes,Yes,11,PayPal,Every 3 Months,4,3,-1.2206133770937468,0.4400567532560861
1120,34,Male,Jewelry,Accessories,36,Louisiana,M,Indigo,Spring,3.1,No,Standard,Yes,Yes,36,Credit Card,Weekly,52,0,1.042378810997089,-1.1292294126670677
1121,22,Male,Sneakers,Footwear,84,Pennsylvania,M,Magenta,Winter,4.0,No,Next Day Air,Yes,Yes,40,Debit Card,Monthly,12,2,-1.1280209690272138,0.9403595086297324
1122,63,Male,T-shirt,Clothing,58,Florida,XL,Peach,Fall,3.2,No,Express,Yes,Yes,25,Cash,Quarterly,4,1,1.0770839896529056,0.20199835330044114
1123,70,Male,Handbag,Accessories,62,North Carolina,S,Charcoal,Spring,4.3,No,2-Day Shipping,Yes,Yes,12,Credit Card,Annually,1,3,0.12916446075960902,0.552719066935531
1124,36,Male,Hat,Accessories,67,Massachusetts,S,Purple,Fall,2.5,No,Store Pickup,Yes,Yes,38,Cash,Monthly,12,2,0.7385484149057283,-0.099710055733066
1125,42,Male,Sweater,Clothing,20,Iowa,M,Orange,Spring,3.8,No,Express,Yes,Yes,40,Cash,Quarterly,4,1,0.8356557658209428,-0.164464660243027
1126,27,Male,Sandals,Footwear,90,North Dakota,M,Lavender,Summer,2.7,No,2-Day Shipping,Yes,Yes,10,Bank Transfer,Weekly,52,0,-0.6018704351624302,-1.3271677085554334
1127,23,Male,Scarf,Accessories,58,Iowa,L,Beige,Winter,3.4,No,Standard,Yes,Yes,47,Venmo,Fortnightly,26,2,0.09113852064976716,0.1259574642094968
1128,50,Male,Shirt,Clothing,53,Delaware,XL,Maroon,Spring,4.8,No,Store Pickup,Yes,Yes,22,Debit Card,Monthly,12,3,-0.5255205450251647,0.4853867817529754
1129,56,Male,Gloves,Accessories,30,New York,L,Charcoal,Winter,4.7,No,Next Day Air,Yes,Yes,35,Debit Card,Monthly,12,1,0.5462143387221579,0.5621108476060679
1130,37,Male,Hoodie,Clothing,65,New Hampshire,XL,White,Winter,4.7,No,Express,Yes,Yes,46,Venmo,Fortnightly,26,2,-0.38783622831286835,1.2788295947945305
1131,67,Male,Jewelry,Accessories,41,Kentucky,M,Lavender,Summer,3.9,No,Standard,Yes,Yes,30,PayPal,Bi-Weekly,26,1,1.3683158398973778,0.21211715437664352
1132,67,Male,Shirt,Clothing,73,Illinois,M,Black,Spring,3.7,No,Express,Yes,Yes,20,Bank Transfer,Monthly,12,2,0.5706554552148289,0.6102157187027354
1133,50,Male,Hoodie,Clothing,98,North Carolina,S,Teal,Spring,4.3,No,Store Pickup,Yes,Yes,25,Cash,Fortnightly,26,2,-0.7087977500680417,1.2171205570109422
1134,36,Male,Shoes,Footwear,36,Connecticut,XL,Magenta,Winter,4.1,No,2-Day Shipping,Yes,Yes,29,Cash,Weekly,52,0,0.22048105696041978,-0.8187041912882664
1135,62,Male,T-shirt,Clothing,81,Wisconsin,M,Brown,Summer,3.8,No,Express,Yes,Yes,2,Venmo,Every 3 Months,4,3,-0.42410315572321744,0.08918260874642284
1136,65,Male,Skirt,Clothing,90,Massachusetts,L,Peach,Winter,3.6,No,2-Day Shipping,Yes,Yes,32,Bank Transfer,Quarterly,4,2,0.5472178126637941,1.5243038386107726
1137,23,Male,Handbag,Accessories,83,Illinois,S,Cyan,Summer,4.8,No,Free Shipping,Yes,Yes,37,Cash,Monthly,12,2,-1.7199210532099882,1.262716267375487
1138,46,Male,Shirt,Clothing,91,New Mexico,XL,Pink,Winter,2.8,No,2-Day Shipping,Yes,Yes,16,Bank Transfer,Every 3 Months,4,3,-0.15163117887733338,0.01726279598677956
1139,18,Male,Pants,Clothing,36,Iowa,M,Purple,Summer,4.7,No,Express,Yes,Yes,32,Venmo,Fortnightly,26,1,-1.0973916230579284,-0.40122699122812083
1140,58,Male,Coat,Outerwear,53,Alabama,L,Purple,Spring,3.9,No,Standard,Yes,Yes,42,Debit Card,Bi-Weekly,26,1,1.136386164020317,0.8153555573896856
1141,31,Male,Jeans,Clothing,39,Maryland,M,White,Winter,2.6,No,Store Pickup,Yes,Yes,6,Credit Card,Every 3 Months,4,3,-0.058457269514753524,-2.0663072129851825
1142,39,Male,Gloves,Accessories,33,Ohio,S,Silver,Winter,4.7,No,Next Day Air,Yes,Yes,23,PayPal,Fortnightly,26,1,-0.42934770418675544,-0.41154568299110467
1143,69,Male,T-shirt,Clothing,76,Ohio,L,Green,Spring,3.5,No,Store Pickup,Yes,Yes,27,Venmo,Bi-Weekly,26,2,1.0686632121128594,0.7292640380870815
1144,68,Male,Boots,Footwear,23,Nevada,L,Teal,Winter,4.4,No,Standard,Yes,Yes,43,PayPal,Quarterly,4,1,1.5307501455556811,0.9204303190773897
1145,41,Male,Jeans,Clothing,54,South Carolina,S,Indigo,Fall,4.4,No,2-Day Shipping,Yes,Yes,25,Bank Transfer,Fortnightly,26,3,-0.4252559144063239,0.0427972838155916
1146,31,Male,Sneakers,Footwear,89,Nevada,L,Pink,Summer,3.0,No,Express,Yes,Yes,30,Cash,Every 3 Months,4,2,-0.4857285994536999,0.360654444946127
1147,48,Male,Sneakers,Footwear,38,Wisconsin,M,Indigo,Summer,4.2,No,Standard,Yes,Yes,7,Bank Transfer,Every 3 Months,4,3,-0.4347473868397128,-0.7852203646939899
1148,59,Male,Hat,Accessories,36,Tennessee,XL,Red,Winter,4.3,No,Next Day Air,Yes,Yes,17,Debit Card,Annually,1,1,0.24416311663782597,-0.08226277808907843
1149,34,Male,Pants,Clothing,66,Florida,M,Violet,Spring,2.6,No,Store Pickup,Yes,Yes,10,PayPal,Fortnightly,26,3,-0.07222227504437165,-1.4739921805739384
1150,21,Male,Jewelry,Accessories,42,Georgia,L,Cyan,Spring,3.3,No,Store Pickup,Yes,Yes,40,Venmo,Annually,1,1,-0.07708544553484006,-0.33058548956016903
1151,29,Male,Jewelry,Accessories,36,Kentucky,S,Red,Winter,2.7,No,Next Day Air,Yes,Yes,50,Venmo,Bi-Weekly,26,1,1.285050512852891,-0.5367686123274833
1152,41,Male,Blouse,Clothing,86,Ohio,M,Gray,Spring,3.8,No,Express,Yes,Yes,24,Credit Card,Weekly,52,0,-0.33027630098698013,0.08833337820433039
1153,62,Male,Handbag,Accessories,49,Connecticut,M,Gold,Fall,4.0,No,Standard,Yes,Yes,8,PayPal,Every 3 Months,4,3,0.13574783015420233,-0.30068681211226594
1154,27,Male,Shirt,Clothing,41,Idaho,M,Pink,Summer,4.0,No,Free Shipping,Yes,Yes,6,Bank Transfer,Quarterly,4,3,-1.2463896331482922,-1.3119373751809933
1155,49,Male,Dress,Clothing,82,Georgia,L,Cyan,Spring,2.9,No,2-Day Shipping,Yes,Yes,44,Credit Card,Bi-Weekly,26,2,1.043896260514144,0.8317169864747858
1156,67,Male,T-shirt,Clothing,53,Tennessee,S,Red,Fall,2.6,No,Express,Yes,Yes,47,PayPal,Quarterly,4,1,2.3765265694217885,0.7615817913679901
1157,20,Male,Shoes,Footwear,21,Hawaii,M,Gold,Summer,4.8,No,Express,Yes,Yes,6,Venmo,Every 3 Months,4,3,-1.7712699080544627,-1.4805185704439294
1158,37,Male,Belt,Accessories,66,Maryland,M,Charcoal,Fall,4.4,No,Standard,Yes,Yes,11,Cash,Quarterly,4,3,-1.3840431675402693,-0.07160623458315833
1159,69,Male,Belt,Accessories,89,Nevada,L,Orange,Summer,4.0,No,2-Day Shipping,Yes,Yes,41,Bank Transfer,Annually,1,2,0.6777818725521506,2.2306629749145728
1160,66,Male,Handbag,Accessories,55,New Hampshire,L,Blue,Fall,3.6,No,2-Day Shipping,Yes,Yes,46,Venmo,Every 3 Months,4,1,1.567407920579838,1.3106539116494842
1161,37,Male,Scarf,Accessories,42,North Dakota,S,Blue,Summer,3.2,No,Next Day Air,Yes,Yes,9,Venmo,Bi-Weekly,26,3,-0.0016455101504955845,-1.6820693700762628
1162,63,Male,Shorts,Clothing,52,Oklahoma,S,Orange,Fall,3.1,No,2-Day Shipping,Yes,Yes,37,PayPal,Monthly,12,1,1.6595994463047334,0.4106622749674737
1163,47,Male,Sandals,Footwear,92,North Carolina,M,Blue,Winter,4.2,No,Express,Yes,Yes,13,PayPal,Weekly,52,0,-0.7753756662752533,0.11637782303664311
1164,26,Male,Pants,Clothing,56,Tennessee,L,White,Summer,3.0,No,2-Day Shipping,Yes,Yes,24,Debit Card,Monthly,12,3,-0.24730777510993027,-0.8816348024005243
1165,68,Male,Dress,Clothing,96,Montana,M,Green,Winter,4.2,No,Standard,Yes,Yes,47,PayPal,Quarterly,4,2,0.5764007207213436,2.7045947653420064
1166,51,Male,T-shirt,Clothing,64,Wisconsin,M,Silver,Winter,2.9,No,Next Day Air,Yes,Yes,21,Venmo,Every 3 Months,4,3,0.5757372097544889,-0.24789351607189622
1167,48,Male,Dress,Clothing,48,Connecticut,S,Lavender,Winter,3.7,No,Store Pickup,Yes,Yes,22,Venmo,Fortnightly,26,1,0.37436315208733556,-0.4746119742215499
1168,60,Male,Socks,Clothing,83,New Jersey,XL,Beige,Summer,3.6,No,Free Shipping,Yes,Yes,16,PayPal,Quarterly,4,3,-0.0006874828854993055,0.5749465232669593
1169,68,Male,Scarf,Accessories,91,Mississippi,L,Violet,Summer,3.6,No,Standard,Yes,Yes,37,Debit Card,Fortnightly,26,2,0.9926852590079148,1.5437065723008292
1170,25,Male,Backpack,Accessories,94,Wyoming,S,Gray,Fall,4.5,No,2-Day Shipping,Yes,Yes,3,Cash,Annually,1,3,-2.672676538650382,0.09373830923694794
1171,57,Male,Skirt,Clothing,62,Illinois,S,Red,Spring,3.2,No,Express,Yes,Yes,33,Cash,Bi-Weekly,26,1,1.1834365993018854,0.2300509191383266
1172,41,Male,Socks,Clothing,55,Louisiana,M,Lavender,Spring,3.9,No,Next Day Air,Yes,Yes,15,Debit Card,Annually,1,3,-0.5949171820017033,-0.322583916566296
1173,59,Male,Coat,Outerwear,68,Oregon,L,Peach,Spring,4.6,No,Store Pickup,Yes,Yes,42,Bank Transfer,Bi-Weekly,26,2,0.4354224695688013,1.5870443637007068
1174,44,Male,Jewelry,Accessories,76,South Dakota,M,Indigo,Winter,2.5,No,Express,Yes,Yes,42,Cash,Bi-Weekly,26,2,1.160444127087985,0.27353901764137234
1175,42,Male,Backpack,Accessories,31,Michigan,M,Black,Winter,4.3,No,Express,Yes,Yes,19,Bank Transfer,Bi-Weekly,26,1,-0.10282989446640181,-0.7913737502287232
1176,35,Male,Belt,Accessories,81,New Jersey,M,Beige,Spring,4.1,No,Store Pickup,Yes,Yes,26,PayPal,Quarterly,4,2,-1.0769425114656572,0.7076930934035603
1177,36,Male,Dress,Clothing,83,Oregon,M,Red,Winter,3.8,No,Free Shipping,Yes,Yes,39,PayPal,Quarterly,4,2,-0.48647033935516293,1.1577195009365766
1178,54,Male,Skirt,Clothing,21,Iowa,M,Black,Spring,4.8,No,Standard,Yes,Yes,24,Debit Card,Monthly,12,1,0.22819098436681778,-0.10287817837952244
1179,37,Male,Dress,Clothing,22,South Carolina,M,Teal,Spring,4.9,No,Express,Yes,Yes,23,Debit Card,Annually,1,1,-0.692827613434585,-0.2834023300329476
1180,20,Male,T-shirt,Clothing,33,Indiana,M,Blue,Summer,2.8,No,Free Shipping,Yes,Yes,44,Bank Transfer,Annually,1,1,0.4972095848928648,-0.6776408873162395
1181,23,Male,Skirt,Clothing,23,Oregon,S,Beige,Spring,4.9,No,Standard,Yes,Yes,34,Cash,Monthly,12,1,-0.8818866451387578,-0.2279127654229469
1182,61,Male,Shorts,Clothing,96,New York,L,Teal,Summer,3.5,No,Free Shipping,Yes,Yes,43,Bank Transfer,Quarterly,4,2,0.6650482389917585,1.9919311041155359
1183,37,Male,Jewelry,Accessories,21,New Mexico,M,Maroon,Spring,3.8,No,Express,Yes,Yes,45,PayPal,Quarterly,4,1,0.7532269145615414,-0.034104571023263655
1184,23,Male,Pants,Clothing,39,Louisiana,M,Yellow,Spring,4.5,No,2-Day Shipping,Yes,Yes,4,Credit Card,Weekly,52,0,-1.3649291745016578,-1.8554044775680971
1185,63,Male,Belt,Accessories,73,South Carolina,S,Indigo,Fall,3.4,No,Express,Yes,Yes,19,Credit Card,Annually,1,3,0.48998754148688517,0.45373462974309337
1186,47,Male,Jeans,Clothing,64,Maine,M,Magenta,Spring,3.9,No,Standard,Yes,Yes,29,Credit Card,Monthly,12,2,0.001899523984111691,0.4706451704007935
1187,63,Male,Jeans,Clothing,68,Indiana,M,Beige,Summer,4.1,No,2-Day Shipping,Yes,Yes,27,Credit Card,Annually,1,2,0.3065408061623227,1.0702423676389923
1188,56,Male,Hat,Accessories,89,Iowa,L,Maroon,Fall,3.0,No,Express,Yes,Yes,37,Credit Card,Every 3 Months,4,2,0.7548414404237659,1.183968999772968
1189,68,Male,Blouse,Clothing,29,Mississippi,M,Magenta,Summer,3.3,No,Next Day Air,Yes,Yes,11,Credit Card,Weekly,52,0,1.7213298501798049,-1.5257750414154876
1190,64,Male,Shirt,Clothing,97,Arkansas,XL,Teal,Summer,3.8,No,Free Shipping,Yes,Yes,28,Debit Card,Annually,1,2,0.10796622337226133,1.6504517963841534
1191,62,Male,Shirt,Clothing,45,South Carolina,M,Orange,Winter,4.3,No,Next Day Air,Yes,Yes,31,Credit Card,Weekly,52,0,1.0700363014839975,0.13970599457014984
1192,34,Male,T-shirt,Clothing,70,Indiana,L,Charcoal,Winter,4.1,No,Free Shipping,Yes,Yes,50,Venmo,Quarterly,4,2,-0.2529015284056604,1.4438974891788938
1193,49,Male,Coat,Outerwear,56,Florida,M,Turquoise,Summer,4.0,No,2-Day Shipping,Yes,Yes,42,Venmo,Quarterly,4,2,0.44655232644439985,1.0327697983581632
1194,40,Male,Jacket,Outerwear,55,Alaska,L,Pink,Fall,5.0,No,2-Day Shipping,Yes,Yes,18,Credit Card,Fortnightly,26,3,-1.1063259737612858,0.08772594567411564
1195,50,Male,Hoodie,Clothing,46,New York,S,Teal,Winter,3.1,No,2-Day Shipping,Yes,Yes,6,Credit Card,Fortnightly,26,3,0.4586794264097928,-1.4973355625478602
1196,25,Male,Scarf,Accessories,95,Texas,M,White,Winter,4.0,No,2-Day Shipping,Yes,Yes,33,Venmo,Monthly,12,2,-1.3846547903812996,0.9670689809929733
1197,30,Male,Belt,Accessories,88,North Dakota,M,Maroon,Winter,3.2,No,2-Day Shipping,Yes,Yes,13,Bank Transfer,Bi-Weekly,26,3,-0.9413881519302565,-0.5712674241592993
1198,54,Male,Sneakers,Footwear,92,Vermont,L,Violet,Fall,3.9,No,Standard,Yes,Yes,26,PayPal,Annually,1,2,-0.353228356069626,1.2932364867158592
1199,40,Male,Socks,Clothing,49,New Jersey,M,Brown,Summer,3.9,No,2-Day Shipping,Yes,Yes,17,Cash,Annually,1,3,-0.48020735939096537,-0.4008405540886056
1200,49,Male,Sandals,Footwear,89,Maryland,M,Indigo,Fall,4.5,No,Free Shipping,Yes,Yes,3,Debit Card,Weekly,52,0,-1.1389016377073884,-0.16693363712170153
1201,27,Male,Coat,Outerwear,22,Connecticut,XL,Black,Winter,4.4,No,Store Pickup,Yes,Yes,7,PayPal,Weekly,52,0,-0.7606676981365317,-2.10280234308745
1202,27,Male,Shoes,Footwear,61,Illinois,XL,Black,Summer,3.1,No,2-Day Shipping,Yes,Yes,46,Venmo,Fortnightly,26,2,0.3913131896099602,0.06923804504570062
1203,48,Male,Scarf,Accessories,29,Maryland,S,Olive,Spring,2.9,No,Standard,Yes,Yes,14,Venmo,Every 3 Months,4,1,0.8313137400436419,-1.4361769488491682
1204,40,Male,Sneakers,Footwear,82,Minnesota,M,Orange,Winter,3.7,No,Free Shipping,Yes,Yes,23,Bank Transfer,Annually,1,2,-0.7149020980603228,0.521489381615409
1205,67,Male,Belt,Accessories,94,Florida,M,Pink,Spring,3.2,No,2-Day Shipping,Yes,Yes,20,Credit Card,Every 3 Months,4,2,0.5048654229624405,0.9262136588394138
1206,52,Male,Handbag,Accessories,99,California,M,Olive,Spring,3.5,No,Standard,Yes,Yes,38,Bank Transfer,Fortnightly,26,2,0.2928198797761806,1.3819414795385834
1207,22,Male,Handbag,Accessories,59,Mississippi,S,Cyan,Fall,3.0,No,Free Shipping,Yes,Yes,16,Venmo,Every 3 Months,4,3,-0.7622240053618845,-1.132460917049366
1208,62,Male,Boots,Footwear,90,Washington,M,White,Summer,4.1,No,Next Day Air,Yes,Yes,48,Credit Card,Every 3 Months,4,2,0.5249730660408574,2.422114969151665
1209,20,Male,Boots,Footwear,100,Wisconsin,S,Red,Winter,3.8,No,2-Day Shipping,Yes,Yes,8,Debit Card,Annually,1,3,-2.343842811025263,-0.05321288992462485
1210,41,Male,Pants,Clothing,62,Pennsylvania,M,Blue,Winter,3.8,No,Next Day Air,Yes,Yes,16,Bank Transfer,Monthly,12,3,-0.5144759294538006,-0.31076505014610895
1211,34,Male,Sunglasses,Accessories,78,Missouri,M,Olive,Fall,4.1,No,Next Day Air,Yes,Yes,5,Cash,Quarterly,4,3,-1.666905793485423,-0.2747558147526748
1212,23,Male,Hoodie,Clothing,94,Oklahoma,M,Green,Spring,4.6,No,Store Pickup,Yes,Yes,14,Venmo,Every 3 Months,4,3,-2.486763669897321,0.5364262199581606
1213,32,Male,Shoes,Footwear,74,Pennsylvania,M,Yellow,Summer,2.5,No,Free Shipping,Yes,Yes,18,Credit Card,Weekly,52,0,0.2404434108725659,-1.3743613162730313
1214,68,Male,Handbag,Accessories,52,Kentucky,XL,Black,Spring,3.7,No,Express,Yes,Yes,14,Debit Card,Every 3 Months,4,3,0.718559856370359,-0.01848792503069159
1215,30,Male,Jacket,Outerwear,81,Vermont,M,Blue,Fall,3.8,No,Free Shipping,Yes,Yes,5,Cash,Every 3 Months,4,3,-1.671448120644236,-0.4575613294076621
1216,66,Male,Blouse,Clothing,20,Oregon,L,Pink,Winter,2.6,No,2-Day Shipping,Yes,Yes,15,Credit Card,Every 3 Months,4,1,1.970342046463323,-1.3972374520752013
1217,62,Male,Pants,Clothing,32,Utah,XL,Lavender,Summer,3.7,No,Free Shipping,Yes,Yes,3,Venmo,Every 3 Months,4,3,0.4867679516899112,-1.084564093343221
1218,50,Male,Boots,Footwear,63,Nebraska,XL,Cyan,Fall,2.6,No,Free Shipping,Yes,Yes,12,Cash,Every 3 Months,4,3,0.5061198723297226,-0.8437762793444996
1219,55,Male,Boots,Footwear,79,Pennsylvania,M,Cyan,Spring,3.1,No,Store Pickup,Yes,Yes,43,Cash,Every 3 Months,4,2,0.9791435188357115,1.2371672948924075
1220,19,Male,Sweater,Clothing,23,Vermont,M,Gold,Winter,2.5,No,Next Day Air,Yes,Yes,35,Credit Card,Bi-Weekly,26,1,0.7979525481998819,-1.8040650875799658
1221,67,Male,Gloves,Accessories,64,Kentucky,M,Green,Winter,3.8,No,Express,Yes,Yes,36,Bank Transfer,Quarterly,4,2,1.0340082230009764,1.233751761734457
1222,18,Male,Socks,Clothing,69,Iowa,M,Red,Winter,4.5,No,Standard,Yes,Yes,3,Cash,Quarterly,4,3,-2.5234829983416245,-0.6834385149401015
1223,58,Male,Jeans,Clothing,69,Indiana,L,Magenta,Fall,3.4,No,Store Pickup,Yes,Yes,27,Bank Transfer,Annually,1,2,0.5758272222218421,0.5929641846634124
1224,69,Male,Pants,Clothing,24,Kansas,L,Red,Winter,3.9,No,Free Shipping,Yes,Yes,21,Bank Transfer,Weekly,52,0,1.707072061322003,-0.8599275548592753
1225,62,Male,Shorts,Clothing,50,Illinois,M,Yellow,Summer,3.7,No,Store Pickup,Yes,Yes,18,Venmo,Weekly,52,0,1.0405123960773153,-0.6322794540939592
1226,28,Male,Gloves,Accessories,97,North Carolina,S,Turquoise,Fall,2.6,No,Free Shipping,Yes,Yes,16,Debit Card,Weekly,52,0,-0.4347461938388145,-0.9425688511234714
1227,53,Male,Sandals,Footwear,91,Ohio,S,Cyan,Fall,3.4,No,Store Pickup,Yes,Yes,18,Venmo,Bi-Weekly,26,2,-0.0319445984919458,0.3091642674459994
1228,27,Male,Blouse,Clothing,37,Illinois,L,Yellow,Spring,4.9,No,Store Pickup,Yes,Yes,19,Bank Transfer,Bi-Weekly,26,3,-1.250488140352776,-0.6261688826184458
1229,55,Male,Jacket,Outerwear,55,Indiana,S,Yellow,Winter,3.9,No,Express,Yes,Yes,1,Cash,Annually,1,3,-0.41050544924462895,-0.6213278127758863
1230,34,Male,Jewelry,Accessories,52,Kansas,XL,Maroon,Winter,3.6,No,Express,Yes,Yes,39,Bank Transfer,Annually,1,1,0.05844538909910651,0.3070227545013275
1231,25,Male,Hat,Accessories,80,Illinois,L,Brown,Spring,3.8,No,Standard,Yes,Yes,49,Venmo,Monthly,12,2,-0.5393388542707205,1.1774341310631
1232,66,Male,Socks,Clothing,79,Pennsylvania,M,Gold,Spring,4.0,No,2-Day Shipping,Yes,Yes,43,Credit Card,Fortnightly,26,2,0.9967159110942979,1.6980726903484171
1233,57,Male,Handbag,Accessories,23,New York,M,Charcoal,Summer,3.6,No,Free Shipping,Yes,Yes,31,Debit Card,Every 3 Months,4,1,1.2955705704904081,-0.2721926876822914
1234,46,Male,Pants,Clothing,73,Utah,L,Beige,Winter,3.5,No,Next Day Air,Yes,Yes,40,Venmo,Every 3 Months,4,2,0.33593150863239235,1.0045075054565509
1235,38,Male,Gloves,Accessories,99,New Jersey,M,Indigo,Fall,4.1,No,Store Pickup,Yes,Yes,2,Bank Transfer,Bi-Weekly,26,3,-1.738955306268256,-0.10017201264749578
1236,23,Male,Sweater,Clothing,22,Idaho,M,Red,Spring,3.0,No,Store Pickup,Yes,Yes,46,PayPal,Every 3 Months,4,1,0.746732825937825,-0.7150496261284905
1237,42,Male,Hat,Accessories,68,New Mexico,M,White,Summer,4.4,No,Store Pickup,Yes,Yes,35,Debit Card,Every 3 Months,4,2,-0.525484437771644,1.0986183274078127
1238,25,Male,Dress,Clothing,92,Michigan,S,Charcoal,Spring,4.4,No,2-Day Shipping,Yes,Yes,42,Credit Card,Quarterly,4,2,-1.4318032100201765,1.605363384675514
1239,55,Male,Pants,Clothing,77,Wyoming,M,Violet,Winter,3.7,No,Express,Yes,Yes,3,Venmo,Fortnightly,26,3,-0.35561277269843267,-0.44646921996723843
1240,62,Male,Coat,Outerwear,37,New Jersey,XL,Magenta,Spring,4.8,No,Standard,Yes,Yes,32,Debit Card,Every 3 Months,4,1,0.453319670366409,0.8850730109767833
1241,41,Male,Scarf,Accessories,79,New Jersey,L,White,Winter,2.9,No,Store Pickup,Yes,Yes,48,Debit Card,Annually,1,2,0.6530601225808361,1.079380909660906
1242,58,Male,Hoodie,Clothing,51,Hawaii,XL,Pink,Winter,3.1,No,Express,Yes,Yes,34,Credit Card,Weekly,52,0,1.73649400782098,-0.35358396140195775
1243,56,Male,Socks,Clothing,27,Nevada,M,Lavender,Summer,4.0,No,Next Day Air,Yes,Yes,15,Bank Transfer,Quarterly,4,1,0.44967660974741014,-0.6509026501639906
1244,25,Male,Blouse,Clothing,23,New Hampshire,S,Pink,Spring,3.0,No,Store Pickup,Yes,Yes,22,Debit Card,Annually,1,1,0.10346595476168666,-1.6287458565589956
1245,70,Male,Socks,Clothing,76,Indiana,S,Silver,Summer,3.9,No,2-Day Shipping,Yes,Yes,2,Cash,Monthly,12,3,-0.007856482991742204,0.09424348875238658
1246,42,Male,Dress,Clothing,31,New York,M,Violet,Fall,3.4,No,Standard,Yes,Yes,30,Bank Transfer,Weekly,52,0,1.0757912800316833,-1.1639100904547088
1247,27,Male,Hoodie,Clothing,60,Louisiana,M,Charcoal,Winter,2.7,No,Standard,Yes,Yes,27,Cash,Monthly,12,1,0.02525955628686695,-0.8082722756137497
1248,65,Male,T-shirt,Clothing,99,Virginia,M,Charcoal,Spring,3.8,No,Express,Yes,Yes,18,Venmo,Bi-Weekly,26,2,0.052963267273974574,0.977299750268182
1249,62,Male,Hat,Accessories,37,Wisconsin,XL,Red,Winter,3.0,No,Free Shipping,Yes,Yes,8,Credit Card,Annually,1,3,1.0138651162940167,-1.1117717361583799
1250,62,Male,Boots,Footwear,50,Oregon,M,Peach,Winter,4.5,No,Express,Yes,Yes,48,Venmo,Fortnightly,26,1,1.1000331583302865,1.4221186197157702
1251,52,Male,Jeans,Clothing,26,New Hampshire,XL,Purple,Winter,4.1,No,Free Shipping,Yes,Yes,24,Cash,Monthly,12,1,0.5561550691103383,-0.4223108796809864
1252,56,Male,Shorts,Clothing,86,Indiana,XL,Orange,Spring,5.0,No,Next Day Air,Yes,Yes,43,Credit Card,Monthly,12,2,-0.3655080486216826,2.3961545797707458
1253,28,Male,Sandals,Footwear,41,Massachusetts,L,Magenta,Fall,4.0,No,Standard,Yes,Yes,8,Cash,Quarterly,4,3,-1.1477864251878025,-1.2060775563422885
1254,39,Male,Sandals,Footwear,23,Montana,XL,Red,Winter,4.9,No,Express,Yes,Yes,49,PayPal,Annually,1,1,0.11430485414440447,0.8847733843829911
1255,54,Male,Sneakers,Footwear,56,California,XL,Black,Spring,3.3,No,2-Day Shipping,Yes,Yes,2,Credit Card,Bi-Weekly,26,3,0.20452183458052545,-1.232992415373292
1256,30,Male,Hat,Accessories,68,Indiana,M,Peach,Fall,4.1,No,Standard,Yes,Yes,38,Cash,Fortnightly,26,2,-0.5333849247243272,0.5240853007096131
1257,45,Male,Coat,Outerwear,48,West Virginia,S,Olive,Winter,3.6,No,Express,Yes,Yes,4,Cash,Fortnightly,26,3,-0.1925844986277998,-1.3575061751879003
1258,68,Male,Dress,Clothing,67,Minnesota,L,Gold,Spring,3.0,No,Free Shipping,Yes,Yes,31,Cash,Every 3 Months,4,2,1.4482559215010433,0.6616516475412295
1259,47,Male,Boots,Footwear,87,Ohio,XL,Gold,Spring,4.1,No,2-Day Shipping,Yes,Yes,34,Debit Card,Every 3 Months,4,2,-0.44874081185094655,1.441613063879777
1260,68,Male,Skirt,Clothing,64,Minnesota,M,Turquoise,Fall,3.9,No,Standard,Yes,Yes,45,Credit Card,Monthly,12,2,1.33216539958453,1.5913129050912624
1261,63,Male,Shirt,Clothing,93,Virginia,XL,Green,Spring,4.1,No,Store Pickup,Yes,Yes,30,Debit Card,Quarterly,4,2,0.0043341107058272425,1.750981185924405
1262,20,Male,Shirt,Clothing,29,Connecticut,L,Maroon,Summer,2.8,No,Next Day Air,Yes,Yes,2,Credit Card,Fortnightly,26,3,-0.411300883724506,-2.870634481391413
1263,29,Male,Boots,Footwear,62,Tennessee,L,Brown,Winter,4.8,No,Store Pickup,Yes,Yes,44,Venmo,Monthly,12,2,-0.9227688269026544,1.1888947474180107
1264,41,Male,Hoodie,Clothing,70,Delaware,L,Brown,Winter,4.6,No,2-Day Shipping,Yes,Yes,1,Credit Card,Bi-Weekly,26,3,-1.5149552122087355,-0.48309847519561744
1265,52,Male,Sweater,Clothing,92,Vermont,S,Blue,Winter,2.5,No,Next Day Air,Yes,Yes,1,Venmo,Bi-Weekly,26,3,0.061001615297203854,-0.9177036852645545
1266,32,Male,Shirt,Clothing,79,Louisiana,M,Lavender,Spring,2.7,No,Next Day Air,Yes,Yes,27,Bank Transfer,Weekly,52,0,0.2727271672056036,-0.7613959673449593
1267,20,Male,Blouse,Clothing,31,North Dakota,M,Peach,Fall,4.0,No,Standard,Yes,Yes,14,Debit Card,Every 3 Months,4,3,-1.144443337763087,-1.3568242766216885
1268,47,Male,T-shirt,Clothing,83,Oregon,S,Gray,Spring,2.7,No,Standard,Yes,Yes,41,Cash,Weekly,52,0,1.2298735269655328,0.2427717785004095
1269,23,Male,Jacket,Outerwear,88,Idaho,XL,Charcoal,Winter,2.9,No,Next Day Air,Yes,Yes,25,Debit Card,Bi-Weekly,26,2,-0.6794519005650076,-0.3794579056430774
1270,43,Male,Jewelry,Accessories,53,Vermont,M,Lavender,Spring,3.0,No,Standard,Yes,Yes,47,PayPal,Quarterly,4,1,1.094601685704704,0.48220511704002217
1271,67,Male,Hoodie,Clothing,98,West Virginia,M,Green,Fall,3.3,No,Standard,Yes,Yes,20,Cash,Annually,1,2,0.3414592954232818,1.1155029559313046
1272,70,Male,Jewelry,Accessories,57,Kentucky,S,Gray,Spring,4.3,No,Store Pickup,Yes,Yes,42,PayPal,Annually,1,2,1.066311464768826,1.706376549747737
1273,35,Male,Sandals,Footwear,80,Wisconsin,M,Orange,Winter,4.4,No,Express,Yes,Yes,16,Bank Transfer,Monthly,12,3,-1.4861011692881712,0.3279762624865168
1274,41,Male,Jeans,Clothing,29,Mississippi,L,Silver,Spring,4.1,No,Next Day Air,Yes,Yes,32,Credit Card,Every 3 Months,4,1,0.20532579648479976,-0.14216904052114956
1275,54,Male,Hat,Accessories,73,Missouri,M,Olive,Spring,3.1,No,2-Day Shipping,Yes,Yes,37,PayPal,Quarterly,4,2,0.8660374978864913,0.8197142078555347
1276,55,Male,Sweater,Clothing,32,Arkansas,S,Turquoise,Fall,4.5,No,Standard,Yes,Yes,1,PayPal,Monthly,12,3,-0.3556158027293726,-0.9662432285007103
1277,51,Male,Boots,Footwear,68,Wyoming,L,Turquoise,Spring,4.8,No,Next Day Air,Yes,Yes,37,Bank Transfer,Weekly,52,0,0.048774856813992296,0.9893502447273916
1278,19,Male,Blouse,Clothing,97,Rhode Island,L,Green,Spring,5.0,No,Express,Yes,Yes,5,Venmo,Quarterly,4,3,-3.241698990604981,0.36766519084803134
1279,28,Male,Shorts,Clothing,98,Utah,M,Violet,Fall,2.8,No,Next Day Air,Yes,Yes,31,Venmo,Fortnightly,26,2,-0.3954332253550156,0.16038129934958362
1280,63,Male,Hoodie,Clothing,56,Maryland,L,Charcoal,Fall,3.7,No,Express,Yes,Yes,18,Debit Card,Annually,1,3,0.5314011537649493,0.1785759943397697
1281,30,Male,Pants,Clothing,78,Georgia,L,White,Winter,4.4,No,2-Day Shipping,Yes,Yes,39,Venmo,Every 3 Months,4,2,-1.0770426621564135,1.2521464803791376
1282,29,Male,Belt,Accessories,81,New Jersey,M,Olive,Spring,4.5,No,Store Pickup,Yes,Yes,8,Venmo,Bi-Weekly,26,3,-1.927064274884125,-0.2352258832612418
1283,24,Male,Shirt,Clothing,68,New Hampshire,L,Violet,Winter,3.0,No,Free Shipping,Yes,Yes,20,Venmo,Monthly,12,3,-0.6433244086134067,-0.8093643531961608
1284,69,Male,Shirt,Clothing,94,Oregon,M,Violet,Winter,3.9,No,2-Day Shipping,Yes,Yes,23,Debit Card,Every 3 Months,4,2,0.1794946888945308,1.4911742315762442
1285,65,Male,Dress,Clothing,93,Arkansas,M,Black,Spring,3.9,No,Express,Yes,Yes,38,PayPal,Fortnightly,26,2,0.6513222464588481,1.7398159007920946
1286,64,Male,Gloves,Accessories,99,North Carolina,M,Charcoal,Fall,3.5,No,Next Day Air,Yes,Yes,45,Bank Transfer,Fortnightly,26,2,0.9919497077371453,1.9314668503845933
1287,40,Male,Gloves,Accessories,49,West Virginia,L,Yellow,Winter,4.9,No,Next Day Air,Yes,Yes,44,Debit Card,Fortnightly,26,2,-0.19593363489390275,0.9915992929771676
1288,24,Male,Jeans,Clothing,28,Utah,XL,Blue,Winter,3.4,No,Standard,Yes,Yes,20,PayPal,Monthly,12,1,-0.26296663736349857,-1.5299176954218374
1289,66,Male,Belt,Accessories,93,South Dakota,XL,Charcoal,Winter,4.1,No,Standard,Yes,Yes,34,PayPal,Bi-Weekly,26,2,0.43789209473682783,1.70431852285166
1290,35,Male,Jacket,Outerwear,24,New Hampshire,M,Red,Fall,2.9,No,Next Day Air,Yes,Yes,10,PayPal,Weekly,52,0,0.6836082610927636,-2.60758739436789
1291,67,Male,Skirt,Clothing,35,Maryland,M,Indigo,Spring,3.4,No,Free Shipping,Yes,Yes,3,PayPal,Annually,1,3,0.8305185316602103,-1.039717385238058
1292,69,Male,Sandals,Footwear,68,South Dakota,S,Beige,Spring,3.2,No,2-Day Shipping,Yes,Yes,23,Debit Card,Fortnightly,26,2,1.2990526509066902,0.20077887820677648
1293,26,Male,Belt,Accessories,61,Kentucky,M,Maroon,Summer,3.8,No,Free Shipping,Yes,Yes,42,Bank Transfer,Annually,1,2,-0.47959678632932384,0.5917684769068898
1294,23,Male,Sweater,Clothing,74,Florida,XL,Yellow,Fall,4.1,No,Standard,Yes,Yes,30,Debit Card,Annually,1,2,-1.373403244113945,0.4970078212452823
1295,27,Male,Shirt,Clothing,64,Texas,M,Silver,Summer,4.5,No,Standard,Yes,Yes,21,Cash,Every 3 Months,4,3,-1.5532165360378434,0.15097065174083538
1296,30,Male,Sneakers,Footwear,60,New Mexico,M,Olive,Fall,2.8,No,Standard,Yes,Yes,50,PayPal,Weekly,52,0,1.0885963292988332,-0.22145848862846731
1297,48,Male,Jeans,Clothing,29,South Dakota,S,Teal,Spring,2.8,No,Express,Yes,Yes,16,Cash,Bi-Weekly,26,1,1.1535557604794233,-1.6873409138591375
1298,44,Male,Sandals,Footwear,85,New Jersey,M,Silver,Summer,4.6,No,Standard,Yes,Yes,32,Venmo,Annually,1,2,-0.9769864867254292,1.5670063664855158
1299,29,Male,Pants,Clothing,81,Indiana,S,Indigo,Summer,3.0,No,Free Shipping,Yes,Yes,14,Bank Transfer,Fortnightly,26,3,-0.6974163146200969,-0.8286295988011938
1300,29,Male,Belt,Accessories,23,Louisiana,L,Teal,Fall,3.6,No,2-Day Shipping,Yes,Yes,42,Venmo,Bi-Weekly,26,1,0.6373407584508691,-0.6749403576917756
1301,67,Male,T-shirt,Clothing,100,West Virginia,M,Charcoal,Spring,4.5,No,Next Day Air,Yes,Yes,47,Credit Card,Every 3 Months,4,2,0.2567241856045327,2.9477576317110414
1302,42,Male,Shirt,Clothing,54,Maine,M,Orange,Fall,5.0,No,Express,Yes,Yes,21,Debit Card,Weekly,52,0,-0.6909262771067195,-0.09687064011426157
1303,23,Male,Sneakers,Footwear,25,Idaho,M,Gold,Fall,2.9,No,Next Day Air,Yes,Yes,37,Credit Card,Monthly,12,1,0.5821240300578899,-1.1837838192758563
1304,34,Male,Blouse,Clothing,32,New York,L,Silver,Summer,3.1,No,Next Day Air,Yes,Yes,10,Credit Card,Annually,1,3,-0.08310798863689324,-1.6784815373505433
1305,64,Male,Backpack,Accessories,63,Montana,S,Orange,Spring,4.0,No,2-Day Shipping,Yes,Yes,18,PayPal,Every 3 Months,4,3,0.27187087489890355,0.49675193072980073
1306,31,Male,Pants,Clothing,56,Mississippi,XL,Peach,Spring,4.5,No,Express,Yes,Yes,2,PayPal,Every 3 Months,4,3,-1.7951420311557456,-0.7597048146038448
1307,54,Male,Sweater,Clothing,33,Alaska,L,Brown,Winter,4.5,No,Next Day Air,Yes,Yes,40,PayPal,Annually,1,1,0.5994185089032882,0.829666100601311
1308,23,Male,Coat,Outerwear,32,Missouri,L,Black,Summer,3.1,No,Express,Yes,Yes,43,PayPal,Annually,1,1,0.3984906482724332,-0.5109639541636741
1309,59,Male,Dress,Clothing,38,Rhode Island,L,Red,Summer,4.4,No,Next Day Air,Yes,Yes,14,Credit Card,Every 3 Months,4,3,0.08156171703821036,-0.1437155599512606
1310,32,Male,Blouse,Clothing,21,Hawaii,L,Lavender,Summer,4.7,No,Store Pickup,Yes,Yes,41,Cash,Quarterly,4,1,-0.20419888912737422,0.19967430352465984
1311,43,Male,Hoodie,Clothing,59,South Carolina,L,Brown,Winter,3.1,No,Store Pickup,Yes,Yes,38,Credit Card,Every 3 Months,4,1,0.6683180144022318,0.2991242249554168
1312,32,Male,Shoes,Footwear,87,Tennessee,M,Maroon,Fall,4.2,No,Express,Yes,Yes,12,Venmo,Annually,1,3,-1.797109142709993,0.28753816561173684
1313,66,Male,T-shirt,Clothing,79,Missouri,M,Violet,Winter,3.0,No,Store Pickup,Yes,Yes,19,Bank Transfer,Monthly,12,2,0.89522428845198,0.293110008245496
1314,70,Male,Shoes,Footwear,28,Missouri,M,Lavender,Summer,3.8,No,Free Shipping,Yes,Yes,23,Credit Card,Bi-Weekly,26,1,1.5798881922145576,-0.38567361720205295
1315,42,Male,Boots,Footwear,67,Missouri,S,Magenta,Summer,3.4,No,Free Shipping,Yes,Yes,49,Debit Card,Annually,1,2,0.569067875147475,1.1414514363204755
1316,56,Male,Shorts,Clothing,75,Mississippi,L,Green,Spring,4.2,No,2-Day Shipping,Yes,Yes,29,Debit Card,Quarterly,4,2,-0.0880580113651934,1.1916916243703697
1317,28,Male,Belt,Accessories,32,Arkansas,S,Lavender,Spring,4.6,No,Standard,Yes,Yes,14,Debit Card,Bi-Weekly,26,3,-1.0566289893290635,-1.1049953705075646
1318,28,Male,Pants,Clothing,43,Kentucky,M,Green,Spring,2.8,No,Free Shipping,Yes,Yes,19,Cash,Monthly,12,1,0.050155029533009356,-1.4722072382390357
1319,52,Male,Shorts,Clothing,93,Connecticut,M,Maroon,Spring,2.7,No,Express,Yes,Yes,19,Credit Card,Bi-Weekly,26,2,0.4158482681626936,-0.01780569292652333
1320,65,Male,Sunglasses,Accessories,24,Oklahoma,M,Magenta,Spring,4.0,No,Standard,Yes,Yes,48,Bank Transfer,Weekly,52,0,2.2387678065485903,0.25713770659051083
1321,56,Male,Hat,Accessories,31,California,XL,Teal,Fall,3.1,No,Free Shipping,Yes,Yes,19,Debit Card,Annually,1,1,1.1060357890509365,-0.8572158300987341
1322,59,Male,T-shirt,Clothing,84,Missouri,L,Orange,Winter,3.7,No,Express,Yes,Yes,45,Bank Transfer,Every 3 Months,4,2,0.6963424463107037,1.863658857049059
1323,23,Male,Pants,Clothing,74,Washington,M,Violet,Winter,4.0,No,Next Day Air,Yes,Yes,17,Bank Transfer,Quarterly,4,3,-1.646467934887217,-0.14881234401384938
1324,58,Male,Shorts,Clothing,62,New York,M,Yellow,Spring,4.6,No,Standard,Yes,Yes,15,Debit Card,Every 3 Months,4,3,-0.47040246176483014,0.5586436038983245
1325,39,Male,Jewelry,Accessories,77,Indiana,S,Orange,Summer,3.8,No,Free Shipping,Yes,Yes,11,Credit Card,Fortnightly,26,3,-0.8647706207727462,-0.38772400363530696
1326,28,Male,Backpack,Accessories,73,Oregon,L,Gold,Summer,3.5,No,Express,Yes,Yes,1,Cash,Monthly,12,3,-1.453556331977034,-1.1297835411936288
1327,40,Male,Shoes,Footwear,50,Texas,M,Indigo,Spring,3.8,No,Free Shipping,Yes,Yes,17,Cash,Monthly,12,3,-0.3288379784968088,-0.5734162872986254
1328,52,Male,Coat,Outerwear,40,Florida,M,Turquoise,Winter,2.8,No,Standard,Yes,Yes,37,Cash,Weekly,52,0,1.9660293817023986,-0.782633988437847
1329,37,Male,Sweater,Clothing,97,Rhode Island,M,Orange,Winter,3.7,No,Standard,Yes,Yes,40,Bank Transfer,Weekly,52,0,-0.15289856309341615,0.8862876275231011
1330,70,Male,Gloves,Accessories,63,Texas,M,Indigo,Fall,3.3,No,Express,Yes,Yes,50,PayPal,Every 3 Months,4,2,1.9271299011056313,1.584261476299695
1331,30,Male,Handbag,Accessories,65,Vermont,M,Charcoal,Fall,2.9,No,Standard,Yes,Yes,20,PayPal,Bi-Weekly,26,3,-0.14923915626336134,-0.9883450745592964
1332,38,Male,Socks,Clothing,91,Maryland,M,Lavender,Spring,3.2,No,Standard,Yes,Yes,8,PayPal,Bi-Weekly,26,3,-0.8002816319868538,-0.5437820317049467
1333,66,Male,Hoodie,Clothing,60,Alaska,S,Gold,Spring,4.3,No,Store Pickup,Yes,Yes,16,Bank Transfer,Quarterly,4,3,0.13616074702672654,0.5526369200860194
1334,29,Male,Pants,Clothing,69,Idaho,M,Lavender,Winter,2.7,No,Next Day Air,Yes,Yes,9,Bank Transfer,Quarterly,4,3,-0.623936104783283,-1.2147346699545252
1335,46,Male,Coat,Outerwear,52,West Virginia,S,White,Spring,3.8,No,Store Pickup,Yes,Yes,12,Venmo,Monthly,12,3,-0.2544624345625316,-0.6117181483378814
1336,56,Male,Boots,Footwear,49,Nevada,M,Lavender,Fall,4.8,No,2-Day Shipping,Yes,Yes,26,Credit Card,Weekly,52,0,0.2585571517771707,0.17860768804904667
1337,23,Male,Sneakers,Footwear,85,Oregon,M,Charcoal,Spring,4.8,No,Store Pickup,Yes,Yes,44,Debit Card,Fortnightly,26,2,-1.429815749333625,1.4290174736230075
1338,37,Male,Sweater,Clothing,86,Tennessee,L,Silver,Spring,3.4,No,Express,Yes,Yes,19,Credit Card,Bi-Weekly,26,3,-0.5870179805155786,-0.10373668259310852
1339,56,Male,Handbag,Accessories,51,Alabama,S,Yellow,Winter,2.6,No,Standard,Yes,Yes,43,PayPal,Fortnightly,26,1,2.032314287169579,0.033541107192824895
1340,36,Male,Belt,Accessories,56,Indiana,L,Olive,Winter,5.0,No,Next Day Air,Yes,Yes,5,Bank Transfer,Every 3 Months,4,3,-1.854393546999614,-0.24460226284360573
1341,40,Male,Belt,Accessories,72,Idaho,M,Peach,Fall,4.4,No,Next Day Air,Yes,Yes,5,Debit Card,Every 3 Months,4,3,-1.5293624177899863,-0.12082640889800232
1342,26,Male,Hoodie,Clothing,27,Rhode Island,XL,Yellow,Fall,3.8,No,Standard,Yes,Yes,31,Bank Transfer,Quarterly,4,1,-0.20299763823513495,-0.7173710852935661
1343,57,Male,Sunglasses,Accessories,43,Arizona,XL,Yellow,Summer,3.4,No,2-Day Shipping,Yes,Yes,11,Bank Transfer,Monthly,12,3,0.6066529199799301,-0.8615227793413948
1344,68,Male,Sneakers,Footwear,56,Florida,M,Indigo,Spring,3.4,No,Standard,Yes,Yes,34,Bank Transfer,Monthly,12,1,1.5043874522759386,0.6529907115289314
1345,56,Male,T-shirt,Clothing,37,New York,S,Violet,Fall,4.9,No,Next Day Air,Yes,Yes,14,Cash,Annually,1,3,-0.40629751507815776,0.09014269560659988
1346,40,Male,Dress,Clothing,21,Nebraska,M,White,Fall,3.6,No,Standard,Yes,Yes,42,Venmo,Weekly,52,0,1.3587202555368265,-0.8208550944810196
1347,44,Male,Hoodie,Clothing,91,Mississippi,L,White,Winter,3.0,No,Free Shipping,Yes,Yes,15,Venmo,Bi-Weekly,26,3,-0.20987580943634843,-0.23366103997610368
1348,44,Male,Sweater,Clothing,95,Vermont,M,Cyan,Summer,3.9,No,2-Day Shipping,Yes,Yes,47,Bank Transfer,Monthly,12,2,-0.12405563130560036,1.9042961202062818
1349,19,Male,Belt,Accessories,54,Nebraska,XL,Purple,Spring,3.2,No,Standard,Yes,Yes,23,Credit Card,Fortnightly,26,3,-0.5514644487720677,-1.1835782128251555
1350,21,Male,Socks,Clothing,36,South Carolina,XL,Black,Spring,3.2,No,Next Day Air,Yes,Yes,23,Cash,Bi-Weekly,26,1,-0.16995062825732168,-1.5674419302276872
1351,31,Male,Sunglasses,Accessories,71,Delaware,M,Orange,Fall,4.3,No,Next Day Air,Yes,Yes,1,Cash,Every 3 Months,4,3,-1.9309603065663203,-0.5601569025477324
1352,30,Male,Coat,Outerwear,31,Vermont,L,Maroon,Summer,2.8,No,2-Day Shipping,Yes,Yes,28,Bank Transfer,Quarterly,4,1,0.5177557212470884,-1.2308642675112633
1353,65,Male,Hat,Accessories,89,Indiana,XL,Orange,Spring,4.5,No,Next Day Air,Yes,Yes,37,Credit Card,Bi-Weekly,26,2,0.2656009075037284,1.9418734033791996
1354,39,Male,Pants,Clothing,83,Oregon,M,Teal,Winter,4.1,No,Next Day Air,Yes,Yes,4,Cash,Every 3 Months,4,3,-1.569974129237291,-0.0935226357742701
1355,64,Male,Backpack,Accessories,42,Maryland,M,Gray,Spring,3.6,No,2-Day Shipping,Yes,Yes,21,Bank Transfer,Quarterly,4,1,0.9875626510283403,-0.09911233345890717
1356,59,Male,Shorts,Clothing,91,Florida,M,Blue,Summer,3.0,No,2-Day Shipping,Yes,Yes,50,PayPal,Bi-Weekly,26,2,1.41155721219597,1.5662340235510688
1357,49,Male,Jacket,Outerwear,61,Indiana,M,Cyan,Spring,4.0,No,Free Shipping,Yes,Yes,34,Bank Transfer,Annually,1,2,0.10934857571967868,0.8500084163305808
1358,24,Male,Backpack,Accessories,66,Texas,S,Red,Summer,3.5,No,Next Day Air,Yes,Yes,20,Cash,Quarterly,4,3,-1.0339189088953817,-0.4724800444656309
1359,19,Male,Scarf,Accessories,22,Nebraska,XL,Pink,Spring,2.5,No,Store Pickup,Yes,Yes,25,Venmo,Every 3 Months,4,1,0.33504794084228756,-1.9722834828364326
1360,27,Male,Hoodie,Clothing,68,North Carolina,S,Cyan,Winter,4.3,No,Store Pickup,Yes,Yes,26,Bank Transfer,Fortnightly,26,3,-1.141227908288306,0.06514864741435995
1361,56,Male,Skirt,Clothing,43,Alabama,L,Black,Fall,2.8,No,Express,Yes,Yes,4,Bank Transfer,Annually,1,3,0.6918280803123298,-1.3787792965919419
1362,49,Male,Dress,Clothing,32,Alabama,M,Beige,Fall,3.7,No,Next Day Air,Yes,Yes,39,Debit Card,Monthly,12,1,1.0412998798075932,0.06641510650594762
1363,41,Male,Coat,Outerwear,46,Colorado,M,Gray,Fall,4.3,No,Express,Yes,Yes,29,Cash,Weekly,52,0,0.12188063398163118,-0.36370211289635257
1364,36,Male,Blouse,Clothing,90,Wisconsin,L,Red,Summer,4.0,No,Express,Yes,Yes,47,PayPal,Quarterly,4,2,-0.5157985997308694,1.7756169748222905
1365,68,Male,Hat,Accessories,75,Delaware,L,Yellow,Fall,4.7,No,Express,Yes,Yes,5,Cash,Every 3 Months,4,3,-0.6246432697304201,0.7094311042394059
1366,28,Male,Handbag,Accessories,69,Indiana,M,Magenta,Winter,4.5,No,Store Pickup,Yes,Yes,18,Bank Transfer,Fortnightly,26,3,-1.4851334999221804,-0.11628111470987477
1367,45,Male,Belt,Accessories,40,Iowa,M,Magenta,Fall,3.1,No,Free Shipping,Yes,Yes,10,Credit Card,Fortnightly,26,3,0.46374622162852003,-1.5750359135317848
1368,60,Male,Belt,Accessories,63,Iowa,S,Black,Fall,3.8,No,Express,Yes,Yes,25,Cash,Quarterly,4,2,0.4457842267444078,0.5962658578580043
1369,21,Male,Shirt,Clothing,36,Wisconsin,L,Orange,Summer,4.9,No,Express,Yes,Yes,2,Cash,Weekly,52,0,-1.737822029162106,-1.8272422438737423
1370,32,Male,Shoes,Footwear,75,Iowa,M,Green,Winter,3.2,No,Standard,Yes,Yes,48,Venmo,Fortnightly,26,2,0.3539823934999327,0.6471825279317879
1371,27,Male,Scarf,Accessories,67,Montana,L,Peach,Summer,3.8,No,2-Day Shipping,Yes,Yes,41,Bank Transfer,Every 3 Months,4,2,-0.5392793119896778,0.6743188059989448
1372,40,Male,Pants,Clothing,64,Mississippi,M,Charcoal,Spring,2.8,No,Store Pickup,Yes,Yes,42,Credit Card,Monthly,12,2,0.8569986638445202,0.25269368367920286
1373,64,Male,Blouse,Clothing,61,Michigan,M,Gray,Fall,4.0,No,2-Day Shipping,Yes,Yes,44,PayPal,Bi-Weekly,26,2,1.2401097237720384,1.2723657032949502
1374,18,Male,Gloves,Accessories,40,Virginia,L,Turquoise,Winter,2.6,No,Store Pickup,Yes,Yes,6,Cash,Quarterly,4,3,-0.6164649995631294,-2.3164305563925325
1375,22,Male,Handbag,Accessories,97,New York,M,Red,Fall,2.7,No,Free Shipping,Yes,Yes,5,Bank Transfer,Quarterly,4,3,-1.493279263749256,-0.8691143038747842
1376,42,Male,Sneakers,Footwear,31,Maine,L,Brown,Spring,4.1,No,2-Day Shipping,Yes,Yes,8,Credit Card,Annually,1,3,-0.4961578398937134,-1.0532601368382375
1377,57,Male,Sandals,Footwear,65,New Jersey,L,Pink,Spring,5.0,No,Free Shipping,Yes,Yes,24,PayPal,Annually,1,2,-0.6143547097564737,1.2543625701957293
1378,33,Male,Sunglasses,Accessories,54,Maryland,L,Olive,Spring,3.0,No,Next Day Air,Yes,Yes,42,Venmo,Monthly,12,1,0.5899576386572257,-0.018349526919272195
1379,37,Male,Jacket,Outerwear,49,Kentucky,XL,Lavender,Fall,3.6,No,Free Shipping,Yes,Yes,24,Venmo,Weekly,52,0,0.25729635862292694,-0.9845856892115082
1380,21,Male,T-shirt,Clothing,64,Minnesota,L,Purple,Fall,2.8,No,2-Day Shipping,Yes,Yes,38,Venmo,Bi-Weekly,26,2,0.07565652475018916,-0.4948853320439778
1381,51,Male,Sneakers,Footwear,35,Massachusetts,S,Beige,Winter,4.6,No,Standard,Yes,Yes,41,Cash,Fortnightly,26,1,0.6204796109116731,0.5951864169059996
1382,30,Male,Shoes,Footwear,86,Illinois,L,Green,Winter,2.9,No,Standard,Yes,Yes,48,Venmo,Quarterly,4,2,0.10549609438760102,0.975268157994995
1383,68,Male,Jacket,Outerwear,55,Michigan,L,Brown,Winter,4.8,No,Express,Yes,Yes,16,Bank Transfer,Quarterly,4,3,-0.05063186070425263,0.7590294810307001
1384,36,Male,Scarf,Accessories,58,Wisconsin,M,Beige,Spring,3.3,No,Express,Yes,Yes,4,Venmo,Monthly,12,3,-0.6452471650873861,-1.3021269699041556
1385,46,Male,Sneakers,Footwear,96,Alaska,M,Beige,Fall,4.6,No,Standard,Yes,Yes,8,Bank Transfer,Weekly,52,0,-1.3080228421233087,0.20406297863746767
1386,41,Male,Jewelry,Accessories,64,Mississippi,M,Indigo,Fall,2.6,No,Store Pickup,Yes,Yes,1,Bank Transfer,Bi-Weekly,26,3,-0.003835333292074396,-1.7554949222043363
1387,68,Male,Jacket,Outerwear,56,Oregon,M,Silver,Fall,4.0,No,Next Day Air,Yes,Yes,4,Debit Card,Quarterly,4,3,0.15576276387410048,-0.17825991409479633
1388,21,Male,Blouse,Clothing,85,Maryland,M,Gold,Winter,3.8,No,Standard,Yes,Yes,20,Credit Card,Monthly,12,3,-1.614605866116943,-0.01806662140004151
1389,62,Male,Dress,Clothing,23,Arkansas,M,Lavender,Spring,3.9,No,Express,Yes,Yes,40,Cash,Quarterly,4,1,1.54835241432905,0.3842670608570867
1390,59,Male,Scarf,Accessories,72,Illinois,L,Orange,Fall,2.6,No,Store Pickup,Yes,Yes,8,Debit Card,Fortnightly,26,3,0.8126498320368928,-0.8902785880100941
1391,25,Male,Hat,Accessories,38,Arkansas,M,Maroon,Summer,4.3,No,Standard,Yes,Yes,42,Debit Card,Weekly,52,0,-0.04176642830644023,-0.33880591038405933
1392,53,Male,Blouse,Clothing,29,Mississippi,S,White,Winter,3.6,No,Express,Yes,Yes,38,Credit Card,Annually,1,1,1.2023570200267333,0.12046228786315726
1393,31,Male,Gloves,Accessories,46,Arkansas,M,Yellow,Spring,4.2,No,Express,Yes,Yes,34,Venmo,Every 3 Months,4,1,-0.5064462600783536,0.19086236718442195
1394,46,Male,Gloves,Accessories,58,Idaho,L,Yellow,Spring,3.9,No,Express,Yes,Yes,14,PayPal,Fortnightly,26,3,-0.24359784394491146,-0.5062312905646469
1395,26,Male,Coat,Outerwear,43,Iowa,L,Magenta,Fall,4.7,No,Next Day Air,Yes,Yes,39,Cash,Weekly,52,0,-0.45072866725538097,-0.10053438891098433
1396,47,Male,Scarf,Accessories,32,West Virginia,L,Turquoise,Spring,2.8,No,Next Day Air,Yes,Yes,40,PayPal,Bi-Weekly,26,1,1.7456514896931736,-0.6198147500550689
1397,37,Male,Pants,Clothing,30,Wisconsin,XL,Lavender,Winter,3.0,No,Next Day Air,Yes,Yes,49,Debit Card,Monthly,12,1,1.353513925219184,-0.20528998151731967
1398,55,Male,Sunglasses,Accessories,67,Massachusetts,S,Magenta,Summer,4.7,No,Store Pickup,Yes,Yes,33,PayPal,Annually,1,2,-0.2627382006374588,1.4716086335912721
1399,30,Male,Dress,Clothing,45,Texas,M,Cyan,Summer,2.5,No,Free Shipping,Yes,Yes,25,Credit Card,Weekly,52,0,0.8369418056708973,-1.8059952124988679
1400,19,Male,Hat,Accessories,81,Nebraska,M,Olive,Winter,3.1,No,Store Pickup,Yes,Yes,48,Venmo,Annually,1,2,-0.43752982624645687,0.7764171890432449
1401,36,Male,Backpack,Accessories,23,Nevada,M,Red,Fall,3.6,No,Next Day Air,Yes,Yes,22,Credit Card,Every 3 Months,4,1,0.16464355800495306,-1.0960635290475176
1402,23,Male,Sandals,Footwear,59,Indiana,M,Blue,Fall,3.5,No,2-Day Shipping,Yes,Yes,1,PayPal,Weekly,52,0,-1.075853093411431,-2.074487036450353
1403,62,Male,Sunglasses,Accessories,21,North Dakota,L,White,Summer,3.1,No,Express,Yes,Yes,47,PayPal,Monthly,12,1,2.416313065772299,0.0799560726227004
1404,26,Male,Backpack,Accessories,20,Georgia,M,Peach,Spring,3.6,No,Store Pickup,Yes,Yes,20,Credit Card,Bi-Weekly,26,1,-0.0643979981548918,-1.7419102349574591
1405,36,Male,Jewelry,Accessories,28,New Mexico,M,Charcoal,Winter,3.5,No,Next Day Air,Yes,Yes,10,Debit Card,Weekly,52,0,0.2354730045981408,-2.1527429045435515
1406,33,Male,Socks,Clothing,100,New Hampshire,M,Peach,Winter,2.7,No,Store Pickup,Yes,Yes,39,Credit Card,Monthly,12,2,-0.04582192122518585,0.7735202603577214
1407,32,Male,Shirt,Clothing,46,Washington,L,Turquoise,Spring,3.6,No,Express,Yes,Yes,15,Debit Card,Monthly,12,3,-0.5115443664107588,-1.034404554008485
1408,56,Male,Handbag,Accessories,61,Nevada,XL,Charcoal,Spring,4.5,No,Express,Yes,Yes,11,Credit Card,Annually,1,3,-0.6070059375530534,0.30484392008861777
1409,58,Male,Blouse,Clothing,58,Maine,M,Yellow,Winter,4.1,No,Free Shipping,Yes,Yes,38,Venmo,Weekly,52,0,1.02857191761513,0.5468758491536074
1410,34,Male,Backpack,Accessories,50,Idaho,M,Blue,Spring,4.2,No,Standard,Yes,Yes,41,Cash,Fortnightly,26,1,-0.05372740723986783,0.36606173497356254
1411,61,Male,Hat,Accessories,93,Tennessee,M,Purple,Summer,4.0,No,Store Pickup,Yes,Yes,18,Debit Card,Annually,1,2,-0.37665272677422895,1.1816508931736165
1412,48,Male,Skirt,Clothing,24,Louisiana,L,Green,Summer,2.8,No,Store Pickup,Yes,Yes,13,Venmo,Quarterly,4,1,0.9562600887642917,-1.6534257780842858
1413,25,Male,Shorts,Clothing,100,Michigan,M,Charcoal,Summer,2.6,No,2-Day Shipping,Yes,Yes,43,Venmo,Annually,1,2,-0.29187339802269757,0.8578342668612088
1414,51,Male,Blouse,Clothing,79,New Hampshire,S,Indigo,Fall,2.7,No,Store Pickup,Yes,Yes,12,Bank Transfer,Quarterly,4,3,0.21210309078395562,-0.3875420535303466
1415,29,Male,Socks,Clothing,51,Minnesota,M,Black,Summer,4.5,No,Store Pickup,Yes,Yes,3,Credit Card,Bi-Weekly,26,3,-1.5724236331528558,-1.157198881412276
1416,54,Male,Belt,Accessories,90,Illinois,M,Blue,Winter,3.7,No,Free Shipping,Yes,Yes,12,Credit Card,Every 3 Months,4,3,-0.5510492525178728,0.5011650139420534
1417,48,Male,Boots,Footwear,56,Idaho,L,Silver,Summer,3.4,No,Free Shipping,Yes,Yes,46,Cash,Quarterly,4,1,0.9423254321915028,0.842186895585031
1418,62,Male,Shorts,Clothing,25,Montana,S,Brown,Spring,4.6,No,Standard,Yes,Yes,21,Debit Card,Fortnightly,26,1,0.6747569011060265,-0.25779534155451544
1419,18,Male,Shirt,Clothing,75,Alabama,M,Violet,Summer,4.1,No,2-Day Shipping,Yes,Yes,23,Venmo,Every 3 Months,4,3,-1.771005544207894,0.08046737157362584
1420,43,Male,Handbag,Accessories,75,Montana,M,Orange,Summer,2.6,No,Free Shipping,Yes,Yes,4,Debit Card,Quarterly,4,3,-0.2120509183062335,-1.0464075871977372
1421,22,Male,Jeans,Clothing,53,California,XL,Gray,Summer,4.6,No,Store Pickup,Yes,Yes,45,PayPal,Every 3 Months,4,2,-0.9663582797661174,0.8594522918543045
1422,68,Male,Dress,Clothing,100,Pennsylvania,S,Gold,Spring,3.0,No,Standard,Yes,Yes,24,Bank Transfer,Fortnightly,26,2,0.8968912810737338,0.8663844859306441
1423,44,Male,Dress,Clothing,27,Texas,L,Charcoal,Fall,3.4,No,Free Shipping,Yes,Yes,3,PayPal,Bi-Weekly,26,3,0.22637863163861677,-2.0309892302371706
1424,51,Male,Sandals,Footwear,60,Michigan,S,Black,Fall,3.5,No,Free Shipping,Yes,Yes,12,Venmo,Every 3 Months,4,3,-0.03779997276058884,-0.38503246299935406
1425,66,Male,Jacket,Outerwear,23,Connecticut,S,Indigo,Fall,3.5,No,Standard,Yes,Yes,34,Bank Transfer,Every 3 Months,4,1,1.8264304739661636,-0.011967731152146426
1426,59,Male,Coat,Outerwear,40,Wyoming,S,White,Winter,3.7,No,Next Day Air,Yes,Yes,39,Credit Card,Annually,1,1,1.2279010449378356,0.6060703992995448
1427,60,Male,Pants,Clothing,38,Michigan,M,Yellow,Summer,4.8,No,Free Shipping,Yes,Yes,35,PayPal,Every 3 Months,4,1,0.4388845994285184,0.9938161071980975
1428,31,Male,Backpack,Accessories,90,South Dakota,S,Orange,Summer,4.9,No,Store Pickup,Yes,Yes,8,Credit Card,Annually,1,3,-2.4964690354999917,0.563517247363576
1429,20,Male,Blouse,Clothing,97,North Dakota,S,Green,Summer,4.9,No,Express,Yes,Yes,42,PayPal,Quarterly,4,2,-2.0758157285634042,1.900989406134558
1430,24,Male,Skirt,Clothing,38,Maryland,L,Gold,Fall,4.7,No,Standard,Yes,Yes,6,Credit Card,Every 3 Months,4,3,-1.815734989508063,-1.050476525032887
1431,48,Male,Sandals,Footwear,30,Michigan,S,Orange,Summer,4.9,No,Free Shipping,Yes,Yes,3,Credit Card,Fortnightly,26,3,-0.715513012069067,-1.0279478300005969
1432,39,Male,Pants,Clothing,88,South Dakota,M,Cyan,Fall,2.9,No,Express,Yes,Yes,29,Venmo,Quarterly,4,2,-0.09385834669654837,0.4065546296854455
1433,34,Male,Hat,Accessories,33,Florida,L,Black,Winter,4.4,No,Express,Yes,Yes,32,Debit Card,Quarterly,4,1,-0.36424622105501236,-0.0253704129124976
1434,70,Male,Hoodie,Clothing,60,Minnesota,L,Yellow,Winter,3.2,No,Next Day Air,Yes,Yes,45,Debit Card,Weekly,52,0,2.3298383558687803,0.6350522695410552
1435,59,Male,Sweater,Clothing,64,New York,L,Maroon,Summer,4.6,No,Free Shipping,Yes,Yes,21,Debit Card,Bi-Weekly,26,3,-0.09632404724858973,0.6019903214310547
1436,45,Male,Scarf,Accessories,95,Oregon,XL,Black,Fall,4.0,No,Standard,Yes,Yes,41,Cash,Weekly,52,0,0.03015021466051726,1.2194013647811455
1437,35,Male,Sneakers,Footwear,83,Minnesota,M,Gray,Winter,3.7,No,Free Shipping,Yes,Yes,23,PayPal,Fortnightly,26,2,-0.7184632139997876,0.1223028180587769
1438,69,Male,Boots,Footwear,97,Montana,XL,Orange,Winter,4.2,No,Free Shipping,Yes,Yes,14,Cash,Annually,1,2,-0.3648082215302479,1.3882418227475544
1439,58,Male,Coat,Outerwear,38,Washington,M,Cyan,Spring,2.9,No,Standard,Yes,Yes,24,Debit Card,Monthly,12,1,1.4542691960260892,-0.6901973961795292
1440,25,Male,Boots,Footwear,48,New Mexico,M,Magenta,Summer,4.8,No,Next Day Air,Yes,Yes,25,Cash,Fortnightly,26,3,-1.2745817127681591,-0.2100887822727517
1441,27,Male,Sandals,Footwear,76,Arizona,M,Pink,Spring,4.4,No,Standard,Yes,Yes,13,Venmo,Monthly,12,3,-1.8384560146596571,-0.0623714200558801
1442,34,Male,Pants,Clothing,25,Nebraska,S,Turquoise,Summer,3.4,No,Free Shipping,Yes,Yes,3,Venmo,Every 3 Months,4,3,-0.3516811238421559,-2.009484968774554
1443,53,Male,Hoodie,Clothing,92,Idaho,S,Violet,Spring,2.8,No,2-Day Shipping,Yes,Yes,42,Credit Card,Annually,1,2,0.8371972075487673,1.3288479073226134
1444,58,Male,Sandals,Footwear,47,Idaho,L,Teal,Fall,4.2,No,Next Day Air,Yes,Yes,2,Cash,Monthly,12,3,-0.23894663753218723,-0.6752341548641566
1445,32,Male,Sweater,Clothing,36,Vermont,L,Pink,Fall,3.8,No,Express,Yes,Yes,26,Cash,Quarterly,4,1,-0.24459472122398118,-0.5900120623184547
1446,64,Male,Belt,Accessories,51,Arkansas,M,Gold,Fall,3.1,No,2-Day Shipping,Yes,Yes,24,Credit Card,Annually,1,1,1.2502643052024158,-0.003415586001999274
1447,63,Male,Jeans,Clothing,35,Wyoming,XL,Red,Summer,3.2,No,Express,Yes,Yes,6,Credit Card,Quarterly,4,3,0.9170742782311244,-1.1479075474867109
1448,23,Male,Hoodie,Clothing,57,New Mexico,S,Beige,Summer,3.0,No,Next Day Air,Yes,Yes,25,PayPal,Monthly,12,3,-0.3603460540083106,-0.8787515250179148
1449,64,Male,Boots,Footwear,95,West Virginia,M,Black,Summer,3.6,No,Free Shipping,Yes,Yes,11,Credit Card,Every 3 Months,4,3,-0.17528561441096985,0.731181655042386
1450,18,Male,Socks,Clothing,41,New York,L,Lavender,Winter,2.5,No,Store Pickup,Yes,Yes,20,Cash,Every 3 Months,4,1,-0.16376905295880662,-1.7556909993469578
1451,25,Male,Dress,Clothing,44,Illinois,S,Teal,Winter,3.4,No,Free Shipping,Yes,Yes,25,Cash,Quarterly,4,1,-0.4148136221923924,-0.8165901198539406
1452,54,Male,Jacket,Outerwear,34,Utah,M,Maroon,Fall,2.5,No,Next Day Air,Yes,Yes,35,PayPal,Quarterly,4,1,1.8787311751772418,-0.5271731079592179
1453,60,Male,Jacket,Outerwear,25,Colorado,L,Blue,Spring,4.7,No,2-Day Shipping,Yes,Yes,11,Bank Transfer,Quarterly,4,1,0.04140054296928625,-0.3879492389792369
1454,36,Male,Boots,Footwear,93,Virginia,S,Teal,Winter,3.2,No,2-Day Shipping,Yes,Yes,41,Bank Transfer,Fortnightly,26,2,0.02302519229322393,0.8606135907694603
1455,66,Male,Sneakers,Footwear,50,Georgia,L,Maroon,Winter,2.9,No,Free Shipping,Yes,Yes,17,Credit Card,Annually,1,1,1.2919629313728689,-0.39479704733737847
1456,60,Male,Pants,Clothing,79,Alabama,L,Silver,Fall,4.9,No,Express,Yes,Yes,1,PayPal,Every 3 Months,4,3,-1.27918671761444,0.5790507304523205
1457,59,Male,Coat,Outerwear,100,Montana,S,Olive,Spring,2.7,No,Store Pickup,Yes,Yes,30,PayPal,Every 3 Months,4,2,0.7099648345884922,1.0411182616010342
1458,58,Male,Shirt,Clothing,57,Pennsylvania,S,Gray,Spring,4.7,No,Express,Yes,Yes,47,Venmo,Fortnightly,26,2,0.6478150856676266,1.574177262057345
1459,35,Male,Sweater,Clothing,28,Missouri,M,Peach,Spring,2.9,No,2-Day Shipping,Yes,Yes,34,Venmo,Weekly,52,0,1.300785719245139,-1.4953346835302765
1460,20,Male,Shoes,Footwear,35,Maine,L,Yellow,Winter,4.8,No,Express,Yes,Yes,18,Venmo,Fortnightly,26,3,-1.466789075521251,-0.9198451353535678
1461,70,Male,Boots,Footwear,85,Pennsylvania,L,Violet,Fall,4.6,No,Standard,Yes,Yes,33,Venmo,Bi-Weekly,26,2,0.3556235550974784,1.839435418806705
1462,54,Male,Sunglasses,Accessories,95,Oregon,S,Red,Summer,5.0,No,2-Day Shipping,Yes,Yes,42,Venmo,Quarterly,4,2,-0.6971920304089217,2.626241814808161
1463,38,Male,Sneakers,Footwear,90,Utah,S,Charcoal,Summer,4.8,No,2-Day Shipping,Yes,Yes,2,Venmo,Quarterly,4,3,-2.278650133664799,0.36191892065013437
1464,54,Male,Jewelry,Accessories,49,Oklahoma,M,Beige,Summer,4.9,No,Store Pickup,Yes,Yes,1,Bank Transfer,Monthly,12,3,-0.9612558120668264,-0.35890436449802926
1465,33,Male,Belt,Accessories,92,Montana,M,Peach,Winter,4.6,No,2-Day Shipping,Yes,Yes,23,Bank Transfer,Quarterly,4,2,-1.7808433389236171,1.0812976091157214
1466,46,Male,Gloves,Accessories,72,Nebraska,XL,Violet,Winter,3.9,No,Store Pickup,Yes,Yes,42,Cash,Bi-Weekly,26,2,0.32181235466869534,1.0122780507650586
1467,58,Male,Shorts,Clothing,71,Alabama,M,Green,Summer,4.5,No,Store Pickup,Yes,Yes,3,PayPal,Annually,1,3,-0.917198468290759,0.24442728922899326
1468,30,Male,Jewelry,Accessories,27,Ohio,XL,Olive,Winter,4.7,No,Store Pickup,Yes,Yes,16,Debit Card,Fortnightly,26,3,-0.904124682144971,-1.0398839778978093
1469,42,Male,Gloves,Accessories,39,Arkansas,S,Silver,Fall,3.9,No,Express,Yes,Yes,46,Cash,Fortnightly,26,1,0.8158513865185414,0.3166607107572091
1470,28,Male,Jewelry,Accessories,98,Mississippi,M,Purple,Winter,4.4,No,Standard,Yes,Yes,31,PayPal,Every 3 Months,4,2,-1.7195073624948671,1.3441454294140682
1471,43,Male,Sandals,Footwear,27,California,M,Silver,Spring,3.9,No,Next Day Air,Yes,Yes,15,Cash,Every 3 Months,4,1,-0.02117786366282046,-0.9812119043232135
1472,31,Male,Jewelry,Accessories,71,Alaska,S,Gray,Spring,2.8,No,2-Day Shipping,Yes,Yes,48,Venmo,Every 3 Months,4,2,0.4662438519424931,0.5848211856744512
1473,39,Male,Hat,Accessories,24,Indiana,L,Turquoise,Spring,3.5,No,Store Pickup,Yes,Yes,11,Cash,Weekly,52,0,0.4551677987821349,-2.1418245912679637
1474,69,Male,Shorts,Clothing,63,Wisconsin,M,Violet,Fall,4.3,No,Express,Yes,Yes,20,Credit Card,Every 3 Months,4,3,0.3253138556225816,0.8564147859439359
1475,31,Male,Sweater,Clothing,72,New Jersey,S,Pink,Fall,3.9,No,Next Day Air,Yes,Yes,6,Credit Card,Monthly,12,3,-1.4519991244337678,-0.6521892007267497
1476,44,Male,Blouse,Clothing,61,Rhode Island,M,Teal,Spring,4.0,No,Express,Yes,Yes,24,Cash,Monthly,12,3,-0.2863163035630088,0.1809878185319482
1477,39,Male,Hat,Accessories,56,Wyoming,M,Magenta,Fall,4.1,No,Next Day Air,Yes,Yes,18,Credit Card,Monthly,12,3,-0.6531725694323745,-0.2405221835933077
1478,24,Male,Belt,Accessories,32,Oregon,XL,Silver,Summer,4.3,No,Standard,Yes,Yes,1,PayPal,Every 3 Months,4,3,-1.5763718289167052,-1.630549630133942
1479,28,Male,Gloves,Accessories,23,Washington,M,Blue,Summer,4.2,No,Free Shipping,Yes,Yes,13,Venmo,Bi-Weekly,26,3,-0.6536553525621033,-1.586467772571781
1480,48,Male,Coat,Outerwear,100,Washington,L,Black,Spring,4.0,No,Standard,Yes,Yes,2,Bank Transfer,Weekly,52,0,-1.0383418721421525,-0.252670004354752
1481,39,Male,Jewelry,Accessories,74,New Hampshire,M,Gold,Fall,3.6,No,Express,Yes,Yes,26,Cash,Quarterly,4,2,-0.4414442037291806,0.3436746843374907
1482,64,Male,Skirt,Clothing,33,Maryland,S,Gray,Spring,3.3,No,Standard,Yes,Yes,31,PayPal,Quarterly,4,1,1.6331973341839732,-0.05766954726220798
1483,28,Male,Gloves,Accessories,67,Wisconsin,S,Magenta,Spring,4.1,No,2-Day Shipping,Yes,Yes,43,Bank Transfer,Weekly,52,0,-0.227628255461772,0.3400450014596208
1484,39,Male,Jewelry,Accessories,61,Massachusetts,S,Yellow,Summer,4.7,No,Next Day Air,Yes,Yes,12,Debit Card,Bi-Weekly,26,3,-1.2064849967741913,-0.21529726501615887
1485,49,Male,Shorts,Clothing,46,Nebraska,M,Teal,Summer,4.4,No,Store Pickup,Yes,Yes,22,Venmo,Every 3 Months,4,1,-0.23965505516183064,0.17420054955051167
1486,22,Male,Gloves,Accessories,56,Nebraska,L,Red,Spring,3.4,No,Standard,Yes,Yes,3,Cash,Fortnightly,26,3,-1.1703628297367534,-1.8080153957276262
1487,25,Male,Sneakers,Footwear,73,Idaho,S,Yellow,Spring,5.0,No,Free Shipping,Yes,Yes,23,Venmo,Every 3 Months,4,3,-2.0815974250070806,0.689241267252636
1488,40,Male,Skirt,Clothing,44,Arizona,L,Black,Summer,4.6,No,Store Pickup,Yes,Yes,26,PayPal,Annually,1,1,-0.6351771142705328,0.25806673999661367
1489,23,Male,Hat,Accessories,44,Hawaii,L,Pink,Winter,4.0,No,Standard,Yes,Yes,37,Credit Card,Weekly,52,0,-0.15509771794485094,-0.6204902713450775
1490,24,Male,Jewelry,Accessories,26,Missouri,XL,Magenta,Summer,4.1,No,Next Day Air,Yes,Yes,42,Venmo,Quarterly,4,1,-0.16823904486812982,-0.14720301016947593
1491,66,Male,Sneakers,Footwear,52,Louisiana,L,Olive,Spring,4.9,No,Express,Yes,Yes,15,Venmo,Bi-Weekly,26,3,0.011411801638627005,0.38058805316898225
1492,27,Male,Shirt,Clothing,54,Arkansas,S,Black,Summer,2.7,No,Free Shipping,Yes,Yes,10,Bank Transfer,Quarterly,4,3,-0.4302448465011669,-1.569444135287549
1493,62,Male,Jacket,Outerwear,38,North Carolina,M,Maroon,Summer,4.5,No,Free Shipping,Yes,Yes,3,Venmo,Quarterly,4,3,-0.17732306515150223,-0.4904084884752015
1494,70,Male,Belt,Accessories,44,North Dakota,S,Gold,Fall,2.7,No,Standard,Yes,Yes,44,Credit Card,Quarterly,4,1,2.4945652939789067,0.5410927471972827
1495,43,Male,T-shirt,Clothing,76,Montana,M,Gray,Spring,3.0,No,Next Day Air,Yes,Yes,23,Bank Transfer,Fortnightly,26,2,0.22480355903123106,-0.2705129055238206
1496,45,Male,Jewelry,Accessories,23,Rhode Island,M,Brown,Winter,4.5,No,Next Day Air,Yes,Yes,6,PayPal,Weekly,52,0,-0.12661148795066995,-1.685923272243747
1497,63,Male,T-shirt,Clothing,98,Idaho,M,Purple,Winter,5.0,No,Standard,Yes,Yes,9,Venmo,Bi-Weekly,26,3,-1.1170893948153515,1.208157333211389
1498,69,Male,Jacket,Outerwear,33,Michigan,S,Magenta,Spring,3.8,No,2-Day Shipping,Yes,Yes,16,Debit Card,Every 3 Months,4,1,1.061360170330199,-0.3057590069097358
1499,59,Male,Sweater,Clothing,32,Illinois,M,Teal,Summer,3.1,No,Standard,Yes,Yes,46,Venmo,Fortnightly,26,1,2.2045471216903314,0.05687127513679545
1500,19,Male,Boots,Footwear,85,Georgia,S,Olive,Fall,3.4,No,Free Shipping,Yes,Yes,24,Credit Card,Every 3 Months,4,3,-1.372454328467253,-0.015054451290920434
1501,63,Male,Jeans,Clothing,69,Alabama,L,Maroon,Summer,4.8,No,Next Day Air,Yes,Yes,22,Debit Card,Monthly,12,2,-0.24916062321865984,1.1378294149095036
1502,37,Male,Jeans,Clothing,55,Alaska,XL,Silver,Spring,2.7,No,Standard,Yes,Yes,13,Debit Card,Every 3 Months,4,3,0.05511104740694353,-1.2079725615454673
1503,37,Male,Pants,Clothing,66,Massachusetts,M,Black,Summer,3.2,No,Store Pickup,Yes,Yes,20,Cash,Fortnightly,26,3,-0.08601916042054752,-0.6476940782301928
1504,50,Male,Jacket,Outerwear,30,Michigan,M,Maroon,Fall,3.9,No,2-Day Shipping,Yes,Yes,46,Cash,Quarterly,4,1,1.1034507052298939,0.5515968044866092
1505,60,Male,Jacket,Outerwear,80,Alaska,M,Teal,Winter,4.2,No,Next Day Air,Yes,Yes,10,Bank Transfer,Monthly,12,3,-0.47456039818309614,0.4870564464954097
1506,46,Male,Belt,Accessories,20,North Dakota,M,Teal,Summer,3.0,No,Express,Yes,Yes,39,Cash,Monthly,12,1,1.6092625257224846,-0.6763975910047584
1507,35,Male,Shirt,Clothing,30,South Carolina,L,Beige,Fall,3.0,No,2-Day Shipping,Yes,Yes,44,PayPal,Quarterly,4,1,1.0570296848388385,-0.35779353639851535
1508,66,Male,Dress,Clothing,86,Pennsylvania,S,Maroon,Winter,3.7,No,2-Day Shipping,Yes,Yes,7,Venmo,Annually,1,3,-0.15392343387473592,0.4853382128418698
1509,35,Male,Blouse,Clothing,84,Colorado,L,Beige,Spring,4.4,No,Store Pickup,Yes,Yes,3,Cash,Every 3 Months,4,3,-1.9933728316149735,-0.02693896669519001
1510,20,Male,Dress,Clothing,54,New Hampshire,XL,White,Summer,4.6,No,Free Shipping,Yes,Yes,44,Debit Card,Annually,1,2,-1.1212515889893764,0.8367030279379124
1511,55,Male,Blouse,Clothing,30,Maryland,XL,Gray,Fall,3.0,No,Free Shipping,Yes,Yes,31,Venmo,Annually,1,1,1.4932635639585192,-0.44966777303882627
1512,34,Male,Dress,Clothing,91,Georgia,M,Violet,Winter,3.6,No,Express,Yes,Yes,48,Credit Card,Weekly,52,0,0.11996038655256114,0.9637868440381943
1513,60,Male,Sneakers,Footwear,23,Wisconsin,L,Silver,Winter,3.9,No,Standard,Yes,Yes,18,PayPal,Bi-Weekly,26,1,1.0332626714376858,-0.8700875954383078
1514,22,Male,Socks,Clothing,35,Texas,M,Red,Spring,4.1,No,Free Shipping,Yes,Yes,27,Cash,Monthly,12,1,-0.7569990648565531,-0.7139408397536137
1515,26,Male,Shoes,Footwear,90,Utah,L,Brown,Winter,3.9,No,2-Day Shipping,Yes,Yes,1,Venmo,Weekly,52,0,-1.746841368313131,-1.0515835785786813
1516,39,Male,Jeans,Clothing,93,Indiana,S,Turquoise,Fall,3.9,No,2-Day Shipping,Yes,Yes,34,Cash,Weekly,52,0,-0.3153633561074266,0.6923884813701653
1517,20,Male,Jeans,Clothing,68,Nevada,L,Indigo,Winter,4.5,No,Express,Yes,Yes,5,Bank Transfer,Bi-Weekly,26,3,-2.1719607041392384,-0.8596268374250322
1518,57,Male,Gloves,Accessories,41,New Hampshire,M,Violet,Spring,3.4,No,Standard,Yes,Yes,12,Cash,Quarterly,4,3,0.597464092674303,-0.7648392653135027
1519,68,Male,Belt,Accessories,73,New York,M,Yellow,Winter,4.1,No,Next Day Air,Yes,Yes,14,Venmo,Fortnightly,26,3,0.283001342615428,0.42513200051575895
1520,50,Male,Sunglasses,Accessories,73,Texas,L,Cyan,Fall,4.9,No,Next Day Air,Yes,Yes,40,PayPal,Weekly,52,0,-0.060866778087168394,1.2703374798810863
1521,21,Male,Hat,Accessories,66,Iowa,M,Brown,Summer,4.4,No,2-Day Shipping,Yes,Yes,39,Cash,Quarterly,4,2,-1.2530756682084172,0.7786100353567893
1522,29,Male,Backpack,Accessories,59,Washington,M,White,Summer,2.7,No,2-Day Shipping,Yes,Yes,50,Bank Transfer,Weekly,52,0,1.1341003388664783,-0.3227051058404038
1523,38,Male,Shorts,Clothing,72,Tennessee,L,Yellow,Spring,4.8,No,Free Shipping,Yes,Yes,5,Debit Card,Monthly,12,3,-1.8242030219416974,-0.03848318009009785
1524,54,Male,Socks,Clothing,88,Georgia,M,White,Summer,3.3,No,2-Day Shipping,Yes,Yes,35,Debit Card,Annually,1,2,0.39284897150044984,1.2410487090554685
1525,22,Male,Socks,Clothing,76,Massachusetts,L,Pink,Summer,4.4,No,Free Shipping,Yes,Yes,6,Cash,Bi-Weekly,26,3,-2.122139636101971,-0.6422992139061269
1526,29,Male,Belt,Accessories,31,Oregon,M,Indigo,Winter,4.6,No,2-Day Shipping,Yes,Yes,22,Cash,Fortnightly,26,1,-0.7705963805667305,-0.7684040551064185
1527,41,Male,Jacket,Outerwear,22,Oklahoma,L,White,Summer,3.1,No,Next Day Air,Yes,Yes,27,PayPal,Monthly,12,1,0.9555717502600267,-1.1866440462515688
1528,26,Male,Hat,Accessories,75,Wisconsin,L,Red,Fall,4.5,No,2-Day Shipping,Yes,Yes,33,Debit Card,Fortnightly,26,2,-1.2406823961795075,0.6195858586506896
1529,69,Male,T-shirt,Clothing,75,Oregon,S,Red,Spring,4.0,No,Store Pickup,Yes,Yes,47,Venmo,Bi-Weekly,26,2,1.3018416466132765,1.8361896721919662
1530,20,Male,Backpack,Accessories,63,Georgia,M,Lavender,Winter,3.1,No,Free Shipping,Yes,Yes,48,Credit Card,Bi-Weekly,26,2,0.12358738474269944,0.05394389335085599
1531,59,Male,Coat,Outerwear,21,New Mexico,M,Teal,Spring,3.9,No,Next Day Air,Yes,Yes,22,Bank Transfer,Quarterly,4,1,0.9439540613713931,-0.48943875107783424
1532,63,Male,Backpack,Accessories,83,Mississippi,S,Violet,Spring,4.5,No,Next Day Air,Yes,Yes,8,PayPal,Bi-Weekly,26,3,-0.5441249107508717,0.5281698175278945
1533,68,Male,Jacket,Outerwear,46,Wisconsin,S,Silver,Winter,4.4,No,Next Day Air,Yes,Yes,5,PayPal,Every 3 Months,4,3,0.06757197161275988,-0.14643848292671988
1534,50,Male,Shoes,Footwear,59,New Hampshire,M,Gold,Summer,3.6,No,2-Day Shipping,Yes,Yes,16,Bank Transfer,Quarterly,4,3,-0.0195595184255058,-0.20364071509722595
1535,55,Male,Blouse,Clothing,66,Wyoming,M,Green,Summer,3.4,No,Free Shipping,Yes,Yes,26,Venmo,Fortnightly,26,2,0.6933576925058816,0.09883611554366349
1536,36,Male,Sandals,Footwear,74,West Virginia,S,Turquoise,Fall,4.0,No,2-Day Shipping,Yes,Yes,8,Venmo,Monthly,12,3,-1.2905197029612978,-0.3582348047224355
1537,18,Male,Sunglasses,Accessories,82,Michigan,M,Indigo,Summer,2.6,No,Store Pickup,Yes,Yes,17,Cash,Quarterly,4,3,-0.9990539762069269,-0.8560701342238031
1538,68,Male,Shoes,Footwear,89,Alaska,L,Black,Spring,3.2,No,Next Day Air,Yes,Yes,50,Venmo,Annually,1,2,1.4571113575367685,2.139037712731259
1539,56,Male,Dress,Clothing,65,Illinois,L,Charcoal,Fall,3.2,No,Standard,Yes,Yes,22,Venmo,Bi-Weekly,26,3,0.7788380129408186,-0.1864073836838183
1540,32,Male,Belt,Accessories,55,Hawaii,M,Turquoise,Spring,5.0,No,2-Day Shipping,Yes,Yes,19,Cash,Every 3 Months,4,3,-1.6057452909198129,0.2410828573931428
1541,28,Male,Shorts,Clothing,95,Colorado,M,Red,Winter,2.9,No,Next Day Air,Yes,Yes,14,Bank Transfer,Monthly,12,3,-1.0243265540557227,-0.3970612391862301
1542,24,Male,Handbag,Accessories,77,Illinois,S,Indigo,Winter,2.9,No,Store Pickup,Yes,Yes,35,Cash,Bi-Weekly,26,2,-0.17079014959393754,-0.19472588359810156
1543,59,Male,Blouse,Clothing,44,Hawaii,M,Maroon,Winter,3.5,No,Next Day Air,Yes,Yes,43,PayPal,Weekly,52,0,1.8680657517944743,0.1094921474611885
1544,56,Male,Jeans,Clothing,89,Wisconsin,M,Indigo,Fall,4.0,No,Standard,Yes,Yes,24,Venmo,Annually,1,2,-0.34776700692926177,1.2360813357152949
1545,30,Male,Jewelry,Accessories,24,Arkansas,M,Maroon,Spring,3.9,No,Standard,Yes,Yes,17,Debit Card,Bi-Weekly,26,1,-0.2612592392541867,-1.5206425048560654
1546,48,Male,Belt,Accessories,43,Delaware,M,Black,Winter,4.9,No,Store Pickup,Yes,Yes,49,Bank Transfer,Annually,1,1,0.15779771514140994,1.5476365539931882
1547,60,Male,Sneakers,Footwear,51,Oregon,XL,Purple,Summer,3.8,No,Express,Yes,Yes,17,Bank Transfer,Annually,1,3,0.39022828426155753,0.011185186081243595
1548,46,Male,Hat,Accessories,46,South Carolina,L,Teal,Summer,3.5,No,Standard,Yes,Yes,40,Cash,Quarterly,4,1,0.7832544981930111,0.3655298099725619
1549,69,Male,Dress,Clothing,32,Maryland,M,Silver,Summer,3.7,No,Store Pickup,Yes,Yes,43,Bank Transfer,Weekly,52,0,2.342196963069431,0.14914926553683847
1550,19,Male,Sneakers,Footwear,55,Kansas,M,Black,Spring,2.9,No,2-Day Shipping,Yes,Yes,19,Debit Card,Every 3 Months,4,3,-0.6648849942046308,-1.2196278003339127
1551,66,Male,Sunglasses,Accessories,26,Arkansas,S,Black,Summer,2.8,No,Free Shipping,Yes,Yes,40,Bank Transfer,Quarterly,4,1,2.441689971784402,-0.0822133635445224
1552,64,Male,Handbag,Accessories,29,Minnesota,M,Olive,Summer,3.7,No,2-Day Shipping,Yes,Yes,13,Credit Card,Monthly,12,1,0.9753396486908548,-0.7910602792358663
1553,54,Male,Blouse,Clothing,49,New Mexico,L,Purple,Spring,3.0,No,Express,Yes,Yes,20,Credit Card,Monthly,12,1,0.9209358480072166,-0.6271941302903831
1554,27,Male,Blouse,Clothing,45,Delaware,M,Indigo,Spring,4.8,No,Free Shipping,Yes,Yes,21,Debit Card,Quarterly,4,3,-1.4501909070510346,-0.12912010862013026
1555,64,Male,Shorts,Clothing,48,Utah,S,Lavender,Winter,2.7,No,Standard,Yes,Yes,18,Cash,Bi-Weekly,26,1,1.6327005684980647,-0.8724395974017247
1556,43,Male,Shorts,Clothing,47,Ohio,S,Cyan,Winter,4.5,No,Free Shipping,Yes,Yes,44,Cash,Quarterly,4,1,0.04978977556690867,1.0608124577070488
1557,43,Male,Hoodie,Clothing,57,Alabama,M,Gold,Fall,2.7,No,Standard,Yes,Yes,26,Credit Card,Quarterly,4,1,0.6420722393511266,-0.48308241117695644
1558,27,Male,Backpack,Accessories,34,South Dakota,L,Magenta,Fall,3.5,No,Next Day Air,Yes,Yes,34,PayPal,Quarterly,4,1,0.019867138766037875,-0.5730110367863482
1559,35,Male,Sunglasses,Accessories,75,New Mexico,XL,Teal,Fall,3.5,No,Express,Yes,Yes,24,Credit Card,Every 3 Months,4,3,-0.6109769325267745,0.14177851651368353
1560,43,Male,Scarf,Accessories,94,Oregon,L,Beige,Fall,4.5,No,Store Pickup,Yes,Yes,23,PayPal,Fortnightly,26,2,-1.1321978449365742,1.003273277474713
1561,57,Male,Hat,Accessories,84,Oregon,M,Teal,Winter,3.8,No,Free Shipping,Yes,Yes,3,Debit Card,Weekly,52,0,-0.2287699009401193,-0.5124176795573369
1562,50,Male,Scarf,Accessories,38,Mississippi,M,Indigo,Summer,3.8,No,Standard,Yes,Yes,2,Bank Transfer,Quarterly,4,3,-0.21149084089860368,-1.1811770134340307
1563,37,Male,Scarf,Accessories,75,Alabama,M,Purple,Winter,3.2,No,Next Day Air,Yes,Yes,23,Venmo,Bi-Weekly,26,3,-0.14969588227243616,-0.307502844500902
1564,68,Male,Pants,Clothing,44,Kansas,M,Teal,Fall,4.3,No,Next Day Air,Yes,Yes,8,Cash,Weekly,52,0,0.6815287518039931,-0.7327853995973164
1565,22,Male,Backpack,Accessories,33,California,XL,Turquoise,Summer,4.5,No,Next Day Air,Yes,Yes,30,Debit Card,Every 3 Months,4,1,-0.9915768852972734,-0.30637793263351415
1566,58,Male,Sunglasses,Accessories,93,Idaho,L,Peach,Fall,4.2,No,Free Shipping,Yes,Yes,48,PayPal,Annually,1,2,0.2115374683515725,2.5034955998298196
1567,48,Male,Sneakers,Footwear,99,Wyoming,S,Green,Winter,3.0,No,Free Shipping,Yes,Yes,21,Cash,Bi-Weekly,26,2,-0.004957083539377649,0.29430584758792316
1568,30,Male,Backpack,Accessories,33,Minnesota,M,Turquoise,Spring,4.1,No,Standard,Yes,Yes,9,Cash,Monthly,12,3,-0.9032557000387086,-1.3559788806278312
1569,51,Male,Sneakers,Footwear,76,Washington,L,Yellow,Spring,4.6,No,Store Pickup,Yes,Yes,8,Debit Card,Monthly,12,3,-1.1224304642051697,0.34412789439583535
1570,20,Male,Skirt,Clothing,63,Hawaii,M,Orange,Summer,2.9,No,Standard,Yes,Yes,29,Debit Card,Weekly,52,0,-0.04620102365295298,-1.1949386413059997
1571,30,Male,Pants,Clothing,41,Missouri,L,Brown,Winter,4.8,No,Next Day Air,Yes,Yes,3,Bank Transfer,Every 3 Months,4,3,-1.7715587413219411,-0.9237933629416297
1572,28,Male,Jewelry,Accessories,88,Colorado,L,Silver,Winter,4.5,No,Next Day Air,Yes,Yes,11,Bank Transfer,Fortnightly,26,3,-1.9992552075427645,0.03657296286102303
1573,37,Male,Skirt,Clothing,92,Washington,L,White,Summer,3.4,No,2-Day Shipping,Yes,Yes,16,Debit Card,Monthly,12,3,-0.8957555076669614,0.08888706050450113
1574,36,Male,T-shirt,Clothing,31,North Dakota,L,Indigo,Summer,4.3,No,2-Day Shipping,Yes,Yes,25,Debit Card,Weekly,52,0,0.048239248827273096,-0.9935914785561699
1575,18,Male,Skirt,Clothing,25,Minnesota,S,Magenta,Spring,4.2,No,Free Shipping,Yes,Yes,32,PayPal,Bi-Weekly,26,1,-0.5622202310759529,-0.9441515884283708
1576,52,Male,Shirt,Clothing,28,California,M,Turquoise,Spring,3.6,No,Next Day Air,Yes,Yes,28,Cash,Fortnightly,26,1,1.1137581241830705,-0.6658086928933851
1577,56,Male,Dress,Clothing,75,Michigan,M,White,Spring,3.7,No,2-Day Shipping,Yes,Yes,36,PayPal,Monthly,12,2,0.5350103882954946,1.1042725278181202
1578,68,Male,Boots,Footwear,34,Delaware,S,Olive,Spring,4.0,No,Standard,Yes,Yes,7,Venmo,Fortnightly,26,3,0.8003814251498509,-0.851152745353637
1579,62,Male,Pants,Clothing,97,California,S,Maroon,Winter,4.9,No,2-Day Shipping,Yes,Yes,2,PayPal,Quarterly,4,3,-1.465626569402191,1.0895568298844283
1580,35,Male,Jacket,Outerwear,80,Oklahoma,M,Violet,Summer,3.1,No,Free Shipping,Yes,Yes,6,Bank Transfer,Monthly,12,3,-0.8532563731566004,-0.8307802117257783
1581,65,Male,Sneakers,Footwear,71,North Dakota,L,Cyan,Summer,3.7,No,Standard,Yes,Yes,30,Cash,Annually,1,2,0.7079106412677653,1.0844796901339584
1582,69,Male,Jewelry,Accessories,77,Ohio,L,Teal,Fall,4.2,No,Free Shipping,Yes,Yes,46,Cash,Quarterly,4,2,0.9043558318524695,2.2336049447166095
1583,28,Male,Belt,Accessories,41,Hawaii,L,Red,Spring,2.5,No,Next Day Air,Yes,Yes,39,Cash,Monthly,12,1,0.8645868902154661,-0.8411080061347649
1584,37,Male,Scarf,Accessories,92,Maryland,XL,Yellow,Summer,4.3,No,Next Day Air,Yes,Yes,8,Venmo,Annually,1,3,-1.8561941583031158,0.3980927462005718
1585,41,Male,Blouse,Clothing,95,Hawaii,S,Silver,Spring,3.1,No,Store Pickup,Yes,Yes,46,Credit Card,Quarterly,4,2,0.21640471107369819,1.4481695221951705
1586,37,Male,Sweater,Clothing,25,Alabama,M,Charcoal,Fall,3.0,No,Next Day Air,Yes,Yes,40,Debit Card,Fortnightly,26,1,1.3039601688987548,-0.8830425583132925
1587,25,Male,Boots,Footwear,77,Oklahoma,M,Purple,Fall,4.0,No,Express,Yes,Yes,21,Bank Transfer,Weekly,52,0,-1.0741590092756343,-0.4757890185292002
1588,41,Male,Socks,Clothing,99,Alabama,M,Beige,Summer,3.5,No,Free Shipping,Yes,Yes,33,Credit Card,Fortnightly,26,2,-0.3077067402242942,0.9382759275312783
1589,48,Male,Belt,Accessories,24,Vermont,L,Cyan,Winter,3.2,No,Next Day Air,Yes,Yes,3,Venmo,Monthly,12,3,0.4599481743036325,-1.9529566982494566
1590,42,Male,Sneakers,Footwear,72,Ohio,M,Silver,Summer,2.7,No,Store Pickup,Yes,Yes,48,Cash,Weekly,52,0,1.403208854178618,0.17394089321704062
1591,54,Male,Jeans,Clothing,80,Wisconsin,S,Pink,Winter,3.0,No,Free Shipping,Yes,Yes,8,PayPal,Annually,1,3,-0.031732139940599126,-0.26262624317920524
1592,18,Male,Skirt,Clothing,100,South Dakota,L,Gold,Winter,2.9,No,Next Day Air,Yes,Yes,24,PayPal,Annually,1,2,-1.3362379714899104,0.07437796457884889
1593,56,Male,Shoes,Footwear,83,Iowa,M,Cyan,Summer,3.3,No,Free Shipping,Yes,Yes,10,Bank Transfer,Every 3 Months,4,3,-0.12638913831865614,0.06674614975560618
1594,61,Male,Dress,Clothing,95,Maryland,M,Black,Spring,4.9,No,2-Day Shipping,Yes,Yes,25,Bank Transfer,Monthly,12,2,-0.7483693859596904,1.8947385956462368
1595,40,Male,Handbag,Accessories,41,Colorado,XL,Charcoal,Summer,3.7,No,Store Pickup,Yes,Yes,3,Cash,Fortnightly,26,3,-0.38392082600844246,-1.6143500775135164
1596,34,Male,Backpack,Accessories,35,Wisconsin,S,Magenta,Spring,3.5,No,Standard,Yes,Yes,45,Debit Card,Fortnightly,26,1,0.8027934560621275,-0.21496814012011356
1597,42,Male,Jewelry,Accessories,30,Mississippi,S,Pink,Fall,4.7,No,Store Pickup,Yes,Yes,15,Debit Card,Monthly,12,3,-0.6064147291647388,-0.5807301666212349
1598,43,Male,Hat,Accessories,21,Mississippi,XL,Maroon,Winter,2.6,No,Store Pickup,Yes,Yes,34,Bank Transfer,Quarterly,4,1,1.536904474164847,-1.052376292486104
1599,47,Male,Jewelry,Accessories,85,California,M,Teal,Fall,4.1,No,Express,Yes,Yes,21,Venmo,Bi-Weekly,26,2,-0.5911042003326077,0.5636441450614318
1600,48,Male,Shirt,Clothing,54,Delaware,M,Orange,Winter,2.8,No,2-Day Shipping,Yes,Yes,22,Debit Card,Bi-Weekly,26,1,0.9102296898525231,-0.8412975623861882
1601,20,Male,Boots,Footwear,26,Montana,S,Yellow,Spring,4.7,No,Next Day Air,Yes,Yes,24,PayPal,Weekly,52,0,-0.8461310481114321,-1.2652112602603518
1602,65,Male,Shirt,Clothing,59,Indiana,XL,Red,Spring,2.9,No,Store Pickup,Yes,Yes,33,Credit Card,Monthly,12,1,1.6541888687551725,0.3358062067879042
1603,54,Male,Sunglasses,Accessories,48,West Virginia,S,Charcoal,Winter,2.8,No,Free Shipping,Yes,Yes,13,Venmo,Fortnightly,26,3,1.0032374570618192,-1.2385243727705746
1604,23,Male,Shorts,Clothing,98,Iowa,L,Black,Summer,4.3,No,Next Day Air,Yes,Yes,17,Debit Card,Bi-Weekly,26,3,-2.0611432645315024,0.30928503307465294
1605,18,Male,Sweater,Clothing,92,Maine,M,White,Summer,4.8,No,2-Day Shipping,Yes,Yes,25,Credit Card,Every 3 Months,4,2,-2.4897995611036707,0.9632262649501864
1606,70,Male,Belt,Accessories,46,Connecticut,M,Lavender,Winter,3.4,No,Next Day Air,Yes,Yes,15,Credit Card,Bi-Weekly,26,1,1.3361999763059358,-0.5249652171075231
1607,55,Male,T-shirt,Clothing,21,Kansas,S,White,Spring,4.3,No,Standard,Yes,Yes,4,PayPal,Fortnightly,26,3,0.17713079209392532,-1.3902363148225088
1608,49,Male,Shorts,Clothing,72,Vermont,S,Gray,Fall,2.7,No,Free Shipping,Yes,Yes,43,Debit Card,Quarterly,4,2,1.127563617360917,0.7190618914040897
1609,26,Male,Sandals,Footwear,58,Nebraska,XL,Cyan,Fall,4.6,No,Next Day Air,Yes,Yes,12,Bank Transfer,Bi-Weekly,26,3,-1.627636915788797,-0.6166040408958252
1610,33,Male,Shirt,Clothing,93,Nevada,S,Brown,Fall,4.1,No,Standard,Yes,Yes,3,Venmo,Monthly,12,3,-1.9432209294096627,-0.1272436639746974
1611,20,Male,Socks,Clothing,31,Tennessee,L,Purple,Spring,3.4,No,2-Day Shipping,Yes,Yes,1,PayPal,Annually,1,3,-1.1176799690157846,-2.209033063533628
1612,41,Male,Pants,Clothing,26,Arkansas,L,Yellow,Winter,4.5,No,Next Day Air,Yes,Yes,6,Debit Card,Monthly,12,3,-0.6969152507001514,-1.19109038143589
1613,18,Male,Skirt,Clothing,68,Wisconsin,M,Indigo,Summer,4.4,No,Standard,Yes,Yes,26,Venmo,Monthly,12,3,-1.7105583474542274,0.10994972767686084
1614,26,Male,Jewelry,Accessories,31,Illinois,S,Black,Summer,4.0,No,Next Day Air,Yes,Yes,6,Credit Card,Fortnightly,26,3,-0.9276613778605236,-1.8490994945860864
1615,30,Male,T-shirt,Clothing,41,Kansas,S,Gray,Summer,3.4,No,Free Shipping,Yes,Yes,22,Cash,Bi-Weekly,26,1,-0.047593452739730584,-1.1889257850522434
1616,64,Male,Jewelry,Accessories,62,New York,M,Indigo,Fall,3.2,No,Standard,Yes,Yes,45,Cash,Bi-Weekly,26,2,1.8167050941353236,0.8862705386306189
1617,26,Male,Hat,Accessories,41,Colorado,M,Green,Spring,3.4,No,Standard,Yes,Yes,50,Cash,Quarterly,4,1,0.38846269039860143,0.1934619696186898
1618,43,Male,Blouse,Clothing,64,Wisconsin,M,Peach,Winter,4.3,No,Standard,Yes,Yes,50,Credit Card,Fortnightly,26,2,0.27487764804706893,1.3250459370251477
1619,63,Male,Sandals,Footwear,72,Michigan,L,Purple,Summer,5.0,No,Standard,Yes,Yes,39,Debit Card,Quarterly,4,2,-0.02672683107628575,2.144275171190711
1620,57,Male,Handbag,Accessories,78,Hawaii,L,Beige,Winter,3.5,No,Store Pickup,Yes,Yes,50,Venmo,Bi-Weekly,26,2,1.1907077612379884,1.499057034067645
1621,25,Male,Hat,Accessories,47,Virginia,M,Charcoal,Winter,3.1,No,2-Day Shipping,Yes,Yes,27,PayPal,Every 3 Months,4,1,-0.19580500017921537,-0.8303536962900313
1622,68,Male,Scarf,Accessories,46,Ohio,L,Gray,Summer,3.9,No,2-Day Shipping,Yes,Yes,38,Debit Card,Fortnightly,26,1,1.5549433398684622,0.6907035132186761
1623,31,Male,Shorts,Clothing,43,Missouri,S,Brown,Winter,4.0,No,Store Pickup,Yes,Yes,37,Bank Transfer,Every 3 Months,4,1,-0.2301412873352036,0.13402337367515643
1624,64,Male,Backpack,Accessories,58,Indiana,M,Cyan,Summer,3.5,No,Next Day Air,Yes,Yes,50,Debit Card,Annually,1,2,1.592350215824074,1.4907140396482648
1625,38,Male,Sweater,Clothing,32,Florida,M,White,Winter,3.6,No,Free Shipping,Yes,Yes,40,PayPal,Every 3 Months,4,1,0.6114200369689864,-0.07775753955829302
1626,34,Male,Skirt,Clothing,45,Minnesota,L,Beige,Winter,3.0,No,Next Day Air,Yes,Yes,3,PayPal,Bi-Weekly,26,3,-0.20598621141504747,-2.041691445228717
1627,32,Male,Sneakers,Footwear,35,Nevada,L,Orange,Summer,2.6,No,Next Day Air,Yes,Yes,45,Credit Card,Bi-Weekly,26,1,1.3547666084775631,-0.765770184645766
1628,69,Male,Sunglasses,Accessories,21,Maine,M,Olive,Winter,2.9,No,Next Day Air,Yes,Yes,8,Credit Card,Annually,1,1,1.641075874403784,-1.3995203102920213
1629,45,Male,Dress,Clothing,64,Massachusetts,S,Teal,Winter,3.1,No,Next Day Air,Yes,Yes,7,Cash,Monthly,12,3,-0.14320663189660846,-0.9564270401115156
1630,35,Male,Blouse,Clothing,88,North Dakota,S,Silver,Spring,3.3,No,Next Day Air,Yes,Yes,13,Venmo,Quarterly,4,3,-0.9984299761235476,-0.1300008144703699
1631,63,Male,Shoes,Footwear,48,New Jersey,M,Gold,Summer,2.9,No,Store Pickup,Yes,Yes,29,Venmo,Every 3 Months,4,1,1.5684243082704445,-0.03462203821226313
1632,65,Male,Sweater,Clothing,36,Indiana,L,Violet,Summer,3.9,No,2-Day Shipping,Yes,Yes,7,Bank Transfer,Fortnightly,26,3,0.7128843861808718,-0.9235232537652585
1633,35,Male,Gloves,Accessories,28,Oregon,S,White,Summer,4.7,No,2-Day Shipping,Yes,Yes,50,Debit Card,Every 3 Months,4,1,0.0610690491659556,0.8101133126231026
1634,54,Male,Socks,Clothing,80,North Dakota,M,Peach,Spring,4.4,No,2-Day Shipping,Yes,Yes,33,Debit Card,Bi-Weekly,26,2,-0.0867553303586085,1.2710947722214938
1635,28,Male,Coat,Outerwear,23,South Carolina,S,Orange,Summer,3.6,No,Store Pickup,Yes,Yes,30,Cash,Every 3 Months,4,1,0.05926542500091053,-0.925352731213466
1636,68,Male,Sunglasses,Accessories,24,North Carolina,L,Violet,Summer,3.2,No,Standard,Yes,Yes,40,Cash,Annually,1,1,2.24923023165868,0.17676251356178527
1637,58,Male,Boots,Footwear,22,North Dakota,L,Green,Fall,4.0,No,Free Shipping,Yes,Yes,49,Cash,Fortnightly,26,1,1.7787323507171275,0.43503146311540664
1638,35,Male,Dress,Clothing,21,Massachusetts,M,Peach,Spring,3.5,No,Next Day Air,Yes,Yes,32,Venmo,Fortnightly,26,1,0.7061872111939422,-1.0764234321499497
1639,68,Male,Jacket,Outerwear,51,Tennessee,M,Black,Spring,4.6,No,Free Shipping,Yes,Yes,18,Venmo,Weekly,52,0,0.6385687138120056,0.026431256845429723
1640,41,Male,Gloves,Accessories,65,Missouri,L,Blue,Summer,3.3,No,Free Shipping,Yes,Yes,50,PayPal,Annually,1,2,0.65961638329199,1.0589385347243783
1641,65,Male,Scarf,Accessories,51,Tennessee,S,Magenta,Spring,4.0,No,2-Day Shipping,Yes,Yes,13,PayPal,Weekly,52,0,0.7947505014131552,-0.5878690645517135
1642,50,Male,Hoodie,Clothing,32,Colorado,L,Violet,Summer,3.4,No,Free Shipping,Yes,Yes,1,Bank Transfer,Every 3 Months,4,3,0.14178024147273272,-1.5916518937778041
1643,18,Male,Coat,Outerwear,70,Mississippi,M,Beige,Spring,4.2,No,Store Pickup,Yes,Yes,16,PayPal,Fortnightly,26,3,-1.7633902341302337,-0.5575816616508485
1644,38,Male,Scarf,Accessories,77,Ohio,L,Pink,Summer,3.9,No,2-Day Shipping,Yes,Yes,6,PayPal,Monthly,12,3,-1.243291985599641,-0.3864350526388968
1645,68,Male,Coat,Outerwear,90,North Carolina,S,Beige,Summer,3.9,No,Next Day Air,Yes,Yes,21,Debit Card,Monthly,12,2,0.2179623974759115,1.1890354114580812
1646,53,Male,Scarf,Accessories,36,Ohio,L,Green,Summer,2.8,No,Standard,Yes,Yes,36,Venmo,Every 3 Months,4,1,1.620666656769175,-0.2889423665478244
1647,58,Male,Handbag,Accessories,77,Nebraska,S,Silver,Summer,3.7,No,Standard,Yes,Yes,20,Bank Transfer,Every 3 Months,4,2,0.05874131503845764,0.616948361841618
1648,34,Male,Boots,Footwear,78,Hawaii,M,Purple,Summer,4.9,No,Store Pickup,Yes,Yes,8,Debit Card,Quarterly,4,3,-2.1461607602006048,0.30460341524241974
1649,36,Male,Pants,Clothing,69,Oklahoma,M,Gray,Summer,2.6,No,Express,Yes,Yes,22,Credit Card,Monthly,12,3,0.1791959530157916,-0.6742512034368382
1650,58,Male,T-shirt,Clothing,63,Wisconsin,M,White,Summer,4.9,No,Free Shipping,Yes,Yes,3,Credit Card,Quarterly,4,3,-1.0404509607554546,0.24307498073513636
1651,60,Male,Scarf,Accessories,36,Arkansas,M,Silver,Winter,3.4,No,Next Day Air,Yes,Yes,46,Credit Card,Fortnightly,26,1,1.9681690807145205,0.3421555544259585
1652,59,Male,Coat,Outerwear,80,Texas,M,Blue,Winter,3.9,No,Standard,Yes,Yes,42,Debit Card,Monthly,12,2,0.6068109445050487,1.6532213275584229
1653,65,Male,Sweater,Clothing,35,New Mexico,M,Orange,Summer,4.0,No,Next Day Air,Yes,Yes,1,Bank Transfer,Fortnightly,26,3,0.4880042831365071,-1.1450663612962704
1654,31,Male,Belt,Accessories,93,Colorado,L,Silver,Winter,3.0,No,2-Day Shipping,Yes,Yes,29,Debit Card,Bi-Weekly,26,2,-0.38577333138667236,0.13347524384051254
1655,43,Male,Belt,Accessories,25,Indiana,L,Gray,Spring,2.6,No,Store Pickup,Yes,Yes,14,Credit Card,Quarterly,4,1,0.9010947927374527,-1.8057040539785871
1656,37,Male,Sweater,Clothing,81,Arizona,L,Gold,Spring,3.2,No,Next Day Air,Yes,Yes,4,PayPal,Monthly,12,3,-0.9140650965437351,-0.7932720004324183
1657,21,Male,Blouse,Clothing,42,Indiana,L,Brown,Spring,2.6,No,2-Day Shipping,Yes,Yes,41,PayPal,Every 3 Months,4,1,0.4720420209594382,-0.7219322892391652
1658,69,Male,Skirt,Clothing,36,Indiana,L,Turquoise,Spring,3.2,No,Store Pickup,Yes,Yes,4,Debit Card,Bi-Weekly,26,3,1.2881506026717822,-1.3621195877417052
1659,32,Male,Jewelry,Accessories,66,Alaska,S,Pink,Spring,4.1,No,Store Pickup,Yes,Yes,47,Cash,Weekly,52,0,0.06944417273208231,0.570220211483677
1660,53,Male,Gloves,Accessories,37,Utah,M,Black,Fall,3.9,No,Next Day Air,Yes,Yes,44,Venmo,Annually,1,1,1.0289215421228919,0.7337465601221029
1661,59,Male,T-shirt,Clothing,45,Louisiana,L,Yellow,Winter,4.1,No,Standard,Yes,Yes,37,Venmo,Monthly,12,1,0.9031176998831505,0.7259592668967665
1662,64,Male,Gloves,Accessories,86,Iowa,S,Beige,Summer,2.7,No,2-Day Shipping,Yes,Yes,21,Debit Card,Quarterly,4,2,0.8938634997822864,0.4335040201687355
1663,63,Male,Sunglasses,Accessories,24,New Mexico,M,Olive,Winter,4.6,No,Free Shipping,Yes,Yes,46,Debit Card,Fortnightly,26,1,1.4448981774332703,0.7995884290650769
1664,43,Male,Shirt,Clothing,22,Maine,XL,Gold,Summer,3.5,No,Standard,Yes,Yes,1,Cash,Bi-Weekly,26,3,0.1400272758312302,-2.198658181764889
1665,19,Male,Handbag,Accessories,53,Minnesota,M,Purple,Spring,5.0,No,Next Day Air,Yes,Yes,35,PayPal,Weekly,52,0,-1.2336137153664202,-0.011338942618728049
1666,40,Male,Jacket,Outerwear,41,New Mexico,L,Pink,Fall,3.4,No,Next Day Air,Yes,Yes,49,Venmo,Monthly,12,1,1.0138760129549793,0.3442966648847306
1667,51,Male,Skirt,Clothing,64,Arkansas,M,Blue,Summer,3.1,No,Store Pickup,Yes,Yes,47,PayPal,Annually,1,2,1.1484169078064224,1.0056409498267924
1668,51,Male,Handbag,Accessories,40,Oklahoma,L,Brown,Winter,3.4,No,2-Day Shipping,Yes,Yes,24,Bank Transfer,Every 3 Months,4,1,0.7058598937231145,-0.40607467037552264
1669,66,Male,Blouse,Clothing,33,Utah,L,Charcoal,Summer,4.0,No,Standard,Yes,Yes,28,Debit Card,Fortnightly,26,1,1.3316670384856155,-0.026549318871518016
1670,42,Male,T-shirt,Clothing,59,Wisconsin,L,Maroon,Winter,2.7,No,Store Pickup,Yes,Yes,22,Bank Transfer,Quarterly,4,1,0.4533800342368978,-0.6264096612473398
1671,22,Male,Pants,Clothing,73,Utah,L,Cyan,Fall,3.6,No,Free Shipping,Yes,Yes,20,Cash,Weekly,52,0,-0.8789707043795478,-0.902114337106203
1672,31,Male,Hoodie,Clothing,22,Utah,M,Olive,Winter,4.0,No,Free Shipping,Yes,Yes,25,Bank Transfer,Weekly,52,0,0.20085789218045733,-1.481447786552994
1673,18,Male,Boots,Footwear,73,South Carolina,L,Gold,Fall,3.8,No,Free Shipping,Yes,Yes,15,Venmo,Quarterly,4,3,-1.7539291359852909,-0.47562096962307415
1674,21,Male,Blouse,Clothing,62,Hawaii,M,Violet,Fall,3.4,No,Next Day Air,Yes,Yes,49,Venmo,Bi-Weekly,26,2,-0.001476085128742651,0.26329852596193404
1675,35,Male,Coat,Outerwear,56,Alaska,M,Peach,Winter,3.2,No,Free Shipping,Yes,Yes,10,Debit Card,Fortnightly,26,3,-0.28841227769274785,-1.3504694587783355
1676,35,Male,Pants,Clothing,90,Colorado,M,Beige,Spring,4.7,No,Next Day Air,Yes,Yes,21,Credit Card,Annually,1,2,-1.8184998244205175,1.0859141633082137
1677,27,Male,Sunglasses,Accessories,44,West Virginia,M,Cyan,Winter,3.1,No,Next Day Air,Yes,Yes,34,Bank Transfer,Weekly,52,0,0.5613399755586009,-1.1721267456783073
1678,65,Male,Jeans,Clothing,35,Oregon,L,Silver,Summer,3.3,No,Next Day Air,No,No,41,Debit Card,Weekly,52,0,2.3512864135268994,-0.17497543167518162
1679,41,Male,Pants,Clothing,71,Ohio,S,Magenta,Summer,4.8,No,2-Day Shipping,No,No,30,Venmo,Fortnightly,26,2,-0.8468617744483031,0.8831946352249381
1680,60,Male,Dress,Clothing,52,Massachusetts,S,Black,Fall,4.5,No,Next Day Air,No,No,24,Debit Card,Bi-Weekly,26,1,0.30015209724566216,0.4097395393989154
1681,61,Male,Shoes,Footwear,37,Louisiana,M,Olive,Summer,3.4,No,Store Pickup,No,No,6,Credit Card,Annually,1,3,0.6329189543084445,-0.9915512742835183
1682,24,Male,Sneakers,Footwear,95,Virginia,L,Green,Winter,3.7,No,2-Day Shipping,No,No,14,Credit Card,Bi-Weekly,26,3,-1.6317079733627387,-0.206970871824037
1683,65,Male,Socks,Clothing,97,New York,M,Yellow,Fall,4.9,No,2-Day Shipping,No,No,37,Credit Card,Bi-Weekly,26,2,-0.14928219157635272,2.357280408680615
1684,23,Male,Coat,Outerwear,57,Arkansas,S,Lavender,Spring,3.5,No,Next Day Air,No,No,37,Venmo,Quarterly,4,1,-0.4423518252140978,0.014259139131421784
1685,30,Male,Shirt,Clothing,93,New Mexico,M,Indigo,Spring,4.6,No,Standard,No,No,28,PayPal,Weekly,52,0,-1.3551686319557905,0.6440852773424091
1686,33,Male,Blouse,Clothing,48,Minnesota,M,Pink,Winter,4.6,No,Standard,No,No,43,PayPal,Bi-Weekly,26,1,-0.28763061118171096,0.6085487404587434
1687,22,Male,Gloves,Accessories,75,Illinois,L,Red,Fall,4.2,No,Store Pickup,No,No,25,Cash,Annually,1,3,-1.6445906500475647,0.3441352445904895
1688,67,Male,Skirt,Clothing,70,Georgia,S,Magenta,Winter,3.7,No,Free Shipping,No,No,4,PayPal,Annually,1,3,0.06737516197077625,0.0005468015582751479
1689,28,Male,Handbag,Accessories,26,Mississippi,S,Peach,Winter,3.0,No,Next Day Air,No,No,13,Venmo,Fortnightly,26,1,0.1436709551175202,-2.1937110929920376
1690,32,Male,Shirt,Clothing,73,North Carolina,L,Turquoise,Winter,4.6,No,Store Pickup,No,No,32,Bank Transfer,Monthly,12,2,-1.1806160734691724,0.8905662984778665
1691,40,Male,Coat,Outerwear,30,Nevada,M,Black,Summer,3.2,No,Free Shipping,No,No,1,Cash,Annually,1,3,-0.12695603246136694,-1.9245249152626136
1692,64,Male,Shoes,Footwear,61,Connecticut,L,Blue,Summer,3.5,No,Next Day Air,No,No,4,Cash,Annually,1,3,0.2327065609586903,-0.38866802334002953
1693,56,Male,Handbag,Accessories,75,Utah,M,Beige,Winter,2.6,No,Standard,No,No,33,Cash,Bi-Weekly,26,2,1.3499240475546372,0.17752571906316678
1694,63,Male,Jacket,Outerwear,88,Tennessee,XL,Olive,Fall,4.9,No,Standard,No,No,45,Bank Transfer,Fortnightly,26,2,0.14434282102947815,2.441362880113721
1695,20,Male,Shirt,Clothing,67,Mississippi,M,Turquoise,Summer,2.7,No,Express,No,No,20,Debit Card,Fortnightly,26,3,-0.45769518621957056,-1.264660598369757
1696,54,Male,Hat,Accessories,95,Nebraska,S,Yellow,Fall,4.7,No,2-Day Shipping,No,No,1,PayPal,Fortnightly,26,3,-1.4582886920953744,0.43885679330063254
1697,31,Male,Sunglasses,Accessories,69,West Virginia,S,Turquoise,Spring,4.0,No,Free Shipping,No,No,7,Credit Card,Bi-Weekly,26,3,-1.3205038510742693,-0.8020944643041652
1698,36,Male,Shirt,Clothing,87,South Carolina,L,Lavender,Fall,3.5,No,Next Day Air,No,No,48,Credit Card,Every 3 Months,4,2,-0.08469037235889713,1.4644186583992096
1699,25,Male,Belt,Accessories,41,Iowa,XL,Turquoise,Winter,4.8,No,Standard,No,No,46,Bank Transfer,Quarterly,4,1,-0.7552948175396668,0.794084020898827
1700,20,Male,Sweater,Clothing,67,North Dakota,L,Teal,Spring,4.0,No,Free Shipping,No,No,34,Debit Card,Annually,1,2,-1.1978846981160725,0.381242972429613
1701,62,Male,Hoodie,Clothing,70,West Virginia,L,Black,Fall,4.1,No,Express,No,No,36,Bank Transfer,Monthly,12,2,0.5854005073527868,1.3383878444246649
1702,69,Male,Handbag,Accessories,41,Mississippi,XL,Blue,Winter,3.8,No,Next Day Air,No,No,44,Debit Card,Every 3 Months,4,1,1.7261754777350544,1.0707552909790834
1703,54,Male,Jeans,Clothing,83,Alabama,XL,Yellow,Summer,5.0,No,Express,No,No,48,Bank Transfer,Weekly,52,0,0.09728513392977212,1.9869552311491074
1704,39,Male,Backpack,Accessories,22,California,M,Black,Spring,4.0,No,Next Day Air,No,No,12,Bank Transfer,Annually,1,1,-0.28750425763209136,-1.2163566668008687
1705,56,Male,Sneakers,Footwear,20,Idaho,M,Lavender,Summer,3.9,No,Store Pickup,No,No,19,Cash,Every 3 Months,4,1,0.7501428969567832,-0.7034853795994682
1706,39,Male,Jewelry,Accessories,29,South Dakota,L,Cyan,Summer,3.4,No,2-Day Shipping,No,No,49,Venmo,Bi-Weekly,26,1,1.2949384604921261,-0.13858149668179048
1707,37,Male,Sunglasses,Accessories,87,North Dakota,M,Brown,Spring,3.0,No,Standard,No,No,25,Venmo,Fortnightly,26,2,-0.1503806619524024,-0.05175378559727168
1708,25,Male,Shorts,Clothing,81,Nevada,L,Maroon,Fall,4.9,No,2-Day Shipping,No,No,25,Cash,Bi-Weekly,26,2,-1.8918955496262975,0.6274040268305158
1709,35,Male,Boots,Footwear,58,Florida,L,Cyan,Spring,3.2,No,Express,No,No,1,Credit Card,Quarterly,4,3,-0.7725424590009715,-1.4052907761250384
1710,45,Male,Skirt,Clothing,83,Indiana,M,Pink,Winter,3.8,No,Standard,No,No,19,Bank Transfer,Annually,1,3,-0.7077170411259465,0.5373805999103196
1711,19,Male,Pants,Clothing,59,Arkansas,XL,Orange,Fall,3.8,No,Store Pickup,No,No,7,Credit Card,Quarterly,4,3,-1.7081504786285024,-1.1250784807063083
1712,21,Male,T-shirt,Clothing,93,North Carolina,M,Lavender,Spring,4.7,No,Express,No,No,19,Credit Card,Monthly,12,3,-2.4108946381733722,0.6375411786040117
1713,65,Male,T-shirt,Clothing,87,Illinois,S,Beige,Fall,3.8,No,2-Day Shipping,No,No,9,Cash,Fortnightly,26,3,-0.004519339148481135,0.3117136576825255
1714,49,Male,Jacket,Outerwear,22,Missouri,M,Pink,Winter,4.6,No,Free Shipping,No,No,37,PayPal,Quarterly,4,1,0.44394860966554445,0.3552538589835545
1715,30,Male,Jeans,Clothing,71,South Dakota,S,Charcoal,Summer,4.4,No,Standard,No,No,15,Cash,Monthly,12,3,-1.5737167218987935,-0.032719391164452924
1716,23,Male,Dress,Clothing,69,Idaho,XL,Gray,Spring,3.4,No,2-Day Shipping,No,No,30,PayPal,Bi-Weekly,26,2,-0.5752128463657665,-0.3345107447006579
1717,69,Male,Blouse,Clothing,47,Connecticut,M,Cyan,Winter,4.7,No,Standard,No,No,30,Cash,Every 3 Months,4,1,0.5928209961574428,1.1278371793750095
1718,29,Male,Hoodie,Clothing,50,Hawaii,L,Orange,Summer,2.9,No,Express,No,No,16,Debit Card,Bi-Weekly,26,3,-0.056283553135719096,-1.5339916143788583
1719,54,Male,T-shirt,Clothing,96,Maryland,L,Pink,Winter,3.4,No,2-Day Shipping,No,No,14,PayPal,Every 3 Months,4,3,-0.3817431849003199,0.5583989592264056
1720,45,Male,Sweater,Clothing,39,Maryland,M,White,Winter,3.2,No,Free Shipping,No,No,8,Venmo,Quarterly,4,3,0.15807171932461328,-1.3475377890952966
1721,25,Male,Shorts,Clothing,84,Massachusetts,S,Beige,Winter,2.8,No,Express,No,No,40,Debit Card,Bi-Weekly,26,2,-0.03214288871531621,0.14747341764454008
1722,34,Male,Jewelry,Accessories,28,Delaware,S,Magenta,Spring,4.3,No,Free Shipping,No,No,24,Credit Card,Monthly,12,1,-0.3678378914349543,-0.6410317744583918
1723,46,Male,T-shirt,Clothing,51,Massachusetts,L,Violet,Summer,3.3,No,Standard,No,No,14,Cash,Fortnightly,26,3,0.2958892140158358,-1.0110125956493643
1724,70,Male,Scarf,Accessories,20,New York,XL,Gold,Spring,3.3,No,Standard,No,No,39,PayPal,Annually,1,1,2.2997360793759145,0.13834107817705985
1725,42,Male,Shoes,Footwear,72,Delaware,S,Teal,Winter,3.3,No,Free Shipping,No,No,21,PayPal,Weekly,52,0,0.2108159511261356,-0.63172670282426
1726,45,Male,Sunglasses,Accessories,33,Massachusetts,M,Indigo,Spring,3.0,No,Next Day Air,No,No,32,Venmo,Quarterly,4,1,1.082095835808278,-0.5849836243492774
1727,57,Male,Coat,Outerwear,28,Indiana,S,Olive,Summer,2.8,No,Express,No,No,45,Debit Card,Weekly,52,0,2.600901678197354,-0.6221240935047372
1728,49,Male,Blouse,Clothing,53,Virginia,S,Violet,Spring,4.0,No,Express,No,No,19,PayPal,Monthly,12,3,-0.08791482538048409,-0.1150331547021826
1729,23,Male,Jeans,Clothing,48,Wyoming,L,Black,Fall,4.3,No,Express,No,No,1,Debit Card,Every 3 Months,4,3,-1.8831013660972016,-1.2729568874183086
1730,47,Male,Shorts,Clothing,21,Illinois,M,Brown,Winter,3.8,No,Store Pickup,No,No,12,Venmo,Fortnightly,26,1,0.424681351621236,-1.5021258678804152
1731,23,Male,Shirt,Clothing,22,Alabama,S,Silver,Fall,4.2,No,Free Shipping,No,No,26,Credit Card,Weekly,52,0,-0.2450305809510901,-1.4944937416874018
1732,21,Male,Backpack,Accessories,87,Idaho,M,Gray,Fall,3.1,No,Next Day Air,No,No,12,Cash,Monthly,12,3,-1.3814565763967563,-0.7055718810163836
1733,45,Male,Belt,Accessories,50,Rhode Island,S,Charcoal,Winter,2.6,No,Free Shipping,No,No,36,Cash,Every 3 Months,4,1,1.1966989033714686,-0.23914639055638395
1734,67,Male,Blouse,Clothing,85,New York,L,Black,Summer,3.4,No,Express,No,No,22,Credit Card,Annually,1,2,0.5432052535213728,0.9491662110330831
1735,31,Male,Jeans,Clothing,98,Missouri,L,Brown,Spring,3.1,No,Next Day Air,No,No,16,PayPal,Quarterly,4,3,-1.10409972737677,0.03657329363536298
1736,58,Male,Dress,Clothing,34,Texas,M,Purple,Winter,3.6,No,Express,No,No,31,Venmo,Annually,1,1,1.1284268016048966,0.04729812970563961
1737,57,Male,Shorts,Clothing,61,Tennessee,M,Purple,Summer,2.6,No,2-Day Shipping,No,No,43,Cash,Quarterly,4,1,1.7135860318818108,0.5707032265979178
1738,42,Male,Jewelry,Accessories,98,Ohio,L,Gray,Summer,4.2,No,Store Pickup,No,No,50,Venmo,Bi-Weekly,26,2,-0.25948147700090285,2.052103739885049
1739,60,Male,Handbag,Accessories,61,Tennessee,M,Green,Spring,2.9,No,2-Day Shipping,No,No,37,Credit Card,Weekly,52,0,1.8807197389907586,-0.060645614535841295
1740,21,Male,Jewelry,Accessories,98,Minnesota,L,Silver,Winter,4.2,No,Express,No,No,23,Cash,Weekly,52,0,-1.6728913944495565,0.1347900604090708
1741,69,Male,Pants,Clothing,21,Wisconsin,L,Charcoal,Fall,3.3,No,Next Day Air,No,No,10,Bank Transfer,Every 3 Months,4,1,1.4422371977740807,-1.1267467818193893
1742,41,Male,Pants,Clothing,51,Delaware,XL,Teal,Winter,3.6,No,Next Day Air,No,No,20,Bank Transfer,Monthly,12,3,-0.07715383121065804,-0.5145312120539023
1743,51,Male,Sandals,Footwear,80,Kansas,XL,White,Spring,4.3,No,Express,No,No,18,Venmo,Every 3 Months,4,3,-0.7629743607782805,0.7948422470333226
1744,23,Male,Skirt,Clothing,72,Missouri,XL,Brown,Winter,3.3,No,Standard,No,No,3,Bank Transfer,Weekly,52,0,-1.093105391223272,-1.7950721369732419
1745,57,Male,Sunglasses,Accessories,63,Michigan,L,Teal,Winter,3.0,No,Standard,No,No,23,PayPal,Weekly,52,0,1.2533734967793113,-0.6135697692411647
1746,40,Male,Skirt,Clothing,27,West Virginia,L,Red,Winter,3.6,No,Store Pickup,No,No,27,Cash,Weekly,52,0,0.8321604400706564,-1.314853393879939
1747,65,Male,Handbag,Accessories,44,Alabama,L,Brown,Summer,3.1,No,Store Pickup,No,No,44,Bank Transfer,Fortnightly,26,1,2.198678425640845,0.3824264884003113
1748,61,Male,Coat,Outerwear,23,New Hampshire,M,Yellow,Winter,2.9,No,Express,No,No,41,Venmo,Quarterly,4,1,2.24103753276625,-0.15959479119757328
1749,34,Male,Skirt,Clothing,93,Montana,L,Teal,Winter,3.9,No,2-Day Shipping,No,No,41,Bank Transfer,Annually,1,2,-0.775626108936581,1.5316815409278672
1750,43,Male,Hoodie,Clothing,70,Wyoming,L,Pink,Fall,3.2,No,2-Day Shipping,No,No,36,Debit Card,Every 3 Months,4,2,0.3585356155553491,0.5311694290634594
1751,31,Male,Sunglasses,Accessories,85,Missouri,M,White,Fall,3.1,No,Express,No,No,38,Venmo,Every 3 Months,4,2,-0.2622284218725132,0.6617076023451574
1752,57,Male,Sweater,Clothing,40,Ohio,M,Silver,Winter,3.2,No,2-Day Shipping,No,No,34,Cash,Annually,1,1,1.3551463411032143,0.06935085454085678
1753,34,Male,Boots,Footwear,29,South Dakota,L,Blue,Winter,3.3,No,Store Pickup,No,No,14,Venmo,Quarterly,4,1,-0.034118672968441746,-1.504946558576497
1754,25,Male,Skirt,Clothing,27,Colorado,L,Black,Fall,4.8,No,Next Day Air,No,No,23,Credit Card,Fortnightly,26,1,-0.9836177928887784,-0.791870546694495
1755,66,Male,Dress,Clothing,93,Massachusetts,S,Beige,Fall,3.8,No,2-Day Shipping,No,No,18,Credit Card,Fortnightly,26,2,0.19401762313572335,0.8563654132873594
1756,56,Male,Belt,Accessories,20,Delaware,XL,Charcoal,Spring,4.6,No,Next Day Air,No,No,45,Cash,Monthly,12,1,1.0672450629971242,0.6929279335860692
1757,49,Male,Jewelry,Accessories,55,New Hampshire,S,Cyan,Fall,2.8,No,Free Shipping,No,No,14,Bank Transfer,Weekly,52,0,0.9375983182778971,-1.4660182915701914
1758,19,Male,Dress,Clothing,94,Michigan,L,Yellow,Fall,3.6,No,Standard,No,No,48,Debit Card,Annually,1,2,-1.0058362544921822,1.366673467390457
1759,27,Male,Hat,Accessories,56,Pennsylvania,M,Silver,Winter,4.3,No,Free Shipping,No,No,17,Venmo,Bi-Weekly,26,3,-1.1987105147107617,-0.6004374451712964
1760,68,Male,Sweater,Clothing,58,Louisiana,L,Green,Spring,4.0,No,Next Day Air,No,No,1,PayPal,Weekly,52,0,0.46200185036159475,-0.8678207354289988
1761,20,Male,Skirt,Clothing,44,Minnesota,XL,Peach,Spring,3.5,No,Standard,No,No,39,PayPal,Weekly,52,0,0.12983719426499143,-0.8814736292385865
1762,21,Male,Hoodie,Clothing,95,Hawaii,S,Green,Fall,4.9,No,2-Day Shipping,No,No,24,Cash,Weekly,52,0,-2.0888120291528325,0.5018325861266895
1763,36,Male,Sandals,Footwear,42,Idaho,M,Brown,Summer,3.1,No,Express,No,No,41,Bank Transfer,Fortnightly,26,1,0.9385543555251076,-0.4028643486564662
1764,37,Male,Jewelry,Accessories,93,Vermont,M,Lavender,Winter,3.9,No,Store Pickup,No,No,28,PayPal,Annually,1,2,-1.0208791135100128,1.043669429846894
1765,61,Male,Dress,Clothing,56,Delaware,M,Charcoal,Summer,3.0,No,Store Pickup,No,No,34,Venmo,Quarterly,4,1,1.4243848327931492,0.38110112458045126
1766,68,Male,Hoodie,Clothing,88,New Mexico,M,Orange,Spring,4.1,No,2-Day Shipping,No,No,41,Venmo,Quarterly,4,2,0.6086647216126441,2.204350633439844
1767,60,Male,Sweater,Clothing,54,Alaska,S,Cyan,Winter,4.3,No,2-Day Shipping,No,No,27,Cash,Bi-Weekly,26,1,0.4936194793294384,0.47122974875705537
1768,69,Male,Jewelry,Accessories,89,Minnesota,L,Lavender,Fall,3.8,No,2-Day Shipping,No,No,46,Debit Card,Fortnightly,26,2,1.1825908893345762,2.0120717436745976
1769,25,Male,Sandals,Footwear,45,Nebraska,M,Indigo,Summer,3.9,No,2-Day Shipping,No,No,2,PayPal,Every 3 Months,4,3,-1.4392803830904999,-1.4855137207428701
1770,32,Male,Socks,Clothing,75,Alaska,L,Brown,Winter,4.3,No,Free Shipping,No,No,45,Cash,Monthly,12,2,-0.6317931484291782,1.3195319995508188
1771,53,Male,Backpack,Accessories,22,Michigan,M,Pink,Fall,4.3,No,Express,No,No,34,Bank Transfer,Weekly,52,0,1.1616769362176005,-0.4669560281925292
1772,46,Male,Shirt,Clothing,82,Indiana,XL,Turquoise,Fall,4.7,No,Store Pickup,No,No,9,Credit Card,Annually,1,3,-1.5695417269299554,0.6194605355092236
1773,58,Male,Shoes,Footwear,34,Hawaii,M,Gold,Summer,3.1,No,2-Day Shipping,No,No,1,Bank Transfer,Annually,1,3,0.6270460807864067,-1.5072889068659299
1774,21,Male,Coat,Outerwear,92,West Virginia,M,Blue,Summer,2.7,No,Free Shipping,No,No,17,PayPal,Annually,1,3,-1.1369174713258345,-0.46160367431083366
1775,46,Male,Sweater,Clothing,78,New York,M,Lavender,Spring,3.7,No,Express,No,No,6,PayPal,Weekly,52,0,-0.43148983008311703,-0.8154018956693568
1776,18,Male,Jacket,Outerwear,47,Iowa,M,Violet,Spring,3.3,No,2-Day Shipping,No,No,12,Cash,Bi-Weekly,26,3,-0.8609735923206571,-1.7801748512037197
1777,56,Male,Jacket,Outerwear,64,Arizona,L,Cyan,Summer,3.4,No,Free Shipping,No,No,10,Venmo,Every 3 Months,4,3,0.11780796768069365,-0.32638475096214253
1778,18,Male,Sneakers,Footwear,44,Minnesota,L,Purple,Winter,4.7,No,Free Shipping,No,No,4,Cash,Fortnightly,26,3,-2.0272872205727803,-1.399087839941243
1779,49,Male,Belt,Accessories,94,Texas,M,Red,Winter,4.9,No,Store Pickup,No,No,8,Debit Card,Bi-Weekly,26,3,-1.591800023213578,0.719724454108858
1780,29,Male,Scarf,Accessories,62,Virginia,M,Charcoal,Winter,4.3,No,Free Shipping,No,No,41,Venmo,Weekly,52,0,-0.3012668556344289,0.27101753303042186
1781,67,Male,Jewelry,Accessories,81,North Dakota,S,Gray,Summer,4.2,No,Next Day Air,No,No,49,Credit Card,Weekly,52,0,1.2650232706051825,1.8036517287451637
1782,31,Male,T-shirt,Clothing,33,Iowa,M,Pink,Fall,3.7,No,Express,No,No,49,Bank Transfer,Quarterly,4,1,0.48901487484229306,0.23659943167701547
1783,52,Male,Pants,Clothing,88,Utah,M,Lavender,Fall,2.7,No,Next Day Air,No,No,40,Bank Transfer,Fortnightly,26,2,1.0967024481669576,0.7542557841817995
1784,42,Male,Handbag,Accessories,49,Ohio,L,Lavender,Winter,3.3,No,Free Shipping,No,No,30,Credit Card,Monthly,12,1,0.49415747209235134,-0.2863668353827718
1785,32,Male,Backpack,Accessories,31,Louisiana,L,Yellow,Summer,4.8,No,Standard,No,No,4,Debit Card,Quarterly,4,3,-1.4941080854171986,-1.075930799566992
1786,47,Male,Gloves,Accessories,29,Iowa,S,Peach,Fall,4.1,No,Next Day Air,No,No,22,Venmo,Monthly,12,1,0.24125231847222395,-0.5414160026395036
1787,45,Male,Jacket,Outerwear,34,Maryland,M,Brown,Spring,4.6,No,2-Day Shipping,No,No,22,Venmo,Monthly,12,1,-0.27781245885950323,-0.18260786180026814
1788,20,Male,Sweater,Clothing,38,Montana,L,Gold,Fall,4.9,No,2-Day Shipping,No,No,10,Bank Transfer,Quarterly,4,3,-2.0095955330226256,-0.8520809857590776
1789,66,Male,Blouse,Clothing,41,Illinois,L,Pink,Summer,3.1,No,Store Pickup,No,No,23,Cash,Bi-Weekly,26,1,1.6920136377620794,-0.557901006835796
1790,52,Male,Blouse,Clothing,34,Arizona,L,Peach,Spring,3.0,No,2-Day Shipping,No,No,43,Debit Card,Quarterly,4,1,1.6703198320648465,0.05250227952717551
1791,50,Male,Gloves,Accessories,26,North Carolina,S,Violet,Summer,3.7,No,Store Pickup,No,No,31,PayPal,Bi-Weekly,26,1,1.0784398691345336,-0.5715430482141223
1792,62,Male,Jeans,Clothing,98,Montana,S,Purple,Winter,4.0,No,Store Pickup,No,No,38,Cash,Annually,1,2,0.15169853853679272,2.1690319262874933
1793,38,Male,Sneakers,Footwear,59,Iowa,M,Peach,Fall,3.0,No,Express,No,No,22,Debit Card,Every 3 Months,4,3,0.0750258304360856,-0.5410922765524208
1794,65,Male,Hat,Accessories,92,Iowa,S,White,Fall,3.8,No,Store Pickup,No,No,45,Cash,Every 3 Months,4,2,0.7431120451724356,2.235869890575683
1795,60,Male,Backpack,Accessories,40,Ohio,L,Indigo,Spring,3.7,No,Express,No,No,21,Debit Card,Fortnightly,26,1,0.9782172815433401,-0.45360977747795156
1796,68,Male,Jeans,Clothing,20,Wisconsin,S,Violet,Fall,4.0,No,2-Day Shipping,No,No,9,Debit Card,Fortnightly,26,1,1.0892806398860873,-1.0976754010037313
1797,62,Male,Skirt,Clothing,35,South Carolina,S,Brown,Spring,3.1,No,Store Pickup,No,No,34,Venmo,Weekly,52,0,2.1681712862129765,-0.6479945847373991
1798,62,Male,Belt,Accessories,35,Oregon,L,Maroon,Spring,3.9,No,2-Day Shipping,No,No,26,Venmo,Weekly,52,0,1.3756695346028538,-0.5350304728248292
1799,40,Male,Dress,Clothing,82,North Dakota,L,Magenta,Winter,3.7,No,Express,No,No,1,Cash,Weekly,52,0,-0.8900402872585904,-1.059100553082418
1800,32,Male,Hoodie,Clothing,48,California,M,Charcoal,Fall,3.9,No,Express,No,No,47,Venmo,Weekly,52,0,0.5088309761183694,0.03119494080423461
1801,22,Male,Coat,Outerwear,58,Mississippi,XL,Indigo,Winter,2.7,No,Express,No,No,30,Credit Card,Weekly,52,0,0.28958351860495707,-1.34178701542074
1802,33,Male,Sweater,Clothing,57,New Jersey,M,Turquoise,Spring,3.9,No,Express,No,No,48,Debit Card,Fortnightly,26,2,0.19974679740028428,0.6378985953179337
1803,57,Male,Shorts,Clothing,96,Rhode Island,L,Turquoise,Winter,2.6,No,Store Pickup,No,No,31,Venmo,Bi-Weekly,26,2,0.9867014529657777,0.6107699651876927
1804,60,Male,Sneakers,Footwear,97,New Hampshire,S,Gray,Summer,3.5,No,Free Shipping,No,No,33,Venmo,Fortnightly,26,2,0.516763990378957,1.291097669125531
1805,30,Male,Sweater,Clothing,42,Louisiana,L,Peach,Winter,4.4,No,Next Day Air,No,No,39,Credit Card,Weekly,52,0,-0.05580694532269409,-0.2095176141793845
1806,41,Male,T-shirt,Clothing,62,Arizona,L,Gold,Spring,4.9,No,Store Pickup,No,No,46,Debit Card,Weekly,52,0,-0.0826054196010782,1.0748642125681411
1807,58,Male,Handbag,Accessories,67,Rhode Island,M,Green,Fall,3.9,No,Standard,No,No,24,Venmo,Annually,1,2,0.17060262461925402,0.7010341858404473
1808,34,Male,Sneakers,Footwear,46,Vermont,L,Gold,Summer,3.5,No,Standard,No,No,37,Venmo,Fortnightly,26,1,0.3927349130515468,-0.29384034332638487
1809,67,Male,Jacket,Outerwear,71,Tennessee,M,Lavender,Spring,4.3,No,Next Day Air,No,No,7,Debit Card,Monthly,12,3,-0.1899246853439773,0.35081022816495794
1810,58,Male,Backpack,Accessories,99,Alaska,S,Blue,Fall,3.4,No,Free Shipping,No,No,6,Debit Card,Fortnightly,26,3,-0.29796227353438076,0.09499985006232296
1811,41,Male,Jeans,Clothing,28,Maryland,M,Magenta,Fall,2.7,No,Standard,No,No,16,Cash,Bi-Weekly,26,1,0.949164287624068,-1.9149517698314578
1812,42,Male,Belt,Accessories,77,Wisconsin,L,Blue,Summer,3.6,No,Standard,No,No,33,Bank Transfer,Annually,1,2,-0.19341047030373046,0.8127570833829435
1813,50,Male,Boots,Footwear,63,Nevada,S,Blue,Summer,4.9,No,Express,No,No,18,PayPal,Bi-Weekly,26,3,-0.7517879096050125,0.4311396646842123
1814,40,Male,Shorts,Clothing,62,Illinois,M,Olive,Spring,3.5,No,Free Shipping,No,No,24,PayPal,Weekly,52,0,0.23745210262632596,-0.6702677125544542
1815,32,Male,Jeans,Clothing,92,Montana,M,White,Summer,3.8,No,Free Shipping,No,No,24,Cash,Quarterly,4,2,-1.2293296974989574,0.6504758974178448
1816,51,Male,Shoes,Footwear,72,New Mexico,L,White,Winter,4.5,No,2-Day Shipping,No,No,48,Credit Card,Every 3 Months,4,2,0.0827037206140194,1.9905423484818687
1817,26,Male,Hat,Accessories,79,Virginia,M,Purple,Summer,4.0,No,Express,No,No,4,Cash,Weekly,52,0,-1.5497534660337948,-1.1281890861406205
1818,32,Male,T-shirt,Clothing,27,Delaware,M,White,Summer,4.7,No,Free Shipping,No,No,20,Cash,Weekly,52,0,-0.4768155231772848,-1.1584151669233853
1819,58,Male,Sunglasses,Accessories,39,North Carolina,M,White,Fall,3.8,No,Express,No,No,47,Debit Card,Every 3 Months,4,1,1.3865997375582872,0.9189545073393791
1820,51,Male,Socks,Clothing,86,Nevada,S,Peach,Spring,4.5,No,Next Day Air,No,No,50,Cash,Quarterly,4,2,-0.09228757234223782,2.4066632288892444
1821,19,Male,Shirt,Clothing,94,Washington,XL,Gold,Fall,5.0,No,Express,No,No,31,PayPal,Monthly,12,2,-2.380794100625122,1.2974404910643842
1822,57,Male,Shorts,Clothing,53,Maine,M,Teal,Spring,2.8,No,Express,No,No,29,PayPal,Quarterly,4,1,1.306276973694341,-0.09917714428363304
1823,66,Male,Shirt,Clothing,85,Connecticut,S,Cyan,Summer,4.4,No,Standard,No,No,4,Cash,Annually,1,3,-0.71688702662174,0.730114194949169
1824,62,Male,Socks,Clothing,50,Louisiana,L,Pink,Fall,4.7,No,Free Shipping,No,No,40,Bank Transfer,Bi-Weekly,26,1,0.7310458377577869,1.1959623105579906
1825,58,Male,Pants,Clothing,47,Illinois,XL,Magenta,Winter,3.8,No,Express,No,No,31,Cash,Monthly,12,1,0.869228749397744,0.3282726939125677
1826,23,Male,Boots,Footwear,75,South Dakota,M,Pink,Winter,4.9,No,Next Day Air,No,No,41,Credit Card,Weekly,52,0,-1.1900545048094255,0.7914296427956422
1827,45,Male,T-shirt,Clothing,60,Indiana,M,Turquoise,Winter,4.2,No,Express,No,No,44,Debit Card,Annually,1,2,0.10291743300695938,1.2791354521668312
1828,20,Male,T-shirt,Clothing,36,Vermont,S,Pink,Spring,4.9,No,2-Day Shipping,No,No,31,Bank Transfer,Weekly,52,0,-0.9536388433277576,-0.6187158208435152
1829,33,Male,Coat,Outerwear,80,New Hampshire,L,Gray,Spring,3.9,No,Express,No,No,45,Cash,Every 3 Months,4,2,-0.46143938200734097,1.3344572671502555
1830,30,Male,Hat,Accessories,96,Oregon,M,White,Spring,4.9,No,2-Day Shipping,No,No,50,Credit Card,Quarterly,4,2,-1.4149398961665702,2.4271270796762794
1831,50,Male,Sunglasses,Accessories,80,Kansas,M,Blue,Winter,4.8,No,Express,No,No,7,Venmo,Annually,1,3,-1.4973494017804654,0.6280926380022678
1832,62,Male,Blouse,Clothing,71,Maine,M,Cyan,Summer,3.3,No,Free Shipping,No,No,5,Bank Transfer,Every 3 Months,4,3,0.17993165946186773,-0.3028774793123849
1833,69,Male,Jewelry,Accessories,29,Louisiana,M,Blue,Fall,4.6,No,Free Shipping,No,No,48,Cash,Monthly,12,1,1.5450085530617368,1.3069083512961912
1834,34,Male,Jewelry,Accessories,53,Louisiana,M,Yellow,Spring,4.5,No,2-Day Shipping,No,No,19,PayPal,Fortnightly,26,3,-0.9416807469441888,-0.3261707689358679
1835,49,Male,Skirt,Clothing,35,Indiana,M,Charcoal,Summer,4.1,No,2-Day Shipping,No,No,39,Venmo,Fortnightly,26,1,0.8331558484120365,0.18566554071527275
1836,65,Male,Scarf,Accessories,75,Kentucky,M,Lavender,Fall,3.2,No,2-Day Shipping,No,No,45,Credit Card,Quarterly,4,2,1.4482742844519303,1.494430179756155
1837,66,Male,Pants,Clothing,52,South Carolina,M,Teal,Fall,4.2,No,2-Day Shipping,No,No,35,Credit Card,Monthly,12,1,0.9511501030572672,1.0107660539313328
1838,41,Male,Hat,Accessories,77,Montana,M,Beige,Winter,4.8,No,Free Shipping,No,No,8,Venmo,Monthly,12,3,-1.6966619300545867,0.27022681072546045
1839,37,Male,Gloves,Accessories,24,Vermont,L,Blue,Fall,4.1,No,Next Day Air,No,No,11,Credit Card,Quarterly,4,3,-0.47645019048271703,-1.2351317492045388
1840,32,Male,Shirt,Clothing,78,Mississippi,XL,Purple,Winter,3.7,No,Store Pickup,No,No,32,Cash,Annually,1,2,-0.7255331780918713,0.6399363733448565
1841,42,Male,Sandals,Footwear,98,Wyoming,M,Gold,Winter,2.6,No,Store Pickup,No,No,46,Bank Transfer,Every 3 Months,4,2,0.5612800962799273,1.2576273994837195
1842,31,Male,Socks,Clothing,57,Vermont,L,Blue,Winter,3.0,No,Standard,No,No,7,PayPal,Every 3 Months,4,3,-0.610538569468587,-1.3718422457596362
1843,61,Male,Handbag,Accessories,78,Alabama,M,Black,Summer,4.4,No,Express,No,No,1,Debit Card,Annually,1,3,-0.8945915763861013,0.3319511100665204
1844,36,Male,Jacket,Outerwear,76,Kentucky,M,Charcoal,Fall,4.7,No,Next Day Air,No,No,32,Credit Card,Monthly,12,2,-1.1343073780890676,1.1023267162169574
1845,60,Male,Shorts,Clothing,26,South Dakota,M,Purple,Spring,2.7,No,2-Day Shipping,No,No,31,Credit Card,Annually,1,1,1.9795370873573304,-0.6085878135676057
1846,51,Male,Sandals,Footwear,78,Delaware,M,Orange,Winter,2.8,No,2-Day Shipping,No,No,39,Bank Transfer,Quarterly,4,2,0.9269633424244189,0.7901001931862139
1847,68,Male,Scarf,Accessories,53,Wisconsin,M,Yellow,Summer,2.9,No,Standard,No,No,9,Venmo,Quarterly,4,3,1.1242933440636758,-0.6589804268309456
1848,46,Male,Sandals,Footwear,100,Arizona,XL,Cyan,Summer,4.4,No,Free Shipping,No,No,49,Credit Card,Weekly,52,0,-0.06556523939348119,1.9240680043367444
1849,19,Male,Jeans,Clothing,73,Maine,XL,Yellow,Winter,2.7,No,Express,No,No,34,Cash,Every 3 Months,4,2,-0.39477413689091384,-0.2706894675282308
1850,30,Male,Skirt,Clothing,40,New Mexico,M,Maroon,Winter,4.5,No,Store Pickup,No,No,35,Bank Transfer,Monthly,12,1,-0.5611697894170506,0.13815074502243277
1851,51,Male,Gloves,Accessories,76,Wyoming,S,Black,Winter,2.8,No,Store Pickup,No,No,50,Debit Card,Weekly,52,0,1.698150227669339,0.5994697962085727
1852,28,Male,Skirt,Clothing,80,Delaware,S,Lavender,Fall,3.1,No,Free Shipping,No,No,4,Bank Transfer,Fortnightly,26,3,-1.0778535865149408,-1.240831637549551
1853,41,Male,Sweater,Clothing,80,Pennsylvania,XL,Violet,Winter,3.8,No,Store Pickup,No,No,32,Cash,Weekly,52,0,-0.003055348635773336,0.28553478427800694
1854,29,Male,Blouse,Clothing,67,North Dakota,XL,Olive,Spring,2.9,No,Express,No,No,11,PayPal,Fortnightly,26,3,-0.480316263602564,-1.3436701055762819
1855,25,Male,Sweater,Clothing,61,Kentucky,M,Teal,Spring,3.8,No,Express,No,No,49,Credit Card,Annually,1,2,-0.32190717028486066,0.8675046637720685
1856,60,Male,Shirt,Clothing,76,Rhode Island,XL,Teal,Spring,4.7,No,Standard,No,No,9,Cash,Annually,1,3,-0.8870471591517055,0.7723153825092325
1857,63,Male,Jewelry,Accessories,55,Arizona,XL,Beige,Summer,3.2,No,Free Shipping,No,No,30,PayPal,Bi-Weekly,26,1,1.4638737673130249,0.06355560531638153
1858,51,Male,T-shirt,Clothing,85,Colorado,L,Maroon,Summer,4.0,No,Next Day Air,No,No,33,Cash,Monthly,12,2,-0.13609918522954959,1.277988943219825
1859,22,Male,Scarf,Accessories,69,Maine,S,Peach,Spring,4.9,No,2-Day Shipping,No,No,8,Debit Card,Annually,1,3,-2.5233943783651225,-0.123011762820102
1860,54,Male,Belt,Accessories,26,New Jersey,L,Beige,Summer,3.7,No,Store Pickup,No,No,29,Debit Card,Fortnightly,26,1,1.1880828965265444,-0.5720993347525073
1861,18,Male,T-shirt,Clothing,64,Kansas,M,Silver,Summer,4.8,No,Next Day Air,No,No,4,Credit Card,Monthly,12,3,-2.553124798741696,-0.6914235900685455
1862,29,Male,Sneakers,Footwear,60,South Dakota,S,Peach,Fall,3.6,No,Standard,No,No,19,Debit Card,Monthly,12,3,-0.7545294396885267,-0.5966666806026603
1863,59,Male,Gloves,Accessories,36,New Hampshire,M,Turquoise,Winter,4.6,No,Express,No,No,10,PayPal,Fortnightly,26,3,0.054319675548961305,-0.5270483327089397
1864,25,Male,Sandals,Footwear,21,Connecticut,L,Orange,Spring,4.3,No,2-Day Shipping,No,No,39,Debit Card,Monthly,12,1,-0.19955378147141026,-0.36024567377352923
1865,19,Male,Backpack,Accessories,72,Wyoming,S,Cyan,Fall,3.2,No,2-Day Shipping,No,No,21,Venmo,Quarterly,4,3,-1.1013360570753241,-0.5629491876709186
1866,56,Male,Pants,Clothing,62,Missouri,S,Silver,Summer,3.8,No,Store Pickup,No,No,12,Bank Transfer,Monthly,12,3,-0.0036451451762783667,-0.16445267800243138
1867,31,Male,T-shirt,Clothing,44,Alaska,XL,Gold,Winter,4.2,No,Standard,No,No,9,Credit Card,Fortnightly,26,3,-0.990533413899952,-1.195901225905768
1868,45,Male,Skirt,Clothing,52,Delaware,M,Brown,Fall,3.4,No,2-Day Shipping,No,No,20,Venmo,Quarterly,4,3,0.14324627193763761,-0.418047047011415
1869,23,Male,Gloves,Accessories,58,Indiana,M,Silver,Spring,4.7,No,Next Day Air,No,No,44,Cash,Fortnightly,26,2,-0.9119070212667357,0.733519707960627
1870,18,Male,Blouse,Clothing,77,West Virginia,S,Beige,Spring,3.9,No,2-Day Shipping,No,No,16,Debit Card,Every 3 Months,4,3,-1.862307966574066,-0.2820379809614378
1871,43,Male,Blouse,Clothing,99,Wyoming,L,Violet,Spring,4.3,No,Store Pickup,No,No,27,Debit Card,Fortnightly,26,2,-0.9599560368034277,1.1781605647426168
1872,56,Male,Jeans,Clothing,96,Illinois,XL,Violet,Fall,2.7,No,Standard,No,No,14,Cash,Every 3 Months,4,3,0.19565547878457462,0.20487988089779213
1873,43,Male,T-shirt,Clothing,64,Alaska,M,Lavender,Summer,4.6,No,Standard,No,No,24,Credit Card,Monthly,12,3,-0.8011825360667568,0.5700450548626772
1874,64,Male,Sweater,Clothing,44,Wisconsin,XL,Red,Fall,2.9,No,Express,No,No,49,Bank Transfer,Weekly,52,0,2.670688300854567,0.1300725958270806
1875,67,Male,Pants,Clothing,33,Indiana,L,Purple,Fall,3.6,No,Free Shipping,No,No,14,Cash,Weekly,52,0,1.4870842563979783,-1.155413506478491
1876,63,Male,Boots,Footwear,71,Tennessee,M,Brown,Winter,3.9,No,Next Day Air,No,No,6,Credit Card,Quarterly,4,3,-0.17345654406026145,0.09970320440734902
1877,54,Male,Skirt,Clothing,36,Illinois,M,Gray,Fall,2.6,No,Standard,No,No,20,Venmo,Quarterly,4,1,1.3478556937323,-1.0593146994736697
1878,69,Male,Gloves,Accessories,62,Pennsylvania,L,Pink,Fall,3.6,No,Express,No,No,3,Credit Card,Annually,1,3,0.3253225592280502,-0.24557813647715765
1879,34,Male,Socks,Clothing,29,Oklahoma,L,Magenta,Summer,3.4,No,Store Pickup,No,No,5,Credit Card,Monthly,12,3,-0.2901963914652941,-1.9316381330875225
1880,56,Male,T-shirt,Clothing,33,Tennessee,L,Charcoal,Spring,3.5,No,Express,No,No,46,Cash,Bi-Weekly,26,1,1.7806889083218738,0.24343527704365125
1881,34,Male,Blouse,Clothing,33,New Jersey,L,Yellow,Fall,3.1,No,2-Day Shipping,No,No,8,Debit Card,Monthly,12,3,-0.059278307138997045,-1.879336312760812
1882,58,Male,Blouse,Clothing,41,New Jersey,M,Red,Winter,4.3,No,Standard,No,No,13,Cash,Bi-Weekly,26,3,0.2270209946728834,-0.47214137826881186
1883,44,Male,Scarf,Accessories,54,Tennessee,L,Blue,Winter,5.0,No,Store Pickup,No,No,25,Bank Transfer,Quarterly,4,3,-0.9185249252719684,0.7245428314763512
1884,25,Male,Backpack,Accessories,58,Georgia,M,Cyan,Spring,4.9,No,Store Pickup,No,No,39,Debit Card,Fortnightly,26,2,-1.1121649063632508,0.6766834802909364
1885,27,Male,Shorts,Clothing,30,Arizona,S,Pink,Summer,4.3,No,Next Day Air,No,No,15,Bank Transfer,Bi-Weekly,26,3,-0.8249090041720074,-1.3005484124604452
1886,26,Male,Jewelry,Accessories,53,Nevada,S,Maroon,Winter,4.4,No,Standard,No,No,35,Cash,Monthly,12,1,-0.8725587749071526,0.3050437764590396
1887,18,Male,Gloves,Accessories,91,Arkansas,L,Beige,Spring,4.4,No,Next Day Air,No,No,46,Cash,Bi-Weekly,26,2,-1.398170178562302,1.3244278164286487
1888,64,Male,Hoodie,Clothing,44,North Dakota,XL,Gold,Fall,3.5,No,Express,No,No,3,PayPal,Monthly,12,3,0.583228549275327,-0.9731083728836374
1889,62,Male,Hoodie,Clothing,89,South Dakota,XL,Turquoise,Winter,3.4,No,Free Shipping,No,No,48,Credit Card,Weekly,52,0,1.4604458178028545,1.393114803416239
1890,59,Male,Skirt,Clothing,57,North Carolina,L,Peach,Spring,2.5,No,Next Day Air,No,No,27,Bank Transfer,Weekly,52,0,1.9029137140228924,-0.8264455258965998
1891,36,Male,Sunglasses,Accessories,57,Hawaii,M,Lavender,Spring,3.4,No,Store Pickup,No,No,5,Credit Card,Weekly,52,0,-0.31678418494493055,-1.7349513790375943
1892,69,Male,Jewelry,Accessories,74,New Hampshire,M,Gray,Summer,2.6,No,Next Day Air,No,No,48,Debit Card,Quarterly,4,2,2.1403841632384135,1.343085412520541
1893,39,Male,Jacket,Outerwear,30,California,M,Blue,Fall,4.6,No,2-Day Shipping,No,No,12,Venmo,Weekly,52,0,-0.39220345313309557,-1.3357092196754492
1894,28,Male,Dress,Clothing,20,Delaware,L,Red,Summer,3.7,No,Express,No,No,10,PayPal,Fortnightly,26,3,-0.33645504697011014,-2.067264313752143
1895,42,Male,Hoodie,Clothing,90,Arizona,M,Purple,Fall,2.5,No,Free Shipping,No,No,48,Debit Card,Bi-Weekly,26,2,1.016062261770707,0.8171367098859019
1896,31,Male,Jeans,Clothing,61,Washington,L,Indigo,Fall,4.5,No,Express,No,No,3,Debit Card,Monthly,12,3,-1.7787017973557533,-0.7005916945326529
1897,57,Male,Sandals,Footwear,51,Nevada,M,Gold,Fall,2.9,No,Standard,No,No,19,Venmo,Monthly,12,1,1.0548573110162431,-0.6155999561309411
1898,53,Male,Sunglasses,Accessories,97,Alaska,L,Teal,Winter,2.9,No,Free Shipping,No,No,11,Debit Card,Fortnightly,26,3,0.022240122133195317,-0.1282379333303148
1899,59,Male,Pants,Clothing,97,Texas,L,Magenta,Fall,3.5,No,Next Day Air,No,No,25,Venmo,Monthly,12,2,0.12339742272334898,1.1086678813755884
1900,32,Male,Shorts,Clothing,40,New York,L,Maroon,Winter,4.2,No,Store Pickup,No,No,42,PayPal,Weekly,52,0,0.2872290034295813,-0.20056935419504096
1901,65,Male,Jewelry,Accessories,85,Iowa,S,Blue,Summer,3.3,No,Free Shipping,No,No,34,Cash,Quarterly,4,2,0.8987665797319696,1.3212135375868328
1902,56,Male,Socks,Clothing,76,Arizona,S,Beige,Winter,3.9,No,Store Pickup,No,No,50,Cash,Quarterly,4,2,0.7051482753666342,1.9361879343844037
1903,31,Male,Sandals,Footwear,22,New Mexico,S,Olive,Spring,5.0,No,Store Pickup,No,No,21,Venmo,Monthly,12,1,-0.9729116347340848,-0.5777671145986896
1904,59,Male,Pants,Clothing,63,North Carolina,M,Gold,Summer,3.3,No,Standard,No,No,37,Bank Transfer,Weekly,52,0,1.5235925016314265,0.19170564086462336
1905,22,Male,T-shirt,Clothing,71,Nevada,S,Silver,Spring,4.2,No,Free Shipping,No,No,46,Cash,Monthly,12,2,-0.8829528276554149,1.0001410586671842
1906,47,Male,Boots,Footwear,35,Idaho,M,Teal,Summer,4.9,No,2-Day Shipping,No,No,14,Bank Transfer,Fortnightly,26,3,-0.5267530649039985,-0.4642842155107311
1907,23,Male,Backpack,Accessories,30,Vermont,M,Green,Spring,4.6,No,2-Day Shipping,No,No,24,PayPal,Fortnightly,26,1,-0.9469703839678667,-0.8336350220616425
1908,69,Male,Skirt,Clothing,74,New Mexico,L,Orange,Fall,4.8,No,Store Pickup,No,No,36,Credit Card,Every 3 Months,4,2,0.24577415076052245,2.0777322821733124
1909,18,Male,Scarf,Accessories,71,Georgia,XL,Charcoal,Winter,2.7,No,Next Day Air,No,No,19,Debit Card,Bi-Weekly,26,3,-0.6357407333330645,-1.2545182051852808
1910,50,Male,Sweater,Clothing,84,Kentucky,S,Black,Spring,4.3,No,Store Pickup,No,No,12,Credit Card,Monthly,12,3,-0.9709547190318768,0.5124319267457268
1911,29,Male,Sandals,Footwear,38,New York,S,Yellow,Fall,3.8,No,Express,No,No,13,Debit Card,Quarterly,4,3,-0.7728782444841631,-1.1570567310128492
1912,65,Male,Jewelry,Accessories,81,Arizona,M,Gray,Spring,4.9,No,Express,No,No,32,Debit Card,Bi-Weekly,26,2,-0.02658680369133023,1.766629178558316
1913,29,Male,Sweater,Clothing,56,Colorado,S,Charcoal,Winter,3.4,No,2-Day Shipping,No,No,5,Credit Card,Bi-Weekly,26,3,-0.8218641393532632,-1.5757913381285378
1914,49,Male,Skirt,Clothing,48,Kentucky,M,Peach,Winter,3.6,No,Express,No,No,29,Cash,Annually,1,1,0.4646843632341593,0.10427442721515844
1915,28,Male,Shorts,Clothing,97,Alaska,L,Green,Fall,3.4,No,Standard,No,No,40,Credit Card,Fortnightly,26,2,-0.5460873142558118,0.857431885550336
1916,51,Male,Backpack,Accessories,74,Alabama,M,Magenta,Fall,4.7,No,2-Day Shipping,No,No,44,Cash,Weekly,52,0,0.2192943496439774,1.3716221113151292
1917,26,Male,Hoodie,Clothing,50,Connecticut,S,Beige,Winter,3.0,No,Next Day Air,No,No,3,Debit Card,Bi-Weekly,26,3,-0.6220177786384219,-2.0918478940418233
1918,38,Male,Skirt,Clothing,71,Hawaii,L,Black,Winter,3.4,No,Free Shipping,No,No,35,PayPal,Bi-Weekly,26,2,0.15877572565295917,0.24072931429386535
1919,35,Male,Skirt,Clothing,33,Idaho,S,Purple,Summer,4.6,No,Standard,No,No,33,Debit Card,Monthly,12,1,-0.364490626537687,0.04951435110813572
1920,34,Male,Backpack,Accessories,56,Virginia,M,Olive,Summer,3.1,No,Express,No,No,20,PayPal,Bi-Weekly,26,3,0.02529401819297053,-1.0040546735235871
1921,51,Male,Blouse,Clothing,84,Connecticut,M,Purple,Spring,2.8,No,Standard,No,No,40,Cash,Every 3 Months,4,2,0.8560352140781651,0.9744947928164208
1922,47,Male,Shirt,Clothing,36,Michigan,M,Green,Fall,3.5,No,Store Pickup,No,No,13,Venmo,Annually,1,3,0.1951501380620107,-0.9567500417942602
1923,18,Male,Gloves,Accessories,63,Kentucky,S,Peach,Summer,4.6,No,Standard,No,No,9,PayPal,Monthly,12,3,-2.2530009013723062,-0.6161317900522081
1924,64,Male,Sandals,Footwear,36,Nebraska,XL,Blue,Summer,4.3,No,Standard,No,No,7,Cash,Annually,1,3,0.16763954754037858,-0.4009548076819625
1925,30,Male,Jacket,Outerwear,63,Michigan,M,Gray,Fall,4.8,No,Free Shipping,No,No,42,PayPal,Quarterly,4,2,-1.02544190286839,1.2504378210584488
1926,59,Male,Sneakers,Footwear,32,Utah,L,Black,Winter,2.9,No,Express,No,No,44,Credit Card,Fortnightly,26,1,2.288764637812883,-0.1409679775986287
1927,66,Male,Backpack,Accessories,93,New Mexico,M,Silver,Spring,3.0,No,Express,No,No,6,PayPal,Annually,1,3,0.19572712830104055,0.2129590494181751
1928,40,Male,Pants,Clothing,29,Florida,M,Pink,Summer,2.9,No,Standard,No,No,8,Cash,Every 3 Months,4,3,0.32725788080967255,-1.8590599376656023
1929,25,Male,Sunglasses,Accessories,92,Mississippi,S,Lavender,Summer,3.7,No,Standard,No,No,10,PayPal,Weekly,52,0,-1.4241613506298867,-0.756756738544683
1930,59,Male,Jeans,Clothing,33,Hawaii,L,Brown,Fall,4.7,No,Standard,No,No,46,Venmo,Quarterly,4,1,0.863905466418605,1.264301245774761
1931,66,Male,Pants,Clothing,52,North Carolina,L,Turquoise,Spring,3.5,No,Store Pickup,No,No,26,Cash,Weekly,52,0,1.5429616686680656,-0.2745486379489617
1932,54,Male,Jewelry,Accessories,42,Illinois,S,Olive,Spring,2.7,No,Store Pickup,No,No,6,Debit Card,Every 3 Months,4,3,0.7791871202048537,-1.454393372504877
1933,42,Male,Hoodie,Clothing,36,Maryland,M,White,Spring,5.0,No,Free Shipping,No,No,47,Credit Card,Every 3 Months,4,1,-0.07711452324933785,1.1892265243986124
1934,48,Male,Sandals,Footwear,67,Montana,L,Violet,Summer,4.1,No,Next Day Air,No,No,28,Venmo,Annually,1,2,-0.273153401318309,0.7730654863538725
1935,34,Male,Jacket,Outerwear,43,Michigan,L,Gold,Winter,2.7,No,Free Shipping,No,No,23,Bank Transfer,Annually,1,1,0.38719301172249876,-1.093043341294653
1936,19,Male,Blouse,Clothing,68,North Carolina,XL,Violet,Spring,4.8,No,Free Shipping,No,No,45,Cash,Fortnightly,26,2,-1.286287948928759,0.9848549142228938
1937,70,Male,Jewelry,Accessories,60,Minnesota,S,Teal,Summer,4.3,No,2-Day Shipping,No,No,44,PayPal,Every 3 Months,4,2,1.1001131877685808,1.8240673192272459
1938,43,Male,Socks,Clothing,53,Delaware,M,Olive,Summer,4.5,No,2-Day Shipping,No,No,11,Bank Transfer,Monthly,12,3,-0.9185548438947959,-0.2979934920851712
1939,46,Male,Jeans,Clothing,23,Kentucky,L,Blue,Spring,3.8,No,Standard,No,No,39,Debit Card,Bi-Weekly,26,1,1.1187755403018453,-0.33106687608186675
1940,66,Male,Gloves,Accessories,57,Ohio,L,Magenta,Winter,3.7,No,Store Pickup,No,No,20,PayPal,Every 3 Months,4,1,0.7232856542399536,0.3121172020525082
1941,50,Male,Hat,Accessories,89,Alaska,L,Gray,Fall,3.9,No,2-Day Shipping,No,No,48,PayPal,Fortnightly,26,2,0.37762341737879335,1.753237503490415
1942,55,Male,Shoes,Footwear,99,Vermont,XL,Peach,Winter,3.3,No,Standard,No,No,46,Credit Card,Quarterly,4,2,0.5920526205206592,1.950722915286773
1943,63,Male,Pants,Clothing,28,Alabama,M,Cyan,Fall,3.4,No,Express,No,No,22,PayPal,Monthly,12,1,1.4183079592759944,-0.623751031100703
1944,32,Male,Socks,Clothing,53,Wisconsin,L,Violet,Summer,3.8,No,Next Day Air,No,No,45,Cash,Annually,1,1,-0.011730217516340772,0.6560046596473862
1945,30,Male,Hoodie,Clothing,45,Arkansas,M,Gold,Winter,2.7,No,Free Shipping,No,No,49,Cash,Every 3 Months,4,1,0.9544127952520022,-0.06567188968519187
1946,35,Male,Hoodie,Clothing,38,Georgia,M,Gold,Winter,2.9,No,2-Day Shipping,No,No,9,Credit Card,Every 3 Months,4,3,-0.0016190372847059741,-1.7089713486152718
1947,59,Male,Pants,Clothing,49,Louisiana,M,White,Summer,4.5,No,Standard,No,No,41,Credit Card,Quarterly,4,1,0.5976117510961764,1.317916773647073
1948,59,Male,Shirt,Clothing,32,New York,M,Gray,Summer,2.6,No,Store Pickup,No,No,2,PayPal,Monthly,12,3,1.1805871976167648,-1.913482179860575
1949,54,Male,T-shirt,Clothing,37,Connecticut,L,Brown,Winter,3.1,No,Next Day Air,No,No,39,PayPal,Bi-Weekly,26,1,1.7141244325634934,-0.22689994762136154
1950,63,Male,Dress,Clothing,80,Nebraska,L,Gray,Winter,4.7,No,Store Pickup,No,No,12,PayPal,Quarterly,4,3,-0.716388232627331,1.0192536681317343
1951,43,Male,Backpack,Accessories,78,Arkansas,L,Blue,Summer,4.6,No,Free Shipping,No,No,26,PayPal,Every 3 Months,4,2,-1.0469746730373852,1.0877815742555867
1952,33,Male,Gloves,Accessories,53,Connecticut,L,Gold,Summer,2.7,No,Next Day Air,No,No,32,Bank Transfer,Bi-Weekly,26,1,0.6574140448831146,-0.8133985081458162
1953,57,Male,Shoes,Footwear,82,Maryland,L,Yellow,Summer,4.6,No,2-Day Shipping,No,No,50,Cash,Bi-Weekly,26,2,0.3479945651415125,2.2154411683238773
1954,25,Male,Skirt,Clothing,33,Colorado,XL,Green,Spring,4.8,No,Standard,No,No,3,PayPal,Fortnightly,26,3,-1.6525625105799224,-1.4978666270400163
1955,26,Male,Gloves,Accessories,77,Colorado,M,Pink,Winter,4.2,No,Free Shipping,No,No,3,Venmo,Quarterly,4,3,-2.11107195131381,-0.49518634920691623
1956,50,Male,Hoodie,Clothing,56,Maine,M,Pink,Winter,4.9,No,Express,No,No,37,Cash,Monthly,12,2,-0.21865413125213842,1.2488977164916164
1957,70,Male,Socks,Clothing,37,Oklahoma,M,Pink,Winter,4.9,No,Express,No,No,20,Credit Card,Fortnightly,26,1,0.5689064641237226,0.32184105135362384
1958,68,Male,Gloves,Accessories,54,South Carolina,M,Cyan,Spring,4.5,No,Store Pickup,No,No,26,Cash,Bi-Weekly,26,1,0.6571649984359029,0.7103559846050298
1959,39,Male,Shorts,Clothing,67,Nevada,M,Gray,Winter,2.7,No,Store Pickup,No,No,47,Cash,Quarterly,4,2,0.9078166590952689,0.5597238486933265
1960,46,Male,Shoes,Footwear,90,Colorado,M,White,Fall,3.1,No,Store Pickup,No,No,7,Credit Card,Every 3 Months,4,3,-0.6031137002692235,-0.21843883975540987
1961,57,Male,Jeans,Clothing,72,Massachusetts,L,Red,Summer,3.3,No,2-Day Shipping,No,No,40,Credit Card,Annually,1,2,0.9252619050469204,1.1375751602065651
1962,47,Male,Boots,Footwear,59,Nevada,L,Black,Summer,2.6,No,Free Shipping,No,No,45,Debit Card,Quarterly,4,1,1.3871825583305488,0.397563593228957
1963,40,Male,Hat,Accessories,45,Iowa,M,Silver,Fall,4.4,No,Standard,No,No,20,PayPal,Fortnightly,26,3,-0.4601824005149249,-0.4032537687524039
1964,52,Male,Shorts,Clothing,30,Michigan,L,Pink,Spring,3.9,No,Standard,No,No,11,Credit Card,Weekly,52,0,0.614859947882305,-1.4999600831326798
1965,40,Male,Pants,Clothing,51,West Virginia,S,Cyan,Summer,4.6,No,Express,No,No,50,Debit Card,Monthly,12,2,0.029648950005978905,1.3015954689495612
1966,67,Male,Sweater,Clothing,90,Indiana,M,White,Fall,4.9,No,Express,No,No,25,Debit Card,Quarterly,4,2,-0.48643715689168765,2.004389270524749
1967,67,Male,Jacket,Outerwear,95,Indiana,XL,Purple,Winter,3.7,No,Express,No,No,5,Credit Card,Fortnightly,26,3,-0.09708317333618774,0.31704350025482897
1968,37,Male,Dress,Clothing,81,Georgia,L,Yellow,Fall,3.7,No,Standard,No,No,4,Venmo,Annually,1,3,-1.3643449495948488,-0.370950145935351
1969,67,Male,Shirt,Clothing,70,Minnesota,S,Blue,Spring,4.2,No,Standard,No,No,25,Credit Card,Weekly,52,0,0.7638184393759305,0.5257381338931827
1970,64,Male,Dress,Clothing,32,Louisiana,S,Cyan,Winter,3.5,No,Next Day Air,No,No,11,Bank Transfer,Fortnightly,26,1,1.1337560874429322,-1.0957293784755318
1971,28,Male,Belt,Accessories,94,Maryland,M,Indigo,Spring,2.9,No,Next Day Air,No,No,4,Credit Card,Bi-Weekly,26,3,-1.168627363348646,-1.0225500098775993
1972,54,Male,Hat,Accessories,29,Pennsylvania,XL,Indigo,Spring,3.4,No,Next Day Air,No,No,1,Venmo,Monthly,12,3,0.4288806281647287,-1.6800222286435254
1973,54,Male,Backpack,Accessories,31,Louisiana,M,Silver,Summer,3.3,No,Express,No,No,48,PayPal,Every 3 Months,4,1,1.7339485673076327,0.405184162208637
1974,24,Male,Skirt,Clothing,20,Maryland,XL,Red,Fall,4.5,No,Standard,No,No,9,Venmo,Every 3 Months,4,3,-1.2909172447867912,-1.4623031271443685
1975,27,Male,Gloves,Accessories,44,Tennessee,M,Peach,Winter,4.6,No,2-Day Shipping,No,No,2,PayPal,Fortnightly,26,3,-1.638812219321998,-1.3508606643577001
1976,53,Male,Jacket,Outerwear,77,Illinois,L,Turquoise,Fall,2.9,No,Express,No,No,4,Cash,Quarterly,4,3,-0.040450699383793975,-0.6189086309149608
1977,32,Male,Handbag,Accessories,51,Wyoming,M,Pink,Spring,3.2,No,Next Day Air,No,No,43,PayPal,Fortnightly,26,1,0.6092179264399533,-0.13279542677835987
1978,24,Male,Sandals,Footwear,49,Florida,M,Teal,Summer,2.6,No,Free Shipping,No,No,32,Bank Transfer,Annually,1,1,0.198173994737473,-0.8365794269289141
1979,45,Male,Sunglasses,Accessories,78,Massachusetts,L,Magenta,Spring,3.8,No,Store Pickup,No,No,1,Cash,Quarterly,4,3,-1.1109147819710894,-0.3822464789844278
1980,49,Male,Jeans,Clothing,98,Tennessee,L,Blue,Spring,2.8,No,Store Pickup,No,No,38,Debit Card,Fortnightly,26,2,0.6785398262404498,0.8994530283361691
1981,51,Male,Sandals,Footwear,94,Iowa,M,Green,Winter,4.4,No,Store Pickup,No,No,25,PayPal,Fortnightly,26,2,-0.6714641689763136,1.2000379713554739
1982,69,Male,Shoes,Footwear,91,Michigan,L,Violet,Summer,4.7,No,Express,No,No,42,PayPal,Quarterly,4,2,0.20557396369489028,2.677928838880021
1983,41,Male,Sunglasses,Accessories,77,Kansas,M,Turquoise,Summer,2.7,No,2-Day Shipping,No,No,32,PayPal,Monthly,12,2,0.4690861092569711,0.10089468552292549
1984,59,Male,Scarf,Accessories,97,Georgia,M,Pink,Summer,2.6,No,Next Day Air,No,No,21,Debit Card,Quarterly,4,2,0.5739603034854343,0.532004663998316
1985,26,Male,Skirt,Clothing,58,West Virginia,M,Black,Summer,3.4,No,2-Day Shipping,No,No,26,PayPal,Fortnightly,26,3,-0.38193032748362277,-0.7012510963860393
1986,23,Male,Gloves,Accessories,97,Tennessee,M,Gold,Spring,3.9,No,2-Day Shipping,No,No,6,Credit Card,Fortnightly,26,3,-2.0754795772694874,-0.40685620629491875
1987,62,Male,Coat,Outerwear,48,Arkansas,L,Green,Summer,3.4,No,2-Day Shipping,No,No,14,Venmo,Quarterly,4,3,0.7466916619936697,-0.40907573662017455
1988,69,Male,Belt,Accessories,23,Vermont,XL,White,Summer,3.4,No,Express,No,No,4,Cash,Quarterly,4,1,1.1676545403340917,-1.2772923676299577
1989,46,Male,Pants,Clothing,79,Virginia,M,Gold,Winter,3.9,No,Free Shipping,No,No,26,Bank Transfer,Weekly,52,0,-0.01968921632763737,0.16929520904731485
1990,35,Male,Jewelry,Accessories,42,Maryland,S,Charcoal,Spring,4.0,No,Express,No,No,39,PayPal,Bi-Weekly,26,1,0.20467950100818225,-4.353588964636914e-05
1991,32,Male,Backpack,Accessories,95,Connecticut,L,White,Spring,3.4,No,2-Day Shipping,No,No,15,PayPal,Annually,1,3,-1.2795324383798414,0.15190299734041326
1992,46,Male,Sneakers,Footwear,29,Missouri,M,Brown,Summer,3.7,No,Next Day Air,No,No,1,Venmo,Every 3 Months,4,3,-0.1868714079324555,-1.5773320308033278
1993,33,Male,Hoodie,Clothing,98,New Jersey,L,Gold,Winter,4.9,No,2-Day Shipping,No,No,28,Venmo,Monthly,12,2,-1.8788199169943332,1.5032350050528511
1994,32,Male,Blouse,Clothing,96,Arkansas,S,Purple,Spring,5.0,No,Express,No,No,17,Cash,Weekly,52,0,-1.9171624311304396,0.5168893746140226
1995,33,Male,Sunglasses,Accessories,66,Nevada,M,Brown,Fall,2.9,No,Next Day Air,No,No,24,Credit Card,Weekly,52,0,0.3031517316429501,-1.0621497165513272
1996,67,Male,Boots,Footwear,80,Missouri,S,Teal,Spring,3.0,No,Standard,No,No,29,Debit Card,Quarterly,4,2,1.1342749778261818,0.8634477561577787
1997,67,Male,Sneakers,Footwear,27,South Dakota,L,Indigo,Summer,3.3,No,Next Day Air,No,No,18,Cash,Every 3 Months,4,1,1.48734943840179,-0.6876767017840677
1998,42,Male,Backpack,Accessories,25,Connecticut,M,Purple,Fall,4.7,No,Express,No,No,10,Debit Card,Bi-Weekly,26,3,-0.542060563705189,-1.0888845186599265
1999,20,Male,Pants,Clothing,45,Vermont,M,Orange,Fall,3.4,No,2-Day Shipping,No,No,19,Cash,Quarterly,4,3,-0.810489258346736,-1.1526251487167014
2000,39,Male,Socks,Clothing,89,Tennessee,L,Indigo,Winter,4.6,No,2-Day Shipping,No,No,26,Debit Card,Monthly,12,2,-1.3250135167556367,1.162247355738089
2001,26,Male,Belt,Accessories,27,California,M,Lavender,Winter,3.6,No,2-Day Shipping,No,No,25,Cash,Bi-Weekly,26,1,-0.03798572285304124,-1.3642515699964899
2002,51,Male,Sunglasses,Accessories,90,Wyoming,S,Purple,Winter,2.6,No,Free Shipping,No,No,2,Debit Card,Fortnightly,26,3,0.010378646429177456,-0.8871764465038684
2003,31,Male,Shirt,Clothing,65,New York,M,Red,Summer,2.7,No,Express,No,No,19,PayPal,Every 3 Months,4,3,-0.18959773366483607,-0.8432810574351177
2004,68,Male,Sneakers,Footwear,72,Maine,S,Blue,Spring,3.1,No,Express,No,No,32,Cash,Quarterly,4,2,1.3233095727803936,0.8789004767763469
2005,44,Male,Shoes,Footwear,70,Georgia,L,Blue,Fall,3.2,No,2-Day Shipping,No,No,13,Cash,Bi-Weekly,26,3,-0.06008336656950928,-0.7024026640410636
2006,18,Male,Sandals,Footwear,82,Tennessee,M,Cyan,Winter,3.4,No,Store Pickup,No,No,30,PayPal,Fortnightly,26,2,-0.9988368174326387,-0.13215834954572347
2007,58,Male,Scarf,Accessories,97,New Mexico,S,Pink,Fall,4.4,No,Express,No,No,2,Credit Card,Annually,1,3,-1.3058451816582273,0.7608195177717897
2008,26,Male,Shirt,Clothing,25,Virginia,M,Silver,Summer,3.2,No,2-Day Shipping,No,No,8,PayPal,Quarterly,4,3,-0.4013187211686416,-2.079012979865247
2009,57,Male,Skirt,Clothing,48,Florida,M,Gray,Spring,2.5,No,Free Shipping,No,No,27,PayPal,Every 3 Months,4,1,1.5439178189825369,-0.47186567006485397
2010,37,Male,Boots,Footwear,99,Alabama,M,Indigo,Summer,3.8,No,Next Day Air,No,No,26,Venmo,Bi-Weekly,26,2,-0.8853998071400698,0.7267964189009546
2011,24,Male,Sweater,Clothing,21,Texas,M,Maroon,Summer,4.4,No,2-Day Shipping,No,No,3,Debit Card,Bi-Weekly,26,3,-1.2130585860428431,-2.0289977010954194
2012,57,Male,Sandals,Footwear,94,West Virginia,M,Beige,Spring,3.7,No,Express,No,No,4,Bank Transfer,Monthly,12,3,-0.6493865833794585,0.21819840711607255
2013,48,Male,Jeans,Clothing,53,Nevada,L,Green,Fall,3.2,No,Store Pickup,No,No,5,Cash,Fortnightly,26,3,0.1603455863944038,-1.3596755774645493
2014,39,Male,Backpack,Accessories,70,Virginia,M,Peach,Winter,4.9,No,Standard,No,No,25,Debit Card,Quarterly,4,2,-1.3212657122281948,0.9413726781733374
2015,51,Male,Skirt,Clothing,26,Wisconsin,L,Black,Summer,3.9,No,Standard,No,No,47,PayPal,Bi-Weekly,26,1,1.434549326312409,0.2409506976318509
2016,57,Male,Belt,Accessories,82,Virginia,S,Pink,Summer,4.5,No,Next Day Air,No,No,8,Credit Card,Fortnightly,26,3,-0.7774528750419973,0.37813973819402974
2017,53,Male,Shoes,Footwear,47,Maine,S,Violet,Winter,3.4,No,Standard,No,No,20,Debit Card,Fortnightly,26,1,0.7539801602005334,-0.647333605408527
2018,70,Male,Socks,Clothing,32,Massachusetts,S,Green,Winter,4.1,No,Next Day Air,No,No,42,Bank Transfer,Every 3 Months,4,1,1.648221211583626,0.9635845304343515
2019,60,Male,Backpack,Accessories,97,Arkansas,S,Gold,Fall,4.5,No,Store Pickup,No,No,20,Bank Transfer,Weekly,52,0,-0.32919139742197445,0.974853313745297
2020,31,Male,Shirt,Clothing,68,Idaho,S,Red,Winter,4.7,No,Store Pickup,No,No,23,Cash,Fortnightly,26,3,-1.3424048153663728,0.24827308540022125
2021,41,Male,Sweater,Clothing,23,Pennsylvania,M,Beige,Winter,4.8,No,Next Day Air,No,No,26,Cash,Quarterly,4,1,-0.36023114693781483,-0.1429209298492168
2022,62,Male,Handbag,Accessories,33,Maine,M,Green,Winter,4.4,No,Standard,No,No,48,Venmo,Quarterly,4,1,1.2575643840389066,1.2427222669984188
2023,59,Male,Jewelry,Accessories,38,Alabama,S,Black,Winter,4.0,No,Store Pickup,No,No,16,Cash,Bi-Weekly,26,1,0.615560952992804,-0.5644397354964048
2024,46,Male,Socks,Clothing,68,Idaho,S,Teal,Winter,4.1,No,Store Pickup,No,No,28,Cash,Bi-Weekly,26,2,-0.15176677604627345,0.43706104217743225
2025,62,Male,Socks,Clothing,23,Arkansas,L,Silver,Fall,3.7,No,Express,No,No,39,PayPal,Weekly,52,0,2.0858519749828237,-0.3808664696022204
2026,42,Male,Shirt,Clothing,29,Delaware,M,Turquoise,Summer,3.0,No,Express,No,No,43,Debit Card,Fortnightly,26,1,1.5313672730587404,-0.5558769951510873
2027,37,Male,Scarf,Accessories,35,Maine,M,Orange,Winter,3.6,No,Express,No,No,45,Bank Transfer,Every 3 Months,4,1,0.6624531377278358,0.18417705664868816
2028,50,Male,Shoes,Footwear,73,Nebraska,S,Gold,Fall,4.8,No,Standard,No,No,50,Credit Card,Every 3 Months,4,2,-0.1303162992171778,2.2475068055091016
2029,29,Male,Shoes,Footwear,84,Ohio,XL,Purple,Fall,3.7,No,2-Day Shipping,No,No,10,Venmo,Bi-Weekly,26,3,-1.3551269603395948,-0.5315898105892907
2030,25,Male,Scarf,Accessories,23,Montana,M,Pink,Spring,4.6,No,Next Day Air,No,No,40,PayPal,Quarterly,4,1,-0.48676989682334815,0.0006614130834621142
2031,66,Male,Sunglasses,Accessories,67,New Mexico,S,Green,Summer,2.8,No,Standard,No,No,38,Credit Card,Monthly,12,2,1.776268611501919,0.7016713486040271
2032,21,Male,Socks,Clothing,51,North Carolina,L,Charcoal,Spring,4.0,No,Standard,No,No,2,Credit Card,Monthly,12,3,-1.7050673746556482,-1.4728570719493814
2033,46,Male,Blouse,Clothing,36,South Carolina,M,Maroon,Winter,4.2,No,Next Day Air,No,No,13,Cash,Annually,1,3,-0.340599278552384,-0.5821702570055824
2034,57,Male,Jeans,Clothing,55,Illinois,L,Olive,Summer,3.6,No,Express,No,No,33,Venmo,Annually,1,1,0.7958136346550158,0.608019187667319
2035,61,Male,Shorts,Clothing,30,Alabama,M,Peach,Spring,2.9,No,Store Pickup,No,No,27,PayPal,Monthly,12,1,1.797188023627572,-0.6891433328192249
2036,53,Male,T-shirt,Clothing,70,Oklahoma,S,Yellow,Summer,4.1,No,Express,No,No,43,Bank Transfer,Weekly,52,0,0.7639003669051061,0.9375601846816626
2037,37,Male,Blouse,Clothing,63,Minnesota,S,Lavender,Winter,3.1,No,Next Day Air,No,No,46,Cash,Weekly,52,0,1.0047733670979184,-0.0030740359096830434
2038,39,Male,Belt,Accessories,87,Illinois,S,Green,Summer,4.3,No,Express,No,No,7,Venmo,Bi-Weekly,26,3,-1.4972824164028262,-0.03806347176581966
2039,53,Male,Blouse,Clothing,70,Arkansas,L,Orange,Spring,4.4,No,Next Day Air,No,No,35,Credit Card,Fortnightly,26,2,0.09422456477962864,1.0981747724052597
2040,35,Male,T-shirt,Clothing,51,Minnesota,M,Olive,Spring,3.1,No,Next Day Air,No,No,31,Debit Card,Bi-Weekly,26,1,0.4630276408177869,-0.6349280518484043
2041,69,Male,Jewelry,Accessories,25,South Carolina,XL,Gray,Spring,2.9,No,Free Shipping,No,No,42,Venmo,Quarterly,4,1,2.5695734535114965,0.09862209781922077
2042,66,Male,Jacket,Outerwear,32,New York,S,Lavender,Winter,3.2,No,Next Day Air,No,No,14,PayPal,Bi-Weekly,26,1,1.5142427384377286,-1.0959695075226175
2043,19,Male,Shoes,Footwear,52,Alabama,M,Red,Spring,4.0,No,2-Day Shipping,No,No,35,Venmo,Monthly,12,1,-0.8651930322436958,-0.09212729004845578
2044,47,Male,Gloves,Accessories,33,New York,M,Charcoal,Summer,2.7,No,Standard,No,No,49,PayPal,Weekly,52,0,2.286065277119229,-0.6013238006590812
2045,49,Male,Jeans,Clothing,68,Missouri,L,Orange,Spring,3.0,No,Free Shipping,No,No,17,PayPal,Fortnightly,26,3,0.43637730383926104,-0.5878727284872078
2046,31,Male,Jewelry,Accessories,20,Georgia,M,Red,Fall,4.4,No,Express,No,No,26,PayPal,Quarterly,4,1,-0.4446781092221093,-0.6506057968838657
2047,39,Male,Pants,Clothing,32,Oklahoma,M,Maroon,Winter,2.8,No,Free Shipping,No,No,30,Cash,Every 3 Months,4,1,0.932985387639704,-0.9328529564185661
2048,58,Male,Jewelry,Accessories,82,Connecticut,M,Silver,Summer,3.1,No,Store Pickup,No,No,32,Cash,Annually,1,2,0.7145916042512558,0.9430576825300935
2049,45,Male,Sneakers,Footwear,64,Michigan,XL,Pink,Winter,3.9,No,Express,No,No,35,Bank Transfer,Quarterly,4,2,0.018662068498708797,0.7845367336021217
2050,68,Male,Boots,Footwear,24,Rhode Island,L,Blue,Fall,2.7,No,Standard,No,No,15,Venmo,Annually,1,1,1.8902344130651643,-1.1658267420631823
2051,35,Male,Hat,Accessories,96,Mississippi,M,Teal,Summer,3.4,No,Store Pickup,No,No,10,Debit Card,Annually,1,3,-1.3135371175251898,0.026753176347484267
2052,65,Male,T-shirt,Clothing,94,Massachusetts,L,Black,Spring,3.8,No,Free Shipping,No,No,14,Credit Card,Monthly,12,2,-0.10200854087178049,0.8671996908681794
2053,45,Male,Backpack,Accessories,48,New Hampshire,M,Gray,Winter,3.7,No,2-Day Shipping,No,No,30,Bank Transfer,Annually,1,1,0.255978616890883,0.11895122774261478
2054,19,Male,Sunglasses,Accessories,60,Wyoming,S,Purple,Spring,4.5,No,2-Day Shipping,No,No,16,Credit Card,Fortnightly,26,3,-1.7678230212597978,-0.6036191503904206
2055,65,Male,Sweater,Clothing,56,New Jersey,XL,Gold,Spring,2.9,No,Express,No,No,14,PayPal,Annually,1,3,1.0654776341761358,-0.40106137892451704
2056,28,Male,Handbag,Accessories,33,Texas,M,Silver,Fall,3.4,No,2-Day Shipping,No,No,28,Bank Transfer,Weekly,52,0,0.40261282389094283,-1.4962274121272827
2057,55,Male,Backpack,Accessories,46,Minnesota,L,Blue,Spring,4.4,No,2-Day Shipping,No,No,29,PayPal,Monthly,12,1,0.28038013439050463,0.49574604265060407
2058,66,Male,Socks,Clothing,37,South Dakota,L,Yellow,Spring,4.2,No,Standard,No,No,5,PayPal,Every 3 Months,4,3,0.2745526176711739,-0.5145926013649609
2059,29,Male,Shirt,Clothing,98,Washington,M,Brown,Winter,3.3,No,Store Pickup,No,No,17,Bank Transfer,Quarterly,4,3,-1.3000927180853166,0.14989157726133853
2060,56,Male,Shorts,Clothing,50,California,XL,Beige,Spring,3.7,No,Express,No,No,50,PayPal,Weekly,52,0,1.7018802878941472,0.5981421052039093
2061,21,Male,Belt,Accessories,63,Wisconsin,M,Blue,Fall,3.2,No,Next Day Air,No,No,23,Bank Transfer,Quarterly,4,3,-0.8119759388574617,-0.6490212275334798
2062,32,Male,Sweater,Clothing,70,Michigan,S,Magenta,Summer,2.6,No,Store Pickup,No,No,22,Debit Card,Annually,1,3,-0.10131971391784399,-0.5951066850985038
2063,54,Male,Coat,Outerwear,63,South Carolina,L,Silver,Fall,2.8,No,Standard,No,No,15,Cash,Quarterly,4,3,0.6169763249341661,-0.5192946445794995
2064,61,Male,Shorts,Clothing,86,Indiana,M,Cyan,Fall,2.9,No,Standard,No,No,32,Cash,Monthly,12,2,1.0117919104675588,0.8481415202423173
2065,31,Male,Shoes,Footwear,99,Arkansas,M,Green,Summer,4.0,No,2-Day Shipping,No,No,5,Bank Transfer,Monthly,12,3,-1.9983848329456517,0.0009090087463105282
2066,27,Male,Sneakers,Footwear,40,Oregon,M,Blue,Spring,2.9,No,Free Shipping,No,No,6,Bank Transfer,Bi-Weekly,26,3,-0.25867667040791925,-2.2367669949270006
2067,64,Male,Sneakers,Footwear,92,Illinois,M,Olive,Fall,4.7,No,Store Pickup,No,No,44,Debit Card,Fortnightly,26,2,0.23241649214002588,2.401647252321605
2068,60,Male,Pants,Clothing,21,Maryland,XL,Beige,Fall,3.1,No,2-Day Shipping,No,No,23,Cash,Fortnightly,26,1,1.7734685179765741,-1.157582057065801
2069,70,Male,Jewelry,Accessories,81,Vermont,XL,Black,Summer,3.9,No,Store Pickup,No,No,44,Venmo,Monthly,12,2,1.1053391050386643,1.993354051571248
2070,36,Male,T-shirt,Clothing,82,Texas,M,Indigo,Fall,3.4,No,Free Shipping,No,No,3,Debit Card,Quarterly,4,3,-1.212731163218017,-0.6184106431660047
2071,56,Male,Jewelry,Accessories,88,Nebraska,XL,Red,Spring,3.1,No,Express,No,No,14,Cash,Monthly,12,3,0.11665351382886156,0.14001779803797618
2072,69,Male,Jacket,Outerwear,100,South Carolina,S,Yellow,Fall,4.8,No,Store Pickup,No,No,37,PayPal,Quarterly,4,2,-0.1565043402232267,2.7354436932731403
2073,39,Male,Backpack,Accessories,66,Massachusetts,M,Beige,Winter,3.9,No,Next Day Air,No,No,22,Bank Transfer,Weekly,52,0,-0.20976413188674514,-0.45538388838566807
2074,38,Male,Belt,Accessories,25,Texas,S,Green,Winter,3.5,No,Next Day Air,No,No,2,PayPal,Every 3 Months,4,3,-0.2841468545114209,-1.9111216289452266
2075,36,Male,Scarf,Accessories,53,Florida,M,White,Summer,3.1,No,Free Shipping,No,No,44,Debit Card,Fortnightly,26,1,0.8417425974094696,-0.01534143378021337
2076,46,Male,Sweater,Clothing,28,South Carolina,S,Turquoise,Fall,4.7,No,Express,No,No,49,Debit Card,Monthly,12,1,0.5615346305108332,0.8977658885089517
2077,59,Male,Gloves,Accessories,23,Florida,S,Indigo,Fall,4.6,No,Free Shipping,No,No,22,Debit Card,Bi-Weekly,26,1,0.6114211766032704,-0.32590958589234903
2078,64,Male,Scarf,Accessories,34,Nebraska,L,Orange,Fall,3.3,No,Free Shipping,No,No,26,Bank Transfer,Annually,1,1,1.4476945973217352,-0.2078956230157537
2079,49,Male,Dress,Clothing,42,Hawaii,M,Blue,Spring,3.2,No,Next Day Air,No,No,40,Debit Card,Weekly,52,0,1.6110345915370503,-0.44520547738954885
2080,32,Male,Jeans,Clothing,24,Montana,L,Violet,Summer,3.1,No,Next Day Air,No,No,16,PayPal,Quarterly,4,1,0.16354586145246253,-1.6936382023421728
2081,29,Male,Sunglasses,Accessories,47,South Dakota,S,Gray,Fall,3.5,No,Free Shipping,No,No,17,Debit Card,Bi-Weekly,26,3,-0.4016184493327239,-1.2234691588396311
2082,24,Male,Coat,Outerwear,78,Alabama,S,Cyan,Spring,4.3,No,Standard,No,No,48,Bank Transfer,Bi-Weekly,26,2,-0.8053572610286691,1.1714151699340272
2083,41,Male,Jeans,Clothing,89,Arkansas,M,Yellow,Summer,2.9,No,Free Shipping,No,No,28,Venmo,Every 3 Months,4,2,-0.055604351132417656,0.42994232698973395
2084,41,Male,Scarf,Accessories,59,Mississippi,L,Orange,Fall,2.7,No,Store Pickup,No,No,26,Credit Card,Fortnightly,26,1,0.720341029985898,-0.7573151501603405
2085,32,Male,Blouse,Clothing,94,Vermont,S,Brown,Summer,4.0,No,Standard,No,No,43,Bank Transfer,Quarterly,4,2,-0.8625735823203478,1.6164392865186776
2086,69,Male,Jeans,Clothing,49,New York,M,Teal,Fall,4.6,No,Free Shipping,No,No,38,Debit Card,Weekly,52,0,1.2828926060461507,0.8481514059449393
2087,65,Male,Dress,Clothing,89,North Dakota,L,Beige,Summer,4.7,No,2-Day Shipping,No,No,36,Cash,Every 3 Months,4,2,-0.09874987099332908,2.2919569947568807
2088,54,Male,Hat,Accessories,91,Wisconsin,M,Blue,Summer,4.7,No,Standard,No,No,1,Credit Card,Weekly,52,0,-1.1619158765211686,0.013942604303722943
2089,39,Male,Sandals,Footwear,89,California,L,Orange,Spring,4.0,No,Standard,No,No,49,Debit Card,Annually,1,2,-0.343879696002894,1.9380382306272173
2090,37,Male,Jacket,Outerwear,57,Maryland,L,Gold,Spring,3.6,No,Free Shipping,No,No,41,Credit Card,Every 3 Months,4,1,0.18405981704661178,0.5352273245079903
2091,51,Male,Socks,Clothing,71,Massachusetts,S,Teal,Winter,3.4,No,Free Shipping,No,No,21,Debit Card,Monthly,12,3,0.17763673431438376,0.09875207984889556
2092,26,Male,Jeans,Clothing,97,Washington,XL,Beige,Fall,3.0,No,Next Day Air,No,No,24,Bank Transfer,Quarterly,4,2,-0.9973768625311669,0.1902803000977336
2093,42,Male,Sandals,Footwear,45,Minnesota,M,Silver,Fall,2.6,No,Next Day Air,No,No,27,Bank Transfer,Weekly,52,0,1.3231009929006172,-1.411947552421068
2094,21,Male,Dress,Clothing,91,Washington,M,Maroon,Spring,4.2,No,Store Pickup,No,No,4,Debit Card,Annually,1,3,-2.5493367765729515,-0.18866269266960534
2095,53,Male,Socks,Clothing,25,South Carolina,M,Indigo,Spring,3.4,No,Standard,No,No,19,Venmo,Annually,1,1,0.8687359411118729,-0.8928327823846377
2096,36,Male,Hoodie,Clothing,63,New Mexico,M,Gray,Fall,4.0,No,Store Pickup,No,No,1,Bank Transfer,Fortnightly,26,3,-1.183714389600489,-1.0931833125806543
2097,21,Male,Dress,Clothing,52,North Carolina,L,Blue,Summer,4.7,No,Free Shipping,No,No,27,Debit Card,Annually,1,3,-1.601161711726309,0.14615966821095971
2098,33,Male,Sneakers,Footwear,43,Iowa,S,Cyan,Winter,3.9,No,Next Day Air,No,No,5,Credit Card,Weekly,52,0,-0.5627153648415373,-1.846854915554563
2099,49,Male,T-shirt,Clothing,28,Louisiana,M,White,Summer,3.3,No,2-Day Shipping,No,No,20,Venmo,Quarterly,4,1,0.778049433890903,-0.9583044651130967
2100,31,Male,T-shirt,Clothing,78,Oklahoma,L,Green,Summer,2.9,No,Express,No,No,50,PayPal,Annually,1,2,0.3100891308976995,0.9299071168654263
2101,68,Male,Sweater,Clothing,31,Michigan,M,Silver,Spring,4.4,No,Free Shipping,No,No,36,Cash,Fortnightly,26,1,1.3935734584252406,0.5335171431297775
2102,49,Male,Shirt,Clothing,23,Oregon,M,Blue,Winter,3.6,No,Next Day Air,No,No,12,Bank Transfer,Bi-Weekly,26,1,0.6160162865110279,-1.5257129141701085
2103,23,Male,Hat,Accessories,25,Idaho,M,Brown,Spring,4.5,No,Store Pickup,No,No,23,Cash,Monthly,12,1,-0.9459255122723671,-0.8730564830720756
2104,30,Male,Pants,Clothing,86,Indiana,S,Red,Summer,3.7,No,Store Pickup,No,No,21,Venmo,Weekly,52,0,-0.803263221591195,-0.3270531316027255
2105,53,Male,Shoes,Footwear,88,New Mexico,M,Gold,Spring,2.8,No,Free Shipping,No,No,47,Venmo,Weekly,52,0,1.4972075628928576,0.7983826274425125
2106,65,Male,Gloves,Accessories,35,South Carolina,M,Silver,Spring,4.5,No,Free Shipping,No,No,38,Venmo,Bi-Weekly,26,1,1.1887238670699607,0.7063175686005422
2107,60,Male,Jewelry,Accessories,34,Vermont,M,Gray,Fall,4.4,No,Standard,No,No,40,Credit Card,Every 3 Months,4,1,0.9298825282060733,0.8850702451372089
2108,46,Male,Pants,Clothing,75,Delaware,M,Black,Winter,3.3,No,Standard,No,No,35,PayPal,Quarterly,4,2,0.30158304715621037,0.7268012653001277
2109,54,Male,Hoodie,Clothing,46,North Dakota,XL,Beige,Winter,4.2,No,Express,No,No,4,Credit Card,Quarterly,4,3,-0.4028229908066946,-0.5967280699137187
2110,59,Male,Jewelry,Accessories,31,California,L,Peach,Fall,2.7,No,Free Shipping,No,No,28,Venmo,Every 3 Months,4,1,1.7961696247978616,-0.6766238503478006
2111,52,Male,Socks,Clothing,93,Montana,L,Cyan,Spring,3.9,No,Store Pickup,No,No,36,Debit Card,Every 3 Months,4,2,-0.141774247387164,1.660670611642841
2112,41,Male,Sunglasses,Accessories,85,Missouri,XL,Pink,Spring,2.6,No,Free Shipping,No,No,15,Bank Transfer,Annually,1,3,-0.17432812537642822,-0.34736961168095487
2113,43,Male,Belt,Accessories,68,Tennessee,M,Lavender,Fall,4.5,No,2-Day Shipping,No,No,7,Cash,Fortnightly,26,3,-1.1570740606277465,-0.2904314764649209
2114,63,Male,Dress,Clothing,40,Virginia,M,Brown,Spring,2.7,No,Store Pickup,No,No,29,PayPal,Every 3 Months,4,1,1.8421359303379838,-0.33698890315689484
2115,37,Male,Shirt,Clothing,51,Vermont,M,Magenta,Winter,2.9,No,Standard,No,No,12,Debit Card,Annually,1,3,-0.07481765402848263,-1.1938894750523534
2116,44,Male,Scarf,Accessories,85,Rhode Island,M,Violet,Winter,3.4,No,Store Pickup,No,No,16,Bank Transfer,Bi-Weekly,26,3,-0.3643366742251876,-0.10717624651410326
2117,67,Male,Jacket,Outerwear,23,Kansas,M,Teal,Summer,2.9,No,Express,No,No,50,Debit Card,Bi-Weekly,26,1,2.9419281602337253,0.06892244605647553
2118,27,Male,Dress,Clothing,28,Colorado,L,Brown,Summer,3.8,No,Free Shipping,No,No,11,Debit Card,Annually,1,3,-0.7740058347017942,-1.4825297974268532
2119,60,Male,Socks,Clothing,44,Georgia,M,Olive,Fall,4.2,No,2-Day Shipping,No,No,28,Debit Card,Quarterly,4,1,0.5636550585599299,0.49989383624339184
2120,58,Male,Jewelry,Accessories,57,Nebraska,M,Indigo,Spring,3.5,No,Store Pickup,No,No,36,Venmo,Bi-Weekly,26,1,1.181597162847932,0.4295413018341212
2121,53,Male,Scarf,Accessories,98,Missouri,S,Red,Fall,3.1,No,Next Day Air,No,No,38,PayPal,Quarterly,4,2,0.43867727796411676,1.432699071921818
2122,43,Male,Backpack,Accessories,68,Alaska,M,Olive,Winter,3.5,No,2-Day Shipping,No,No,32,Bank Transfer,Monthly,12,2,0.13680635853467907,0.38218409470885667
2123,32,Male,Jacket,Outerwear,36,Virginia,L,Teal,Fall,4.0,No,Express,No,No,42,Debit Card,Weekly,52,0,0.4946705529696218,-0.4082728568457487
2124,54,Male,Coat,Outerwear,71,Nebraska,L,Cyan,Spring,3.7,No,Express,No,No,22,Debit Card,Bi-Weekly,26,2,0.24320571747721653,0.19606659772889845
2125,47,Male,Skirt,Clothing,60,Rhode Island,M,Teal,Fall,4.2,No,Next Day Air,No,No,22,Venmo,Quarterly,4,3,-0.4137273261365361,0.35036076430233554
2126,57,Male,Coat,Outerwear,87,New Hampshire,M,Beige,Fall,4.8,No,Store Pickup,No,No,31,PayPal,Quarterly,4,2,-0.6117794520248245,1.9206619511611969
2127,63,Male,Shoes,Footwear,38,Alabama,XL,Magenta,Winter,4.1,No,Express,No,No,28,Credit Card,Monthly,12,1,0.9293944910833211,0.2629452030187713
2128,70,Male,Boots,Footwear,45,North Carolina,M,Indigo,Spring,4.5,No,2-Day Shipping,No,No,40,Debit Card,Weekly,52,0,1.5183516250404099,0.8028277923113281
2129,62,Male,Coat,Outerwear,47,New Mexico,L,Cyan,Fall,2.7,No,2-Day Shipping,No,No,21,PayPal,Weekly,52,0,1.8815032768706301,-1.1412790090303575
2130,40,Male,Skirt,Clothing,57,Minnesota,L,Orange,Fall,2.8,No,Store Pickup,No,No,12,PayPal,Every 3 Months,4,3,0.04786103340342898,-1.083338247029242
2131,25,Male,Backpack,Accessories,68,Arizona,L,Violet,Summer,3.7,No,Free Shipping,No,No,33,Credit Card,Annually,1,2,-0.8229257458216298,0.29825257857891857
2132,19,Male,Shorts,Clothing,52,Montana,M,Red,Fall,3.6,No,Express,No,No,9,Bank Transfer,Fortnightly,26,3,-1.1993500927633274,-1.5984233999090365
2133,25,Male,Skirt,Clothing,87,Vermont,M,Magenta,Fall,4.7,No,2-Day Shipping,No,No,15,Debit Card,Weekly,52,0,-1.9047962428082452,-0.09788745868157024
2134,21,Male,Hat,Accessories,34,Maine,M,Olive,Summer,3.8,No,Standard,No,No,13,Bank Transfer,Annually,1,3,-1.066352465026054,-1.3820998803677098
2135,55,Male,Sandals,Footwear,41,Virginia,XL,Maroon,Winter,2.9,No,Standard,No,No,35,Credit Card,Fortnightly,26,1,1.716767162339057,-0.393814243981438
2136,34,Male,Sunglasses,Accessories,94,California,S,Yellow,Winter,4.6,No,Next Day Air,No,No,1,Debit Card,Every 3 Months,4,3,-2.398822697906752,0.21689976055769902
2137,47,Male,Sunglasses,Accessories,93,New York,M,Red,Summer,2.8,No,Standard,No,No,25,Bank Transfer,Fortnightly,26,2,0.3078781769738914,0.1878081820874708
2138,27,Male,Socks,Clothing,51,Indiana,XL,Purple,Winter,4.6,No,2-Day Shipping,No,No,20,Credit Card,Every 3 Months,4,3,-1.4369015192747365,-0.14256476172534746
2139,67,Male,Sweater,Clothing,42,Mississippi,M,Teal,Fall,2.8,No,Next Day Air,No,No,36,Venmo,Quarterly,4,1,2.104351006964927,0.14790256733395718
2140,40,Male,Boots,Footwear,95,New York,M,Red,Winter,3.0,No,Free Shipping,No,No,33,Cash,Weekly,52,0,0.29994552081076487,0.2097006811823465
2141,53,Male,Handbag,Accessories,90,New Mexico,M,Brown,Fall,3.7,No,Standard,No,No,36,Cash,Fortnightly,26,2,0.2854513521310227,1.21825064881546
2142,24,Male,Dress,Clothing,98,Kentucky,M,Peach,Winter,4.1,No,2-Day Shipping,No,No,32,PayPal,Annually,1,2,-1.6724204713184496,1.1708478138475327
2143,47,Male,Hat,Accessories,39,North Dakota,M,Maroon,Winter,4.3,No,Next Day Air,No,No,21,Venmo,Quarterly,4,1,-0.16487216431843116,-0.13250137375169604
2144,53,Male,Sandals,Footwear,66,Arkansas,L,Red,Fall,3.8,No,Next Day Air,No,No,48,Venmo,Bi-Weekly,26,2,0.954209814129684,1.2155852195021504
2145,47,Male,Shoes,Footwear,23,Maryland,L,Orange,Winter,3.7,No,Free Shipping,No,No,25,PayPal,Quarterly,4,1,0.6376304786091679,-0.6806770192404614
2146,38,Male,Skirt,Clothing,73,Connecticut,S,White,Winter,4.8,No,Standard,No,No,32,PayPal,Annually,1,2,-1.169243228578474,1.2696921812001427
2147,48,Male,Sunglasses,Accessories,23,Utah,XL,White,Summer,4.6,No,Standard,No,No,45,PayPal,Every 3 Months,4,1,0.613547688023128,0.6970554426115346
2148,47,Male,Skirt,Clothing,43,Missouri,S,Charcoal,Fall,4.8,No,Standard,No,No,4,Cash,Fortnightly,26,3,-0.8734772759026732,-0.7554731229944782
2149,19,Male,T-shirt,Clothing,45,Nebraska,XL,Turquoise,Winter,4.6,No,2-Day Shipping,No,No,19,PayPal,Bi-Weekly,26,3,-1.5044650464529625,-0.7748880202462841
2150,38,Male,Sandals,Footwear,21,Hawaii,L,Orange,Winter,4.0,No,Standard,No,No,1,Bank Transfer,Weekly,52,0,-0.17447739087404174,-2.3752780304497167
2151,57,Male,Shirt,Clothing,40,Illinois,M,Orange,Spring,2.6,No,2-Day Shipping,No,No,12,Cash,Weekly,52,0,1.6035225829425708,-1.85035950122732
2152,70,Male,Jeans,Clothing,58,Vermont,L,Brown,Fall,2.6,No,2-Day Shipping,No,No,18,Venmo,Monthly,12,1,1.6636051310834383,-0.3881096548602377
2153,38,Male,Shorts,Clothing,48,New Jersey,L,Magenta,Summer,4.5,No,Next Day Air,No,No,43,Bank Transfer,Bi-Weekly,26,1,-0.00879863732294004,0.6573322025806717
2154,35,Male,Shirt,Clothing,94,Kentucky,M,Violet,Fall,4.2,No,Free Shipping,No,No,31,PayPal,Annually,1,2,-1.2470713999667153,1.3219727366033835
2155,46,Male,Scarf,Accessories,74,Wyoming,M,Violet,Spring,3.4,No,Store Pickup,No,No,33,Cash,Every 3 Months,4,2,0.19061086589182485,0.6748563825263976
2156,32,Male,Handbag,Accessories,51,Hawaii,L,Yellow,Fall,3.7,No,Store Pickup,No,No,46,PayPal,Monthly,12,1,0.21781869821843447,0.45483096090624375
2157,38,Male,Skirt,Clothing,83,Missouri,M,Maroon,Winter,3.6,No,Next Day Air,No,No,41,Debit Card,Bi-Weekly,26,2,-0.010344086272110746,0.8921568786683439
2158,41,Male,Handbag,Accessories,68,Mississippi,L,Turquoise,Winter,4.0,No,Next Day Air,No,No,41,Venmo,Fortnightly,26,2,0.08077347289242855,0.8264316701598861
2159,19,Male,Gloves,Accessories,84,Massachusetts,XL,Olive,Spring,4.6,No,Standard,No,No,9,Bank Transfer,Fortnightly,26,3,-2.435368058046026,-0.275915799773726
2160,18,Male,Shirt,Clothing,58,Louisiana,M,Peach,Fall,3.0,No,Free Shipping,No,No,34,Cash,Annually,1,1,-0.42621814400749325,-0.4390717074357608
2161,45,Male,Blouse,Clothing,92,West Virginia,L,Charcoal,Winter,3.3,No,Express,No,No,21,PayPal,Annually,1,2,-0.4469420508914768,0.552571926558332
2162,23,Male,Dress,Clothing,69,Washington,S,Peach,Summer,3.8,No,Express,No,No,5,Debit Card,Fortnightly,26,3,-1.5694803115157183,-1.168419368720101
2163,60,Male,Shorts,Clothing,48,Oregon,S,Black,Summer,2.7,No,Free Shipping,No,No,32,PayPal,Weekly,52,0,2.0948840494926975,-0.6933394632944803
2164,52,Male,Shoes,Footwear,60,New York,L,Gray,Spring,4.5,No,Express,No,No,44,Bank Transfer,Monthly,12,2,0.28005610750140886,1.4563991043173443
2165,42,Male,Sandals,Footwear,20,Iowa,S,Olive,Winter,4.8,No,Next Day Air,No,No,46,PayPal,Bi-Weekly,26,1,0.4953625844677262,0.37569037146659334
2166,29,Male,Pants,Clothing,55,Idaho,M,Turquoise,Summer,4.2,No,Express,No,No,42,Credit Card,Every 3 Months,4,2,-0.5110365738462685,0.7009299689401867
2167,31,Male,Jacket,Outerwear,88,New Jersey,S,Purple,Spring,3.5,No,Express,No,No,50,Credit Card,Bi-Weekly,26,2,-0.05784784391376161,1.1881370718407933
2168,30,Male,Skirt,Clothing,48,Ohio,L,Green,Winter,4.9,No,Standard,No,No,33,Venmo,Fortnightly,26,1,-0.9091053723619713,0.2909312697205231
2169,23,Male,Handbag,Accessories,74,Connecticut,M,Beige,Spring,4.1,No,Next Day Air,No,No,32,Cash,Quarterly,4,2,-1.289898966718566,0.5437010690043478
2170,31,Male,Coat,Outerwear,42,Florida,M,Brown,Fall,2.9,No,Next Day Air,No,No,32,Bank Transfer,Bi-Weekly,26,1,0.6151867731801957,-1.002804027017453
2171,40,Male,Sweater,Clothing,32,South Carolina,M,Turquoise,Fall,4.0,No,Next Day Air,No,No,37,Venmo,Every 3 Months,4,1,0.3269446357499196,0.06324548550744008
2172,39,Male,Shorts,Clothing,98,Missouri,M,Yellow,Summer,4.6,No,Store Pickup,No,No,9,Cash,Fortnightly,26,3,-1.8343283704822708,0.47662009745628786
2173,28,Male,Skirt,Clothing,89,Rhode Island,S,Lavender,Fall,2.8,No,Store Pickup,No,No,6,PayPal,Fortnightly,26,3,-0.9582500732930122,-1.1126001705447557
2174,23,Male,Gloves,Accessories,97,Delaware,S,Cyan,Summer,5.0,No,2-Day Shipping,No,No,36,Venmo,Quarterly,4,2,-2.192315608528143,1.766294258557219
2175,42,Male,Backpack,Accessories,49,Colorado,S,Olive,Spring,2.9,No,Store Pickup,No,No,1,Cash,Annually,1,3,-0.14668316730717518,-1.6023127419815202
2176,68,Male,Dress,Clothing,50,Nebraska,M,Silver,Spring,3.3,No,Free Shipping,No,No,48,Credit Card,Fortnightly,26,1,2.1969575028285346,0.8702420163354543
2177,24,Male,Belt,Accessories,91,Vermont,S,Red,Winter,3.4,No,2-Day Shipping,No,No,44,Debit Card,Quarterly,4,2,-0.6940735930061056,1.0802352482366933
2178,24,Male,Gloves,Accessories,93,Montana,XL,Green,Winter,3.0,No,Express,No,No,9,PayPal,Bi-Weekly,26,3,-1.2468576697800684,-0.8619408251663425
2179,21,Male,Jewelry,Accessories,98,Florida,M,Gold,Summer,4.7,No,Standard,No,No,32,Venmo,Annually,1,2,-2.220882643567575,1.446786115537691
2180,49,Male,Socks,Clothing,82,Delaware,L,Lavender,Fall,2.9,No,Next Day Air,No,No,14,PayPal,Monthly,12,3,0.0656853701391509,-0.2624423309801413
2181,41,Male,Coat,Outerwear,37,Connecticut,M,Yellow,Summer,4.1,No,Store Pickup,No,No,43,Cash,Quarterly,4,1,0.3860324363247441,0.5135528021492232
2182,22,Male,Handbag,Accessories,63,Hawaii,M,Black,Fall,3.2,No,Free Shipping,No,No,32,Bank Transfer,Bi-Weekly,26,2,-0.3193315467424874,-0.5258075225797506
2183,42,Male,Blouse,Clothing,99,New Mexico,M,Maroon,Winter,2.7,No,Store Pickup,No,No,26,Venmo,Bi-Weekly,26,2,0.09928955178140747,0.21037917923896648
2184,30,Male,Shorts,Clothing,37,Kansas,M,Maroon,Spring,4.7,No,Store Pickup,No,No,2,Cash,Monthly,12,3,-1.5923790667187954,-1.2189919905887994
2185,38,Male,Shoes,Footwear,34,Nevada,S,Gold,Spring,3.2,No,Free Shipping,No,No,16,PayPal,Every 3 Months,4,1,0.17718042405044476,-1.2740954876685868
2186,40,Male,Shorts,Clothing,32,North Carolina,M,Violet,Winter,2.5,No,Express,No,No,50,Debit Card,Every 3 Months,4,1,1.7559314591289115,-0.2333613367072694
2187,55,Male,Sandals,Footwear,23,New Mexico,XL,Teal,Winter,4.3,No,Next Day Air,No,No,6,PayPal,Every 3 Months,4,3,0.00624739568064411,-0.9786625140866876
2188,37,Male,Blouse,Clothing,78,Idaho,M,Violet,Spring,4.4,No,Free Shipping,No,No,20,PayPal,Annually,1,3,-1.3531108776232028,0.6320857226220732
2189,41,Male,Coat,Outerwear,54,California,M,Brown,Winter,4.7,No,Next Day Air,No,No,9,Credit Card,Weekly,52,0,-0.8625420739983451,-0.7962862313813448
2190,38,Male,Blouse,Clothing,94,Wisconsin,XL,Brown,Fall,4.0,No,Express,No,No,47,Credit Card,Bi-Weekly,26,2,-0.304067857077847,1.6329587428261245
2191,42,Male,Belt,Accessories,75,Alaska,S,Maroon,Spring,4.6,No,Express,No,No,33,Credit Card,Annually,1,2,-0.8661328191026869,1.3306261040198977
2192,26,Male,Blouse,Clothing,69,Pennsylvania,S,Maroon,Summer,3.8,No,Next Day Air,No,No,46,Cash,Bi-Weekly,26,2,-0.2769763720594324,0.6331445544222266
2193,41,Male,Scarf,Accessories,35,Virginia,L,Yellow,Winter,3.2,No,Next Day Air,No,No,9,Credit Card,Monthly,12,3,0.15702262802947822,-1.58566006002569
2194,27,Male,Shirt,Clothing,78,California,L,Turquoise,Spring,5.0,No,Express,No,No,8,PayPal,Monthly,12,3,-2.4374903841860043,0.11208290121482967
2195,61,Male,Socks,Clothing,29,Kentucky,M,Silver,Summer,3.5,No,Standard,No,No,48,Bank Transfer,Quarterly,4,1,1.9174568560523415,0.6183175666389057
2196,58,Male,Jeans,Clothing,62,New York,M,Brown,Fall,3.7,No,Next Day Air,No,No,2,Cash,Monthly,12,3,-0.13453071697895533,-0.6028468971538986
2197,25,Male,Dress,Clothing,58,Vermont,M,Gray,Spring,4.8,No,Next Day Air,No,No,31,PayPal,Weekly,52,0,-1.039292268370231,-0.049283866105003814
2198,33,Male,Boots,Footwear,88,Pennsylvania,M,Indigo,Summer,3.7,No,2-Day Shipping,No,No,40,Venmo,Monthly,12,2,-0.5243921082604003,1.0971304314491854
2199,57,Male,Scarf,Accessories,80,New York,L,Turquoise,Summer,3.5,No,Free Shipping,No,No,35,Venmo,Monthly,12,2,0.6065165412741674,1.088222740599486
2200,39,Male,Scarf,Accessories,47,North Carolina,M,Maroon,Summer,4.9,No,Store Pickup,No,No,40,Debit Card,Monthly,12,1,-0.4422572445057823,0.9314360488375446
2201,60,Male,Gloves,Accessories,51,Wyoming,L,Charcoal,Summer,4.7,No,Next Day Air,No,No,27,Debit Card,Every 3 Months,4,1,0.06627675866045851,0.9057555149603971
2202,39,Male,Pants,Clothing,25,Ohio,L,Peach,Spring,4.9,No,2-Day Shipping,No,No,10,Venmo,Annually,1,3,-1.029432419474141,-0.7214776258535416
2203,42,Male,Dress,Clothing,36,Alabama,M,Red,Summer,4.3,No,Next Day Air,No,No,23,Credit Card,Weekly,52,0,0.15834317970091036,-0.8336971493070217
2204,53,Male,Dress,Clothing,79,Rhode Island,M,Indigo,Winter,3.1,No,Free Shipping,No,No,32,Cash,Quarterly,4,2,0.5825982397997688,0.7286507638897552
2205,20,Male,Jeans,Clothing,41,Oregon,S,Lavender,Winter,3.4,No,2-Day Shipping,No,No,6,Debit Card,Monthly,12,3,-1.0436190875897977,-1.9000983804573246
2206,46,Male,Sweater,Clothing,68,North Dakota,XL,Red,Fall,2.7,No,Express,No,No,27,PayPal,Weekly,52,0,1.0380593256432273,-0.7268703232123559
2207,46,Male,Sandals,Footwear,51,Illinois,L,Green,Spring,2.6,No,Store Pickup,No,No,25,Bank Transfer,Fortnightly,26,1,1.1032361684546725,-0.9402579688155814
2208,69,Male,Handbag,Accessories,38,New Mexico,M,Gray,Fall,2.9,No,Next Day Air,No,No,11,Credit Card,Annually,1,1,1.4448590074968974,-0.8700023519748817
2209,28,Male,Scarf,Accessories,46,Colorado,XL,Violet,Summer,2.7,No,2-Day Shipping,No,No,23,PayPal,Monthly,12,1,0.18494613542363456,-1.2881315619397025
2210,42,Male,Sandals,Footwear,20,Utah,XL,Beige,Summer,4.5,No,2-Day Shipping,No,No,44,Bank Transfer,Quarterly,4,1,0.4554635180570272,0.4007740557629959
2211,30,Male,Sunglasses,Accessories,25,Virginia,M,Orange,Summer,3.1,No,Store Pickup,No,No,35,PayPal,Fortnightly,26,1,0.7994447986740095,-1.1859452143019507
2212,50,Male,Sweater,Clothing,89,Maine,L,Purple,Winter,3.2,No,Free Shipping,No,No,45,Debit Card,Every 3 Months,4,2,0.5915903245481822,1.509841350883931
2213,59,Male,Pants,Clothing,77,Nebraska,M,Brown,Winter,3.3,No,Next Day Air,No,No,22,Bank Transfer,Quarterly,4,2,0.43968747702403016,0.4967278999667562
2214,54,Male,Hat,Accessories,94,Hawaii,M,Maroon,Fall,2.9,No,Express,No,No,18,Debit Card,Quarterly,4,2,0.11822846567476192,0.39806515194476677
2215,50,Male,Belt,Accessories,100,Idaho,L,Gold,Fall,4.1,No,Standard,No,No,20,Debit Card,Weekly,52,0,-0.5130434684975168,0.6091634901515341
2216,25,Male,Sandals,Footwear,96,West Virginia,M,Indigo,Winter,2.7,No,Express,No,No,28,Credit Card,Fortnightly,26,2,-0.5020911331314803,-0.133851239923923
2217,41,Male,Pants,Clothing,36,Vermont,XL,Silver,Winter,4.0,No,Store Pickup,No,No,15,Venmo,Bi-Weekly,26,3,-0.12946743845744302,-1.0332636891138383
2218,35,Male,Jewelry,Accessories,27,Indiana,XL,Red,Fall,2.6,No,Store Pickup,No,No,42,Bank Transfer,Fortnightly,26,1,1.526823553409077,-1.0191134584213841
2219,67,Male,Sunglasses,Accessories,67,Idaho,M,Magenta,Winter,3.5,No,Store Pickup,No,No,20,Debit Card,Quarterly,4,3,0.7404311970042474,0.4567961738905995
2220,33,Male,Blouse,Clothing,91,Minnesota,S,Purple,Fall,2.8,No,Store Pickup,No,No,16,Bank Transfer,Fortnightly,26,3,-0.49836906975431333,-0.53596939520427
2221,19,Male,Belt,Accessories,62,Wyoming,XL,Beige,Fall,4.5,No,Store Pickup,No,No,47,Cash,Annually,1,2,-1.13942430127362,1.075647644455267
2222,25,Male,Shorts,Clothing,88,Kansas,XL,White,Fall,3.0,No,Free Shipping,No,No,34,Credit Card,Annually,1,2,-0.6316989584702358,0.4183284549891191
2223,32,Male,Pants,Clothing,66,Georgia,M,Teal,Summer,4.4,No,Store Pickup,No,No,30,Credit Card,Weekly,52,0,-0.6264217103516412,0.018987966800405803
2224,30,Male,Sandals,Footwear,65,Kansas,M,Gray,Fall,4.7,No,Next Day Air,No,No,5,PayPal,Quarterly,4,3,-2.0416394770906763,-0.3275341469778344
2225,18,Male,Gloves,Accessories,25,Nebraska,L,Charcoal,Winter,4.3,No,Standard,No,No,38,Cash,Quarterly,4,1,-0.6566464079517759,-0.3537911739038387
2226,38,Male,Belt,Accessories,64,Washington,S,Olive,Spring,4.8,No,Free Shipping,No,No,18,Credit Card,Annually,1,3,-1.4188132916215277,0.46310582938832767
2227,22,Male,Shirt,Clothing,72,Missouri,L,Blue,Spring,4.8,No,Store Pickup,No,No,28,Cash,Annually,1,2,-1.9329715853545797,0.739456812508357
2228,40,Male,Scarf,Accessories,74,Washington,S,Gray,Summer,4.4,No,Next Day Air,No,No,42,Credit Card,Fortnightly,26,2,-0.3141468565494082,1.2158458440435955
2229,54,Male,Gloves,Accessories,50,Kansas,M,Green,Fall,3.7,No,Free Shipping,No,No,5,Credit Card,Weekly,52,0,0.33711767372838247,-1.3519593362356357
2230,70,Male,Pants,Clothing,97,Minnesota,M,Silver,Fall,3.9,No,Express,No,No,50,Venmo,Monthly,12,2,1.0111206975986367,2.6264048378828675
2231,52,Male,Sneakers,Footwear,36,Colorado,S,Teal,Spring,3.8,No,Express,No,No,33,Venmo,Fortnightly,26,1,0.9824314043405052,-0.15144404700215153
2232,34,Male,Jacket,Outerwear,49,Utah,M,Beige,Fall,4.1,No,Store Pickup,No,No,1,Credit Card,Weekly,52,0,-0.875550625354806,-1.740357250054111
2233,65,Male,Shoes,Footwear,64,North Carolina,L,Lavender,Spring,4.0,No,Store Pickup,No,No,14,Cash,Fortnightly,26,3,0.37774700309707093,0.09243724579584599
2234,38,Male,Blouse,Clothing,31,Florida,XL,Gray,Summer,4.5,No,Express,No,No,48,Credit Card,Monthly,12,1,0.2913325961187549,0.6448380620027798
2235,35,Male,Boots,Footwear,66,New Hampshire,S,Yellow,Winter,4.0,No,Express,No,No,26,Cash,Weekly,52,0,-0.3330389368950373,-0.31350841929025064
2236,40,Male,Socks,Clothing,82,Illinois,M,Gray,Spring,4.5,No,2-Day Shipping,No,No,44,Credit Card,Annually,1,2,-0.6815714167655975,1.86404062301827
2237,23,Male,T-shirt,Clothing,88,Louisiana,M,Yellow,Winter,2.7,No,Standard,No,No,18,Debit Card,Fortnightly,26,3,-0.7376192866674299,-0.7892949393251032
2238,45,Male,Sandals,Footwear,34,Alabama,S,Black,Summer,3.8,No,Next Day Air,No,No,31,Venmo,Every 3 Months,4,1,0.4723654291812434,-0.15155677853798374
2239,40,Male,Sneakers,Footwear,84,Florida,L,Beige,Winter,3.8,No,Standard,No,No,18,Debit Card,Weekly,52,0,-0.5096523944636993,-0.2344563465386181
2240,42,Male,Jewelry,Accessories,96,Alabama,L,Indigo,Summer,3.8,No,2-Day Shipping,No,No,41,Credit Card,Every 3 Months,4,2,-0.39499863175654476,1.6765387795308548
2241,57,Male,Sandals,Footwear,71,California,L,Green,Winter,4.3,No,Next Day Air,No,No,18,Debit Card,Every 3 Months,4,3,-0.36397121516840714,0.7082139206323765
2242,18,Male,Jacket,Outerwear,77,Maryland,M,Purple,Summer,3.5,No,Free Shipping,No,No,3,Bank Transfer,Bi-Weekly,26,3,-1.7554634372943945,-1.3387554993463875
2243,18,Male,Skirt,Clothing,66,Nevada,M,Orange,Spring,3.8,No,Next Day Air,No,No,5,Credit Card,Bi-Weekly,26,3,-1.7280239924725942,-1.3447204227408638
2244,56,Male,Shirt,Clothing,21,Massachusetts,M,Teal,Winter,3.7,No,2-Day Shipping,No,No,13,Debit Card,Annually,1,1,0.6773346566620915,-1.0091511518991174
2245,35,Male,Shorts,Clothing,37,South Carolina,M,Gold,Summer,4.8,No,2-Day Shipping,No,No,22,PayPal,Annually,1,1,-0.9825301214924304,-0.06945576071857178
2246,49,Male,Socks,Clothing,90,Delaware,L,Gray,Fall,4.9,No,Free Shipping,No,No,45,PayPal,Fortnightly,26,2,-0.47188167422127253,2.1938446708197876
2247,49,Male,Jacket,Outerwear,96,Hawaii,M,Cyan,Fall,4.3,No,Store Pickup,No,No,39,PayPal,Every 3 Months,4,2,-0.5133365556843866,2.02176496326462
2248,34,Male,Jewelry,Accessories,37,Florida,L,Teal,Summer,4.4,No,Next Day Air,No,No,18,Venmo,Annually,1,3,-0.8557443363178273,-0.48619497264948336
2249,63,Male,T-shirt,Clothing,66,Rhode Island,M,Violet,Winter,3.4,No,Free Shipping,No,No,19,PayPal,Fortnightly,26,3,0.827212805954919,-0.029475126101067662
2250,42,Male,Gloves,Accessories,45,Wyoming,XL,Indigo,Spring,4.3,No,Next Day Air,No,No,29,Debit Card,Weekly,52,0,0.1800973991840061,-0.36630724700976974
2251,41,Male,Shoes,Footwear,89,Colorado,L,Pink,Summer,4.6,No,Store Pickup,No,No,19,Credit Card,Weekly,52,0,-1.0870496656577433,0.39949368040530453
2252,26,Male,Shoes,Footwear,94,Virginia,L,Gold,Fall,3.8,No,Free Shipping,No,No,22,Debit Card,Monthly,12,2,-1.4985133330613258,0.3850285884402486
2253,48,Male,Shoes,Footwear,96,Nebraska,S,Maroon,Summer,3.9,No,Express,No,No,21,Bank Transfer,Annually,1,2,-0.8117788132450994,1.0495378293027982
2254,62,Male,Hoodie,Clothing,31,Oklahoma,M,Brown,Spring,2.6,No,Store Pickup,No,No,22,PayPal,Monthly,12,1,1.891642065860035,-1.0259747772674566
2255,24,Male,Belt,Accessories,79,North Dakota,M,Gold,Winter,4.2,No,Store Pickup,No,No,44,PayPal,Every 3 Months,4,2,-1.0599492834737736,1.2484057227820535
2256,48,Male,Coat,Outerwear,39,Michigan,L,Teal,Spring,4.6,No,Store Pickup,No,No,42,Bank Transfer,Quarterly,4,1,0.26303645657814717,0.9485102232192706
2257,31,Male,Blouse,Clothing,22,California,M,Turquoise,Fall,5.0,No,Standard,No,No,33,Credit Card,Quarterly,4,1,-0.701988713408519,0.03264319865868877
2258,41,Male,Skirt,Clothing,32,Tennessee,L,Olive,Fall,4.2,No,Standard,No,No,6,Bank Transfer,Annually,1,3,-0.6819143044923488,-1.078934044925069
2259,24,Male,T-shirt,Clothing,71,Ohio,L,Cyan,Winter,4.3,No,Store Pickup,No,No,44,Credit Card,Every 3 Months,4,2,-0.9979948769250461,1.1155990683725965
2260,60,Male,Jeans,Clothing,96,Florida,XL,Beige,Spring,3.3,No,Free Shipping,No,No,24,Cash,Annually,1,2,0.1969575239735098,1.0903445543211765
2261,38,Male,Scarf,Accessories,82,Missouri,M,Blue,Fall,4.9,No,Express,No,No,16,PayPal,Quarterly,4,3,-1.8180180008861448,0.8227060528911628
2262,58,Male,Backpack,Accessories,76,South Carolina,L,Gold,Spring,4.4,No,Standard,No,No,12,Bank Transfer,Fortnightly,26,3,-0.4519048588939992,0.3702835557920972
2263,53,Male,Backpack,Accessories,22,Arizona,M,Green,Winter,3.1,No,2-Day Shipping,No,No,50,PayPal,Monthly,12,1,2.1103332653409073,0.04127422362356707
2264,44,Male,Scarf,Accessories,40,Indiana,XL,Green,Winter,3.5,No,Store Pickup,No,No,42,Cash,Quarterly,4,1,0.8563150737332489,0.2662124659901882
2265,51,Male,Hat,Accessories,92,North Dakota,M,Turquoise,Summer,3.9,No,2-Day Shipping,No,No,50,PayPal,Monthly,12,2,0.3026225939185088,2.107922212274247
2266,36,Male,Coat,Outerwear,94,Montana,XL,Yellow,Fall,3.9,No,Store Pickup,No,No,10,PayPal,Quarterly,4,3,-1.5651312102169042,0.24497668793296898
2267,20,Male,Dress,Clothing,44,Missouri,M,Yellow,Fall,4.3,No,Store Pickup,No,No,32,Debit Card,Weekly,52,0,-0.6341875769001368,-0.7261099611366963
2268,32,Male,Gloves,Accessories,49,Kentucky,S,Blue,Spring,3.8,No,Express,No,No,37,Venmo,Weekly,52,0,0.27807939204281745,-0.4256548506938798
2269,66,Male,Sweater,Clothing,26,Georgia,L,Charcoal,Spring,2.7,No,2-Day Shipping,No,No,15,Bank Transfer,Monthly,12,1,1.8711520431801754,-1.3003379774414572
2270,49,Male,Skirt,Clothing,38,Kentucky,M,Yellow,Fall,4.4,No,Store Pickup,No,No,27,Credit Card,Annually,1,1,0.008719675612752073,0.23497747052884016
2271,27,Male,Blouse,Clothing,72,Georgia,L,Purple,Spring,3.5,No,Express,No,No,7,Venmo,Weekly,52,0,-0.9537719581738338,-1.428190946018921
2272,29,Male,Dress,Clothing,99,Alaska,M,Green,Summer,3.4,No,Free Shipping,No,No,49,PayPal,Quarterly,4,2,-0.4759826004836296,1.5868632860714635
2273,29,Male,Jacket,Outerwear,38,Maine,L,Charcoal,Spring,4.0,No,Standard,No,No,44,PayPal,Monthly,12,1,0.039537516312504746,0.16875401222733194
2274,55,Male,Coat,Outerwear,96,New Mexico,L,Silver,Winter,4.8,No,Express,No,No,13,PayPal,Bi-Weekly,26,3,-1.1620689363230823,1.0488980847844134
2275,57,Male,Dress,Clothing,27,New York,L,Turquoise,Spring,4.5,No,Next Day Air,No,No,38,PayPal,Fortnightly,26,1,0.9880700355609578,0.3485051923321819
2276,29,Male,Shorts,Clothing,24,Oklahoma,M,Gray,Winter,4.4,No,Standard,No,No,10,Debit Card,Weekly,52,0,-0.6250732989242967,-1.8861505804523988
2277,31,Male,Jeans,Clothing,82,Wyoming,L,Red,Summer,4.1,No,2-Day Shipping,No,No,25,Debit Card,Weekly,52,0,-0.8637789342382991,-0.004977281965738117
2278,25,Male,Hat,Accessories,56,Alabama,M,Beige,Summer,4.6,No,Next Day Air,No,No,18,Credit Card,Quarterly,4,3,-1.6599915649651003,-0.1511560841567108
2279,61,Male,Gloves,Accessories,25,Maryland,M,Maroon,Fall,3.8,No,Store Pickup,No,No,6,Cash,Every 3 Months,4,3,0.5759365343712486,-1.0875669450713
2280,53,Male,Sneakers,Footwear,67,West Virginia,L,Indigo,Spring,2.9,No,Free Shipping,No,No,35,Bank Transfer,Quarterly,4,2,1.0080108757297916,0.4588192052191603
2281,22,Male,Shoes,Footwear,21,Kentucky,M,Red,Summer,2.8,No,Standard,No,No,31,Credit Card,Fortnightly,26,1,0.6303701883763408,-1.7882526635688427
2282,28,Male,Hoodie,Clothing,27,Kansas,XL,Maroon,Summer,3.0,No,Store Pickup,No,No,41,Bank Transfer,Annually,1,1,0.7032062519005886,-0.6653088072877922
2283,18,Male,Sneakers,Footwear,97,Idaho,S,Red,Fall,4.2,No,2-Day Shipping,No,No,8,Credit Card,Annually,1,3,-2.659781704795721,0.059748456148370974
2284,44,Male,Handbag,Accessories,45,Ohio,S,Black,Winter,4.1,No,Free Shipping,No,No,34,Credit Card,Fortnightly,26,1,0.3168495295158146,0.10502263320316184
2285,32,Male,Blouse,Clothing,63,Iowa,XL,Black,Fall,4.1,No,Express,No,No,20,Venmo,Annually,1,3,-1.1010871254787695,0.002234371184362108
2286,34,Male,Belt,Accessories,100,Michigan,L,Pink,Summer,4.6,No,2-Day Shipping,No,No,38,PayPal,Every 3 Months,4,2,-1.4445795302331936,1.9276783830034394
2287,67,Male,Socks,Clothing,38,South Dakota,L,Blue,Spring,2.5,No,Store Pickup,No,No,35,Venmo,Quarterly,4,1,2.3539013145662433,-0.15872056168446227
2288,66,Male,Blouse,Clothing,45,Nebraska,L,Green,Summer,3.0,No,Store Pickup,No,No,6,Debit Card,Annually,1,3,0.9909679986310294,-0.9230012981089165
2289,28,Male,Jewelry,Accessories,91,California,M,Orange,Fall,3.8,No,Next Day Air,No,No,50,PayPal,Weekly,52,0,-0.21415261199299107,1.0352618580132344
2290,70,Male,Shorts,Clothing,82,Nevada,M,Orange,Fall,4.1,No,Free Shipping,No,No,47,Venmo,Weekly,52,0,1.3870352713010896,1.749180506141804
2291,37,Male,Boots,Footwear,48,Kansas,L,Magenta,Winter,3.3,No,Standard,No,No,23,PayPal,Quarterly,4,1,0.032339047742390936,-0.6105174625962814
2292,28,Male,Coat,Outerwear,30,Ohio,M,Indigo,Spring,5.0,No,2-Day Shipping,No,No,13,Credit Card,Quarterly,4,3,-1.5290162085749126,-0.6892033199200621
2293,43,Male,T-shirt,Clothing,34,Vermont,S,Beige,Spring,3.8,No,Next Day Air,No,No,31,Debit Card,Monthly,12,1,0.45986777905461457,-0.2952938304436455
2294,37,Male,Sweater,Clothing,68,Georgia,L,Green,Fall,3.3,No,Express,No,No,16,Debit Card,Every 3 Months,4,3,-0.4983501780100678,-0.4339975444519025
2295,54,Male,Sunglasses,Accessories,95,Maryland,M,Red,Winter,5.0,No,Express,No,No,40,Debit Card,Annually,1,2,-0.7806963078043003,2.5795485670490956
2296,50,Male,Hat,Accessories,22,Connecticut,L,Beige,Spring,2.9,No,2-Day Shipping,No,No,45,PayPal,Quarterly,4,1,1.9133712549026036,-0.24533017807447602
2297,46,Male,Gloves,Accessories,88,Washington,M,Green,Fall,2.5,No,Next Day Air,No,No,50,Venmo,Every 3 Months,4,2,1.078045926166925,1.2182899741680546
2298,60,Male,Socks,Clothing,83,California,M,Orange,Summer,4.7,No,Standard,No,No,1,Bank Transfer,Quarterly,4,3,-1.2042853131293978,0.5606739523894615
2299,40,Male,Handbag,Accessories,87,Montana,L,Cyan,Spring,2.9,No,2-Day Shipping,No,No,10,Cash,Every 3 Months,4,3,-0.5767042099490741,-0.401642072025059
2300,64,Male,Coat,Outerwear,57,Idaho,M,Violet,Summer,3.7,No,Store Pickup,No,No,48,Credit Card,Every 3 Months,4,2,1.4373426125588071,1.457183362433351
2301,18,Male,Coat,Outerwear,88,Pennsylvania,XL,Lavender,Summer,4.4,No,2-Day Shipping,No,No,38,Credit Card,Monthly,12,2,-1.7001849447517856,1.092061213418327
2302,37,Male,Pants,Clothing,20,Maine,L,Turquoise,Winter,2.9,No,Next Day Air,No,No,21,Debit Card,Annually,1,1,0.6950682320645881,-1.5459345271263834
2303,36,Male,Belt,Accessories,39,Montana,L,Pink,Summer,3.6,No,Store Pickup,No,No,38,Venmo,Monthly,12,1,0.4259957990292445,-0.14063281982822817
2304,51,Male,Sunglasses,Accessories,71,New Jersey,S,Beige,Spring,4.8,No,2-Day Shipping,No,No,31,Credit Card,Fortnightly,26,2,-0.40189232329830754,1.1362012560148977
2305,26,Male,Hoodie,Clothing,73,Louisiana,L,Silver,Winter,4.7,No,Free Shipping,No,No,9,Debit Card,Fortnightly,26,3,-2.032166367608174,-0.3322950306831783
2306,68,Male,Handbag,Accessories,63,Maine,M,Gold,Summer,2.6,No,Free Shipping,No,No,47,Cash,Weekly,52,0,2.6773056992597692,0.4096070696496614
2307,27,Male,Gloves,Accessories,78,Florida,L,Silver,Winter,3.4,No,Standard,No,No,8,Cash,Bi-Weekly,26,3,-1.1842170910605239,-0.9700655898641207
2308,28,Male,Skirt,Clothing,96,Missouri,L,Green,Fall,3.5,No,Next Day Air,No,No,30,Debit Card,Annually,1,2,-1.106127976625066,0.783839425091836
2309,49,Male,Sunglasses,Accessories,81,North Dakota,M,Teal,Winter,3.4,No,2-Day Shipping,No,No,22,Bank Transfer,Quarterly,4,2,-0.1136608047147407,0.43730426783843274
2310,70,Male,Dress,Clothing,95,Connecticut,S,Gold,Fall,5.0,No,2-Day Shipping,No,No,3,Bank Transfer,Quarterly,4,3,-1.141406314635716,1.309630426785689
2311,30,Male,Gloves,Accessories,68,Virginia,M,Cyan,Spring,4.6,No,Standard,No,No,15,PayPal,Monthly,12,3,-1.66518564451571,0.009323227471886747
2312,27,Male,Sneakers,Footwear,28,Montana,L,Gold,Spring,4.8,No,2-Day Shipping,No,No,10,Bank Transfer,Every 3 Months,4,3,-1.4817898837041061,-0.9978345164518327
2313,19,Male,T-shirt,Clothing,30,Vermont,L,Violet,Summer,3.7,No,Free Shipping,No,No,19,Cash,Every 3 Months,4,1,-0.8153829489579267,-1.3591132532438062
2314,64,Male,Dress,Clothing,31,Georgia,M,Black,Summer,4.7,No,Next Day Air,No,No,36,Bank Transfer,Fortnightly,26,1,1.0152192546244285,0.6188345278246966
2315,42,Male,Handbag,Accessories,95,Virginia,XL,Brown,Winter,4.4,No,Express,No,No,12,Bank Transfer,Every 3 Months,4,3,-1.6277779775671422,0.7624062305374327
2316,69,Male,Socks,Clothing,79,Vermont,M,Indigo,Winter,3.5,No,2-Day Shipping,No,No,49,Debit Card,Quarterly,4,2,1.4507519064675989,2.012494803182791
2317,28,Male,Sneakers,Footwear,39,Montana,L,Yellow,Winter,3.8,No,Standard,No,No,7,Debit Card,Annually,1,3,-1.0285072088618958,-1.3707430694157792
2318,47,Male,Jacket,Outerwear,34,New Jersey,M,Purple,Summer,4.7,No,Next Day Air,No,No,28,Bank Transfer,Monthly,12,1,-0.09423782055480541,0.17043095843417405
2319,69,Male,Hoodie,Clothing,28,Wyoming,L,White,Spring,3.1,No,Store Pickup,No,No,30,Credit Card,Annually,1,1,2.010425340258004,-0.1880290497558219
2320,56,Male,Sandals,Footwear,38,Maine,XL,Turquoise,Winter,5.0,No,Free Shipping,No,No,29,PayPal,Monthly,12,1,0.0310550954783793,0.666600445593169
2321,28,Male,Shoes,Footwear,55,New Mexico,M,Olive,Spring,3.7,No,Free Shipping,No,No,9,Debit Card,Every 3 Months,4,3,-1.1394974830702427,-1.0019164426594078
2322,50,Male,Sandals,Footwear,31,Colorado,M,Beige,Winter,3.0,No,Next Day Air,No,No,27,Debit Card,Fortnightly,26,1,1.3757945262390752,-1.0184525613527398
2323,39,Male,Coat,Outerwear,84,Connecticut,S,Lavender,Spring,4.5,No,Store Pickup,No,No,21,Venmo,Fortnightly,26,2,-1.1900736127898164,0.5975729335210058
2324,35,Male,Gloves,Accessories,93,Maryland,L,White,Winter,4.7,No,Express,No,No,36,Credit Card,Monthly,12,2,-1.3436965116214596,1.6531835242633532
2325,59,Male,Coat,Outerwear,28,Oregon,L,Brown,Winter,3.5,No,Free Shipping,No,No,19,Debit Card,Annually,1,1,0.9983431306329786,-0.638950951725419
2326,44,Male,Boots,Footwear,55,New York,M,Charcoal,Summer,4.4,No,2-Day Shipping,No,No,47,Cash,Weekly,52,0,0.5397206215098935,0.7321846532313279
2327,66,Male,Skirt,Clothing,63,Oklahoma,L,Maroon,Winter,2.6,No,Standard,No,No,38,Bank Transfer,Annually,1,1,1.8863590005221988,0.6336893495584288
2328,20,Male,Skirt,Clothing,94,Alabama,M,Red,Winter,4.2,No,2-Day Shipping,No,No,22,Venmo,Bi-Weekly,26,2,-1.9068502924842594,0.3069172621687475
2329,45,Male,Pants,Clothing,36,North Dakota,M,Maroon,Fall,2.6,No,Express,No,No,29,Venmo,Bi-Weekly,26,1,1.4240076151422731,-1.14670805912058
2330,49,Male,Hat,Accessories,97,Nebraska,S,Teal,Spring,4.8,No,Free Shipping,No,No,42,Bank Transfer,Annually,1,2,-0.8239521415180198,2.4933356879175954
2331,60,Male,Backpack,Accessories,63,Arizona,L,Orange,Summer,2.9,No,Store Pickup,No,No,47,PayPal,Every 3 Months,4,2,1.7075494430907285,1.0203754624175283
2332,61,Male,Scarf,Accessories,77,Illinois,S,Olive,Spring,4.3,No,2-Day Shipping,No,No,10,Credit Card,Bi-Weekly,26,3,-0.3298928581980922,0.3158123331887374
2333,36,Male,Scarf,Accessories,53,South Carolina,XL,Olive,Fall,2.6,No,Store Pickup,No,No,10,Venmo,Monthly,12,3,0.1025524777858506,-1.56169932688438
2334,33,Male,Shirt,Clothing,77,Kansas,M,Beige,Spring,3.8,No,Next Day Air,No,No,1,PayPal,Every 3 Months,4,3,-1.5941382286852157,-0.6586407970786762
2335,49,Male,Boots,Footwear,79,Kansas,L,Green,Summer,4.2,No,Standard,No,No,7,Credit Card,Monthly,12,3,-1.0015655391617067,0.10452416629326412
2336,31,Male,Coat,Outerwear,37,Idaho,M,Black,Summer,3.9,No,Store Pickup,No,No,10,Venmo,Fortnightly,26,3,-0.6343265910130218,-1.4887227642659904
2337,19,Male,Belt,Accessories,94,California,M,Green,Winter,3.1,No,Free Shipping,No,No,11,Credit Card,Weekly,52,0,-1.2552004578340181,-1.132510161039134
2338,39,Male,Boots,Footwear,76,North Dakota,S,Violet,Fall,3.6,No,Store Pickup,No,No,5,Cash,Annually,1,3,-1.0991461458432095,-0.4612784498716999
2339,66,Male,Sneakers,Footwear,68,Georgia,S,Silver,Fall,4.0,No,Express,No,No,21,PayPal,Quarterly,4,2,0.35776271971551415,0.7844012150852951
2340,25,Male,Shirt,Clothing,65,Illinois,L,Maroon,Spring,3.4,No,Next Day Air,No,No,24,Bank Transfer,Quarterly,4,3,-0.7912084834067571,-0.3620070240001582
2341,63,Male,Blouse,Clothing,24,Delaware,M,Cyan,Summer,2.6,No,Standard,No,No,37,Credit Card,Fortnightly,26,1,2.60032012355373,-0.7124089802066389
2342,56,Male,Jacket,Outerwear,31,Connecticut,L,Teal,Summer,4.5,No,Express,No,No,22,Venmo,Every 3 Months,4,1,0.2298167078035211,0.023157956347134565
2343,20,Male,Skirt,Clothing,89,Tennessee,M,Olive,Fall,4.9,No,Standard,No,No,16,Debit Card,Fortnightly,26,3,-2.4889747540387486,0.3298312134141613
2344,58,Male,Socks,Clothing,49,Maryland,M,Red,Summer,4.4,No,2-Day Shipping,No,No,44,PayPal,Monthly,12,1,0.7827800278813023,1.265919026591045
2345,34,Male,Sandals,Footwear,92,Rhode Island,XL,Lavender,Fall,3.5,No,Express,No,No,14,Venmo,Bi-Weekly,26,3,-1.024341471249572,-0.18040146930062417
2346,28,Male,T-shirt,Clothing,32,New York,S,Orange,Winter,3.3,No,Express,No,No,23,Bank Transfer,Every 3 Months,4,1,-0.07742388578211366,-1.178717269912554
2347,22,Male,Jacket,Outerwear,67,New Mexico,L,Brown,Winter,3.1,No,Standard,No,No,46,Debit Card,Fortnightly,26,2,0.08366184546621115,0.10592955618626741
2348,37,Male,Belt,Accessories,64,California,S,Gray,Fall,4.2,No,Express,No,No,46,Cash,Every 3 Months,4,2,-0.21304233868916167,1.2520064105393094
2349,54,Male,Shoes,Footwear,84,Maine,M,Orange,Spring,4.9,No,Next Day Air,No,No,16,PayPal,Every 3 Months,4,3,-1.1847650840218928,1.207009037399148
2350,65,Male,Blouse,Clothing,34,New York,M,Orange,Fall,3.9,No,Standard,No,No,40,Credit Card,Every 3 Months,4,1,1.4910574560899277,0.7077734265455702
2351,57,Male,Shoes,Footwear,26,Hawaii,M,Turquoise,Winter,4.2,No,Free Shipping,No,No,21,Cash,Annually,1,1,0.5110334641018227,-0.24796444216512686
2352,38,Male,Sweater,Clothing,50,New Hampshire,S,Cyan,Fall,4.9,No,Store Pickup,No,No,25,PayPal,Bi-Weekly,26,3,-0.8368622756216783,0.16755215303343363
2353,70,Male,Boots,Footwear,46,Nebraska,M,Yellow,Fall,2.8,No,Store Pickup,No,No,25,Bank Transfer,Quarterly,4,1,1.8497818907539862,-0.16064706907445084
2354,56,Male,Handbag,Accessories,71,Montana,M,White,Fall,4.1,No,Standard,No,No,25,Debit Card,Every 3 Months,4,2,-0.06511012211140244,0.870909967140772
2355,56,Male,Blouse,Clothing,78,Wisconsin,M,Blue,Summer,4.8,No,Next Day Air,No,No,27,Venmo,Monthly,12,2,-0.5474281136740594,1.4153948157969878
2356,22,Male,Skirt,Clothing,35,Tennessee,S,Purple,Winter,4.1,No,Next Day Air,No,No,12,Cash,Monthly,12,3,-1.1841537715314747,-1.3499341825934195
2357,57,Male,Backpack,Accessories,58,Montana,M,Gray,Summer,3.0,No,Free Shipping,No,No,27,Debit Card,Quarterly,4,1,1.025313945132436,0.04739308656191493
2358,53,Male,Shirt,Clothing,67,Michigan,L,Cyan,Fall,4.2,No,2-Day Shipping,No,No,40,Credit Card,Bi-Weekly,26,2,0.4274834984127682,1.1261348912746352
2359,53,Male,Sweater,Clothing,93,Texas,L,Pink,Spring,3.8,No,Standard,No,No,38,Credit Card,Quarterly,4,2,0.027414699079596396,1.7100103603031538
2360,19,Male,Scarf,Accessories,81,Pennsylvania,S,Gold,Spring,3.3,No,2-Day Shipping,No,No,44,Bank Transfer,Every 3 Months,4,2,-0.6660589085335878,0.6817532400231712
2361,49,Male,Handbag,Accessories,80,New York,L,Silver,Fall,4.7,No,2-Day Shipping,No,No,27,Venmo,Every 3 Months,4,2,-0.8723229849394106,1.360397120530645
2362,44,Male,Scarf,Accessories,64,Alabama,M,Gray,Spring,4.3,No,2-Day Shipping,No,No,30,Credit Card,Every 3 Months,4,2,-0.4477150348218476,0.7775585269090224
2363,27,Male,Jeans,Clothing,41,Virginia,M,Brown,Fall,2.7,No,Standard,No,No,24,Credit Card,Monthly,12,1,0.2546114594575032,-1.3851219150778513
2364,60,Male,Socks,Clothing,79,Pennsylvania,XL,Pink,Winter,4.2,No,Express,No,No,38,Cash,Bi-Weekly,26,2,0.46326404943378213,1.4727508109982148
2365,62,Male,Sunglasses,Accessories,60,Mississippi,L,Maroon,Winter,4.2,No,Free Shipping,No,No,4,PayPal,Quarterly,4,3,-0.3015742680889406,-0.09692065020447226
2366,52,Male,Sneakers,Footwear,91,Wyoming,S,Peach,Winter,2.5,No,Next Day Air,No,No,32,Venmo,Monthly,12,2,0.8364540501987667,0.5508440842555806
2367,30,Male,Shoes,Footwear,66,New Mexico,L,Brown,Winter,3.6,No,Express,No,No,32,Credit Card,Fortnightly,26,2,-0.3181830785991935,-0.06024406846522934
2368,66,Male,Socks,Clothing,85,North Dakota,L,Green,Winter,3.4,No,Standard,No,No,28,Bank Transfer,Bi-Weekly,26,2,0.8936705266657516,0.8649539698791481
2369,29,Male,Sunglasses,Accessories,38,New Jersey,M,Lavender,Summer,3.3,No,Standard,No,No,6,Debit Card,Every 3 Months,4,3,-0.6192884150677733,-1.7364539752300503
2370,24,Male,Sweater,Clothing,23,Vermont,M,Cyan,Winter,4.6,No,Standard,No,No,24,PayPal,Monthly,12,1,-0.9132499869993931,-0.8004078313912617
2371,51,Male,Shoes,Footwear,71,Alaska,M,Black,Spring,3.9,No,Store Pickup,No,No,38,Venmo,Weekly,52,0,0.6628209294197984,0.5940666910316308
2372,67,Male,Socks,Clothing,25,Indiana,M,Charcoal,Winter,3.7,No,Next Day Air,No,No,28,Debit Card,Annually,1,1,1.496361008585015,-0.04682667570468406
2373,50,Male,Boots,Footwear,39,Alabama,XL,Silver,Spring,3.1,No,Express,No,No,9,PayPal,Fortnightly,26,3,0.6600829946679005,-1.5357977779942666
2374,37,Male,Hoodie,Clothing,20,Michigan,M,Gray,Spring,4.9,No,Express,No,No,21,Debit Card,Every 3 Months,4,1,-0.6900962215554358,-0.4536389881781257
2375,69,Male,Gloves,Accessories,73,Washington,L,Peach,Winter,4.7,No,Standard,No,No,31,Debit Card,Monthly,12,2,0.26134334918806507,1.683932951489304
2376,60,Male,Backpack,Accessories,63,Virginia,L,Peach,Fall,2.9,No,Next Day Air,No,No,18,Credit Card,Quarterly,4,3,0.8817170101858801,-0.20921166707276292
2377,21,Male,Gloves,Accessories,94,Tennessee,XL,Cyan,Spring,4.1,No,Express,No,No,5,Cash,Weekly,52,0,-2.0486212314256926,-0.7795853834710122
2378,44,Male,Blouse,Clothing,94,South Dakota,L,Magenta,Fall,4.0,No,Next Day Air,No,No,22,Cash,Annually,1,2,-0.987349523324626,1.016882948683292
2379,26,Male,Scarf,Accessories,71,New Hampshire,L,Teal,Summer,2.7,No,Store Pickup,No,No,37,PayPal,Bi-Weekly,26,2,0.21003889124084196,-0.3228405420970024
2380,40,Male,Hat,Accessories,77,South Dakota,M,Peach,Spring,4.0,No,2-Day Shipping,No,No,22,Debit Card,Monthly,12,3,-0.7749475428449949,0.39059932948874887
2381,41,Male,Scarf,Accessories,66,Pennsylvania,M,Black,Fall,2.5,No,Next Day Air,No,No,36,PayPal,Fortnightly,26,2,1.0303096845252637,-0.28069884460955247
2382,62,Male,Sandals,Footwear,23,Wisconsin,M,Teal,Summer,4.5,No,Free Shipping,No,No,23,PayPal,Annually,1,1,0.6141789992211255,0.040700891328565095
2383,39,Male,Sweater,Clothing,60,California,M,Turquoise,Spring,3.9,No,Express,No,No,44,Debit Card,Weekly,52,0,0.5161345466943884,0.33541130433849375
2384,53,Male,Backpack,Accessories,72,Rhode Island,L,Gold,Spring,4.9,No,2-Day Shipping,No,No,25,Bank Transfer,Annually,1,2,-0.7978616060103322,1.3216601143807698
2385,24,Male,Blouse,Clothing,35,Alabama,L,Green,Winter,3.3,No,2-Day Shipping,No,No,40,PayPal,Quarterly,4,1,0.1903852391051728,-0.47117011881392007
2386,41,Male,Scarf,Accessories,31,Oklahoma,M,Brown,Fall,3.8,No,Express,No,No,12,PayPal,Weekly,52,0,0.23921343092619474,-1.7220825276089733
2387,19,Male,Socks,Clothing,33,Illinois,L,Blue,Summer,2.9,No,Standard,No,No,14,Venmo,Monthly,12,3,-0.3719836535139884,-2.0538897128826323
2388,36,Male,Hat,Accessories,95,Tennessee,M,Gold,Summer,4.0,No,2-Day Shipping,No,No,14,Debit Card,Monthly,12,3,-1.4675757010606991,0.3931451844565893
2389,21,Male,Dress,Clothing,68,Alabama,M,Peach,Fall,4.1,No,Store Pickup,No,No,10,Debit Card,Annually,1,3,-1.926836238363592,-0.5350997589021397
2390,25,Male,Coat,Outerwear,87,Kansas,M,Violet,Spring,3.1,No,Store Pickup,No,No,17,Bank Transfer,Every 3 Months,4,3,-1.1432755299041533,-0.30771563524399215
2391,65,Male,Shirt,Clothing,64,Arizona,XL,Yellow,Winter,4.6,No,Express,No,No,24,Debit Card,Fortnightly,26,2,0.23900237650939496,0.8555532287593995
2392,42,Male,Shirt,Clothing,74,Michigan,M,Black,Winter,4.6,No,Next Day Air,No,No,31,Bank Transfer,Quarterly,4,2,-0.8799689453554125,1.1840552864482006
2393,40,Male,Jeans,Clothing,62,Missouri,L,Silver,Spring,2.6,No,2-Day Shipping,No,No,36,Cash,Annually,1,1,0.7630921339310816,-0.022353971355355565
2394,58,Male,Socks,Clothing,97,Louisiana,M,Brown,Winter,5.0,No,2-Day Shipping,No,No,38,PayPal,Every 3 Months,4,2,-0.6776380001706499,2.588218097038098
2395,40,Male,Sandals,Footwear,47,Connecticut,L,Peach,Fall,2.9,No,2-Day Shipping,No,No,23,Debit Card,Fortnightly,26,1,0.6508995821503697,-1.0765244717133553
2396,62,Male,Blouse,Clothing,83,Connecticut,M,Cyan,Winter,3.5,No,2-Day Shipping,No,No,47,PayPal,Bi-Weekly,26,2,1.230685464596131,1.595491100667409
2397,38,Male,Shirt,Clothing,82,Oregon,M,Olive,Spring,3.7,No,2-Day Shipping,No,No,20,Venmo,Weekly,52,0,-0.43227615294469,-0.2956303984054586
2398,37,Male,Sunglasses,Accessories,26,West Virginia,L,Black,Fall,2.9,No,Store Pickup,No,No,41,Venmo,Monthly,12,1,1.2625538926929956,-0.6956698635041983
2399,65,Male,Jacket,Outerwear,81,Florida,M,Orange,Winter,4.3,No,Free Shipping,No,No,44,Bank Transfer,Fortnightly,26,2,0.7386513926862313,1.9363034317598102
2400,55,Male,Dress,Clothing,44,New Hampshire,L,Beige,Spring,3.2,No,Store Pickup,No,No,31,Cash,Monthly,12,1,1.2174979936194916,-0.14502736825841706
2401,43,Male,Sunglasses,Accessories,88,Oregon,M,Peach,Winter,4.2,No,Next Day Air,No,No,11,Credit Card,Bi-Weekly,26,3,-1.1627592859664513,0.18292334922680747
2402,43,Male,Boots,Footwear,76,Oregon,M,Pink,Winter,4.2,No,Standard,No,No,25,PayPal,Bi-Weekly,26,2,-0.5652713421540271,0.4925270489955198
2403,45,Male,Scarf,Accessories,89,Utah,M,Brown,Winter,3.8,No,Free Shipping,No,No,31,Cash,Weekly,52,0,-0.014043003985640568,0.540370619090272
2404,64,Male,Shorts,Clothing,22,Missouri,M,Magenta,Fall,4.4,No,Standard,No,No,40,Debit Card,Weekly,52,0,1.720094798156799,0.07562915018248838
2405,28,Male,Shorts,Clothing,33,West Virginia,L,Cyan,Winter,3.1,No,2-Day Shipping,No,No,23,Credit Card,Bi-Weekly,26,1,0.2418823941380738,-1.5475345769060744
2406,69,Male,Jeans,Clothing,97,California,XL,Silver,Fall,5.0,No,Standard,No,No,5,Debit Card,Quarterly,4,3,-1.1592366370799763,1.4207005138512285
2407,54,Male,Scarf,Accessories,57,California,M,Indigo,Winter,4.7,No,Standard,No,No,26,PayPal,Weekly,52,0,0.11330425108744283,0.269292929538376
2408,52,Male,Shorts,Clothing,38,Illinois,M,Beige,Summer,3.0,No,Express,No,No,11,Credit Card,Bi-Weekly,26,3,0.8874887063370357,-1.4890631634473708
2409,23,Male,Sneakers,Footwear,55,Hawaii,XL,Black,Fall,4.2,No,Next Day Air,No,No,44,Debit Card,Every 3 Months,4,2,-0.7039780953792795,0.659364842558444
2410,26,Male,Jewelry,Accessories,37,Washington,L,Yellow,Spring,3.0,No,Store Pickup,No,No,47,Cash,Every 3 Months,4,1,0.6516447756161987,-0.2544803419567621
2411,48,Male,Shoes,Footwear,43,Wisconsin,M,Maroon,Summer,3.7,No,Free Shipping,No,No,46,PayPal,Monthly,12,1,1.016746796401434,0.6024755396794182
2412,49,Male,Hoodie,Clothing,96,Virginia,M,Cyan,Summer,2.7,No,Free Shipping,No,No,35,Cash,Every 3 Months,4,2,0.5021273386359643,0.9478456156530725
2413,53,Male,Jacket,Outerwear,51,Oregon,M,Pink,Winter,4.3,No,2-Day Shipping,No,No,8,Bank Transfer,Bi-Weekly,26,3,-0.2892853242233387,-0.5527842857809228
2414,69,Male,Shorts,Clothing,95,Pennsylvania,XL,Violet,Fall,2.7,No,2-Day Shipping,No,No,30,Bank Transfer,Weekly,52,0,1.634099960039095,0.5237022894210648
2415,26,Male,Socks,Clothing,26,Virginia,M,Lavender,Summer,3.7,No,Next Day Air,No,No,14,Credit Card,Bi-Weekly,26,3,-0.4052507281223797,-1.7977924584741032
2416,21,Male,Coat,Outerwear,34,Hawaii,XL,Lavender,Fall,4.3,No,Standard,No,No,30,Bank Transfer,Weekly,52,0,-0.48381710940087874,-1.0265067727900838
2417,59,Male,Sandals,Footwear,83,Nebraska,S,Black,Summer,4.0,No,Next Day Air,No,No,26,Credit Card,Every 3 Months,4,2,-0.03990987953113402,1.2039616594136655
2418,21,Male,Backpack,Accessories,24,Alaska,M,Olive,Fall,3.3,No,Standard,No,No,32,Venmo,Fortnightly,26,1,0.2145666748238579,-1.4133159412271852
2419,22,Male,Pants,Clothing,69,Michigan,S,Indigo,Fall,4.0,No,Next Day Air,No,No,47,Cash,Every 3 Months,4,2,-0.7509701779485005,0.9837844323382928
2420,26,Male,Sweater,Clothing,40,North Carolina,M,Blue,Fall,2.7,No,Next Day Air,No,No,11,Credit Card,Every 3 Months,4,3,-0.2114718592804255,-1.8794270535870274
2421,41,Male,Jacket,Outerwear,87,North Carolina,S,Green,Winter,4.2,No,Free Shipping,No,No,28,PayPal,Annually,1,2,-0.9666342319555759,1.1554774227814384
2422,37,Male,Sneakers,Footwear,46,Minnesota,L,Pink,Spring,4.6,No,Standard,No,No,2,Debit Card,Every 3 Months,4,3,-1.4501571059202678,-0.8134789113998804
2423,30,Male,Jewelry,Accessories,82,Georgia,M,Peach,Winter,4.8,No,Store Pickup,No,No,45,Credit Card,Weekly,52,0,-0.829988741952798,1.2175936266093472
2424,49,Male,Backpack,Accessories,81,West Virginia,M,Purple,Summer,2.8,No,Free Shipping,No,No,7,Credit Card,Every 3 Months,4,3,-0.11730108035203836,-0.5378094960717228
2425,49,Male,Jewelry,Accessories,57,Delaware,M,Peach,Winter,4.5,No,Next Day Air,No,No,28,Bank Transfer,Bi-Weekly,26,2,-0.12691928940923355,0.46599919596289896
2426,58,Male,Shoes,Footwear,49,North Dakota,S,Olive,Summer,3.0,No,2-Day Shipping,No,No,34,Bank Transfer,Quarterly,4,1,1.4154097185047725,0.15225812118589188
2427,70,Male,Jacket,Outerwear,42,Florida,M,Olive,Fall,4.6,No,Free Shipping,No,No,26,Debit Card,Every 3 Months,4,1,0.6739856506136087,0.8044503880319944
2428,27,Male,Jacket,Outerwear,26,Oregon,M,Purple,Spring,3.3,No,Standard,No,No,45,Cash,Quarterly,4,1,0.60682554572852,-0.408982783648456
2429,65,Male,T-shirt,Clothing,38,Idaho,M,Violet,Spring,4.4,No,Next Day Air,No,No,34,Debit Card,Annually,1,1,0.8744464918557169,0.8687456672151058
2430,57,Male,Sneakers,Footwear,57,Virginia,XL,Maroon,Summer,4.4,No,Standard,No,No,47,Credit Card,Fortnightly,26,2,0.8179230541159382,1.3835563450621062
2431,20,Male,Jacket,Outerwear,100,North Dakota,XL,White,Summer,4.3,No,Express,No,No,42,Cash,Quarterly,4,2,-1.7020038519214042,1.632866506784651
2432,34,Male,Hoodie,Clothing,73,Alabama,S,Olive,Fall,3.4,No,Express,No,No,27,Bank Transfer,Every 3 Months,4,2,-0.4634744634922701,0.1440647272962269
2433,59,Male,Jacket,Outerwear,66,Hawaii,M,Peach,Winter,2.8,No,Store Pickup,No,No,43,Venmo,Monthly,12,2,1.6436763023652672,0.7425783437567004
2434,54,Male,T-shirt,Clothing,73,Oregon,M,Blue,Spring,3.4,No,Standard,No,No,16,Cash,Bi-Weekly,26,3,0.2509660140623105,-0.18055926879523673
2435,36,Male,Gloves,Accessories,45,Utah,M,Brown,Spring,5.0,No,Store Pickup,No,No,40,Credit Card,Monthly,12,1,-0.6046556879598033,0.8774423184887818
2436,21,Male,Sneakers,Footwear,27,Hawaii,S,Black,Fall,4.5,No,Free Shipping,No,No,29,Cash,Bi-Weekly,26,1,-0.7675956829819983,-0.7912762459340035
2437,52,Male,T-shirt,Clothing,24,Connecticut,M,Yellow,Fall,2.7,No,Store Pickup,No,No,38,Credit Card,Quarterly,4,1,1.9053673266774322,-0.5657141176894119
2438,43,Male,Sneakers,Footwear,59,Wyoming,XL,Magenta,Winter,3.4,No,Store Pickup,No,No,34,Credit Card,Weekly,52,0,0.767457941189669,-0.31060762317989343
2439,32,Male,Jeans,Clothing,20,Delaware,S,Cyan,Winter,3.4,No,Express,No,No,30,Venmo,Weekly,52,0,0.8415415087773047,-1.6348414013636403
2440,55,Male,Handbag,Accessories,44,Arkansas,M,Maroon,Summer,2.8,No,Standard,No,No,45,Bank Transfer,Annually,1,1,1.8011675133547407,0.36220764128361077
2441,31,Male,Socks,Clothing,90,Indiana,M,Red,Spring,4.7,No,Standard,No,No,47,Bank Transfer,Annually,1,2,-1.2446953211326537,2.1040597983902876
2442,45,Male,Jewelry,Accessories,36,California,M,Black,Fall,4.7,No,Free Shipping,No,No,5,Credit Card,Monthly,12,3,-0.8656419011944348,-0.7995485656933604
2443,53,Male,Blouse,Clothing,95,Wyoming,L,Violet,Winter,4.7,No,Free Shipping,No,No,50,Debit Card,Bi-Weekly,26,2,-0.10456589736113073,2.495374340117267
2444,24,Male,Backpack,Accessories,30,South Dakota,M,Green,Spring,3.4,No,2-Day Shipping,No,No,24,Bank Transfer,Bi-Weekly,26,1,-0.058292274822119135,-1.4908151577422784
2445,47,Male,Scarf,Accessories,65,West Virginia,S,Gold,Fall,3.7,No,Express,No,No,15,Debit Card,Bi-Weekly,26,3,-0.14827276633999895,-0.3901502842576782
2446,63,Male,Scarf,Accessories,96,Tennessee,M,Brown,Summer,4.1,No,Store Pickup,No,No,50,Cash,Weekly,52,0,0.9489762292963264,2.0602759975180525
2447,38,Male,Shirt,Clothing,65,Alaska,L,Peach,Spring,2.9,No,2-Day Shipping,No,No,7,Credit Card,Monthly,12,3,-0.3101474025094425,-1.1932262851152655
2448,59,Male,Pants,Clothing,47,South Dakota,L,Peach,Fall,3.2,No,Store Pickup,No,No,10,Venmo,Fortnightly,26,3,0.8602773151861274,-1.0580050688981304
2449,54,Male,Hat,Accessories,25,Tennessee,S,Violet,Fall,3.0,No,Free Shipping,No,No,38,PayPal,Bi-Weekly,26,1,1.9550434082072667,-0.6098096608708463
2450,26,Male,Coat,Outerwear,56,Alabama,S,Violet,Fall,4.1,No,Express,No,No,31,Venmo,Fortnightly,26,2,-0.7005105585387937,-0.14094450533765832
2451,68,Male,T-shirt,Clothing,76,North Carolina,M,Magenta,Fall,4.5,No,Standard,No,No,7,Venmo,Quarterly,4,3,-0.44308534995976373,0.7048559168347445
2452,41,Male,Socks,Clothing,60,Oklahoma,M,Purple,Fall,3.4,No,Store Pickup,No,No,27,Venmo,Monthly,12,1,0.11424884572997386,-0.11778189392411341
2453,68,Male,Shirt,Clothing,67,New York,L,Purple,Winter,4.1,No,Express,No,No,45,Bank Transfer,Every 3 Months,4,2,1.0704905241619933,1.8769662061540227
2454,21,Male,Sweater,Clothing,95,Iowa,XL,Cyan,Spring,4.6,No,Store Pickup,No,No,13,Cash,Annually,1,3,-2.64165697912058,0.5136769560417687
2455,32,Male,Gloves,Accessories,72,Alaska,M,Magenta,Winter,4.6,No,Express,No,No,33,Venmo,Annually,1,2,-1.2329227354120635,1.049021517698815
2456,20,Male,Belt,Accessories,98,Alaska,L,Lavender,Spring,3.4,No,Express,No,No,25,Cash,Every 3 Months,4,2,-1.51770583666613,0.35606173881371794
2457,59,Male,Jeans,Clothing,83,Nebraska,M,Green,Winter,3.3,No,2-Day Shipping,No,No,5,PayPal,Monthly,12,3,-0.07302545531775825,-0.18368515079633782
2458,53,Male,Handbag,Accessories,37,Delaware,M,Maroon,Fall,3.6,No,2-Day Shipping,No,No,23,Cash,Quarterly,4,1,0.6692124848022027,-0.3643101950083751
2459,66,Male,T-shirt,Clothing,85,Texas,L,Turquoise,Fall,4.6,No,Free Shipping,No,No,17,Bank Transfer,Weekly,52,0,-0.03650237725773148,0.7465488672343381
2460,47,Male,Socks,Clothing,36,Missouri,L,Violet,Fall,4.3,No,2-Day Shipping,No,No,14,Cash,Weekly,52,0,0.11029659104845788,-1.1099896227105854
2461,58,Male,Jeans,Clothing,36,Maine,S,Lavender,Winter,4.0,No,Store Pickup,No,No,28,Credit Card,Annually,1,1,0.7275178699810804,0.1935114229982071
2462,28,Male,Scarf,Accessories,86,Pennsylvania,L,Red,Summer,4.8,No,Next Day Air,No,No,19,Credit Card,Weekly,52,0,-1.7199588001911614,0.1677471150608136
2463,68,Male,Pants,Clothing,99,Missouri,XL,Orange,Spring,4.3,No,Standard,No,No,31,Bank Transfer,Bi-Weekly,26,2,0.19518306173905375,1.8742764510014969
2464,60,Male,Blouse,Clothing,21,Mississippi,XL,Indigo,Summer,3.3,No,Standard,No,No,25,Cash,Bi-Weekly,26,1,1.6892510018540223,-0.9597428043303772
2465,47,Male,Jacket,Outerwear,84,Hawaii,L,Teal,Winter,2.8,No,Express,No,No,4,Cash,Bi-Weekly,26,3,-0.14103074918412592,-0.9155750630495868
2466,18,Male,Sandals,Footwear,63,Texas,M,Brown,Spring,4.4,No,Free Shipping,No,No,20,Bank Transfer,Weekly,52,0,-1.4445784193929656,-0.7708550072541364
2467,32,Male,Shorts,Clothing,84,South Dakota,S,Pink,Summer,3.7,No,Express,No,No,37,Cash,Annually,1,2,-0.6825533846581462,0.9939291977323449
2468,27,Male,Shorts,Clothing,72,New Jersey,M,Lavender,Spring,3.6,No,Express,No,No,28,Credit Card,Annually,1,2,-0.8776964879268316,0.16651950266797724
2469,65,Male,Skirt,Clothing,21,Connecticut,L,Cyan,Winter,3.7,No,2-Day Shipping,No,No,6,Venmo,Weekly,52,0,1.3041943977732464,-1.7642013856165635
2470,68,Male,Sandals,Footwear,92,Maryland,M,Yellow,Fall,5.0,No,Standard,No,No,27,PayPal,Annually,1,2,-0.518105040206607,2.2522067053083825
2471,55,Male,Blouse,Clothing,72,Arizona,XL,Pink,Fall,2.7,No,Next Day Air,No,No,29,Credit Card,Fortnightly,26,2,1.1734836945935117,-0.02761066369623018
2472,30,Male,Sandals,Footwear,83,Oklahoma,M,Gray,Spring,4.3,No,Store Pickup,No,No,1,Cash,Annually,1,3,-2.1979700877247077,-0.25912165750644817
2473,24,Male,Shirt,Clothing,73,Utah,M,Peach,Summer,4.1,No,Standard,No,No,31,Credit Card,Annually,1,2,-1.2867094984665752,0.5368022433211855
2474,57,Male,Socks,Clothing,98,Arkansas,M,Red,Winter,2.6,No,Next Day Air,No,No,28,Cash,Quarterly,4,2,0.6734331543275227,0.8103459849769118
2475,23,Male,T-shirt,Clothing,76,North Carolina,M,Olive,Fall,3.2,No,Store Pickup,No,No,19,Bank Transfer,Quarterly,4,3,-1.0579631022108122,-0.46884211191537933
2476,69,Male,Dress,Clothing,43,California,S,Lavender,Summer,3.5,No,Next Day Air,No,No,36,Venmo,Monthly,12,1,1.7477826574445297,0.5077146730907738
2477,60,Male,Hat,Accessories,60,Colorado,M,Turquoise,Summer,3.7,No,Next Day Air,No,No,28,Cash,Monthly,12,1,0.7223043049956583,0.49433129554159694
2478,25,Male,Gloves,Accessories,40,California,L,Turquoise,Spring,3.8,No,2-Day Shipping,No,No,29,PayPal,Weekly,52,0,-0.09217351782376854,-1.1252688105902202
2479,18,Male,Socks,Clothing,93,Vermont,S,Maroon,Winter,4.8,No,2-Day Shipping,No,No,9,Bank Transfer,Every 3 Months,4,3,-2.961998766355462,0.30849920649454143
2480,37,Male,Dress,Clothing,98,Kansas,S,Olive,Fall,4.2,No,Standard,No,No,26,Credit Card,Every 3 Months,4,2,-1.345877564072799,1.2086538662512583
2481,61,Male,Socks,Clothing,91,Ohio,XL,Maroon,Summer,2.9,No,Next Day Air,No,No,7,Credit Card,Fortnightly,26,3,0.3409312857084656,-0.27134554984797127
2482,41,Male,Belt,Accessories,92,New Jersey,XL,Cyan,Fall,2.9,No,Free Shipping,No,No,35,Debit Card,Weekly,52,0,0.5188370216731495,0.18804290812221633
2483,69,Male,Handbag,Accessories,87,Arizona,S,Peach,Winter,4.8,No,Next Day Air,No,No,46,Credit Card,Every 3 Months,4,2,0.31516621949609813,2.80938377152177
2484,32,Male,Skirt,Clothing,96,Arizona,S,Teal,Fall,2.9,No,Standard,No,No,8,Debit Card,Monthly,12,3,-1.0451589665755658,-0.5435499099084155
2485,60,Male,Hoodie,Clothing,97,New Hampshire,M,Green,Summer,4.8,No,2-Day Shipping,No,No,50,Cash,Every 3 Months,4,2,-0.11144426367717129,3.026094043873287
2486,43,Male,Blouse,Clothing,55,Louisiana,M,Beige,Spring,4.6,No,2-Day Shipping,No,No,37,Bank Transfer,Annually,1,2,-0.37922528761471247,1.0479682237676216
2487,61,Male,Jeans,Clothing,58,Texas,L,Magenta,Spring,4.4,No,Store Pickup,No,No,6,Credit Card,Fortnightly,26,3,-0.1996036739787218,-0.24691679228629257
2488,57,Male,Boots,Footwear,21,Montana,L,Violet,Spring,3.0,No,Next Day Air,No,No,16,PayPal,Bi-Weekly,26,1,1.519767652156381,-1.5740811399496275
2489,56,Male,Handbag,Accessories,82,New Hampshire,XL,Charcoal,Summer,4.4,No,Express,No,No,30,PayPal,Monthly,12,2,-0.24592429084149206,1.411176565945307
2490,66,Male,Coat,Outerwear,34,South Dakota,M,Green,Winter,3.9,No,Express,No,No,50,Venmo,Quarterly,4,1,1.8174765076103754,1.1528296948988381
2491,52,Male,Blouse,Clothing,78,Montana,M,Gray,Spring,4.0,No,Free Shipping,No,No,5,Cash,Every 3 Months,4,3,-0.8466336077101511,0.04781683135008452
2492,63,Male,Handbag,Accessories,47,North Carolina,M,Magenta,Spring,2.5,No,Express,No,No,15,Bank Transfer,Monthly,12,1,1.5394578982118463,-0.9795775851353299
2493,50,Male,Sunglasses,Accessories,96,South Dakota,S,Silver,Summer,4.1,No,Next Day Air,No,No,34,Bank Transfer,Bi-Weekly,26,2,-0.27819841278679786,1.4383447412110801
2494,21,Male,Socks,Clothing,23,Maine,S,Beige,Fall,4.8,No,2-Day Shipping,No,No,6,Venmo,Every 3 Months,4,3,-1.762755697247712,-1.4121261828369034
2495,42,Male,Shoes,Footwear,27,Oklahoma,S,Peach,Winter,2.6,No,Store Pickup,No,No,26,Debit Card,Annually,1,1,1.141483958237751,-1.2325325404002692
2496,40,Male,Backpack,Accessories,37,Nebraska,XL,Orange,Spring,3.1,No,Free Shipping,No,No,34,Credit Card,Every 3 Months,4,1,0.7939477503119973,-0.4543046117986402
2497,67,Male,Scarf,Accessories,79,Illinois,S,Yellow,Summer,3.2,No,Store Pickup,No,No,37,Credit Card,Weekly,52,0,1.6622919265917013,0.6823246715424407
2498,35,Male,Backpack,Accessories,40,Colorado,M,Violet,Summer,4.2,No,Standard,No,No,28,Bank Transfer,Annually,1,1,-0.4378563621804626,-0.08318132293255574
2499,18,Male,Coat,Outerwear,39,Massachusetts,S,Green,Fall,2.6,No,Next Day Air,No,No,38,Cash,Fortnightly,26,1,0.5060682138480994,-1.2627536061179798
2500,52,Male,Hoodie,Clothing,73,Louisiana,L,Pink,Summer,3.1,No,Next Day Air,No,No,2,Cash,Quarterly,4,3,-0.2139553118293259,-0.7063916716908064
2501,59,Male,Gloves,Accessories,84,Massachusetts,M,Violet,Fall,2.9,No,Store Pickup,No,No,32,Cash,Bi-Weekly,26,2,1.0855299296154581,0.5808610579505427
2502,49,Male,Shorts,Clothing,94,West Virginia,M,Violet,Fall,4.6,No,Free Shipping,No,No,30,Venmo,Bi-Weekly,26,2,-0.7535492379048807,1.4829544797387308
2503,46,Male,Skirt,Clothing,47,Idaho,L,Pink,Spring,4.1,No,Standard,No,No,17,PayPal,Every 3 Months,4,3,-0.3117980012113671,-0.24687372073797623
2504,69,Male,Boots,Footwear,77,Ohio,M,Violet,Summer,2.5,No,Store Pickup,No,No,5,Debit Card,Bi-Weekly,26,3,1.131459509253806,-0.7450610592884022
2505,56,Male,Shorts,Clothing,94,Rhode Island,M,Turquoise,Winter,4.0,No,Store Pickup,No,No,31,Cash,Bi-Weekly,26,2,-0.01001309692876174,1.3336585600781494
2506,27,Male,Handbag,Accessories,75,Illinois,M,Cyan,Summer,3.5,No,Express,No,No,43,PayPal,Quarterly,4,2,-0.40310828063587456,0.7788844324302593
2507,57,Male,Dress,Clothing,82,New York,XL,Orange,Spring,4.4,No,Free Shipping,No,No,19,Venmo,Annually,1,2,-0.614872989185695,1.105563657927956
2508,58,Male,Shoes,Footwear,36,Louisiana,M,Cyan,Fall,2.9,No,Store Pickup,No,No,32,Credit Card,Every 3 Months,4,1,1.6444192318354258,-0.2967169888263945
2509,23,Male,Sneakers,Footwear,90,California,XL,Indigo,Spring,3.1,No,2-Day Shipping,No,No,5,Debit Card,Bi-Weekly,26,3,-1.423298022741194,-1.0670772079257396
2510,19,Male,Socks,Clothing,48,Washington,M,Black,Spring,4.4,No,Free Shipping,No,No,9,Bank Transfer,Quarterly,4,3,-1.8924682493255147,-0.9614831935656094
2511,40,Male,Jacket,Outerwear,42,South Dakota,L,Purple,Winter,4.4,No,Standard,No,No,48,Credit Card,Weekly,52,0,0.6169783493872598,0.3826854561251384
2512,54,Male,Backpack,Accessories,33,Idaho,M,Cyan,Summer,2.7,No,Store Pickup,No,No,1,PayPal,Quarterly,4,3,0.7859098811667528,-1.8793837186128086
2513,50,Male,Socks,Clothing,63,North Dakota,M,Green,Summer,4.9,No,Free Shipping,No,No,20,Credit Card,Monthly,12,3,-0.8187354257401729,0.6937661452875373
2514,69,Male,Handbag,Accessories,53,Washington,L,Teal,Winter,3.5,No,2-Day Shipping,No,No,42,Cash,Annually,1,1,1.6556181982759899,1.1384919195666159
2515,42,Male,Hat,Accessories,37,Alaska,L,Teal,Spring,4.8,No,Free Shipping,No,No,45,PayPal,Bi-Weekly,26,1,0.18523779578086041,0.7356101050264512
2516,37,Male,Blouse,Clothing,92,Kansas,M,Magenta,Summer,4.2,No,2-Day Shipping,No,No,41,Cash,Monthly,12,2,-0.7485169045922575,1.601036526664644
2517,46,Male,Shorts,Clothing,73,Utah,XL,Brown,Spring,4.6,No,Standard,No,No,36,Debit Card,Quarterly,4,2,-0.5544195367165634,1.456630052661577
2518,64,Male,Shirt,Clothing,38,Wyoming,L,Orange,Spring,2.9,No,Standard,No,No,10,Venmo,Annually,1,1,1.2081357916994024,-1.0177054404645218
2519,20,Male,Boots,Footwear,51,Maine,XL,Blue,Fall,4.0,No,Store Pickup,No,No,31,Venmo,Annually,1,1,-1.0182353493410607,-0.12460914531404531
2520,40,Male,Jacket,Outerwear,90,Michigan,L,Magenta,Spring,4.9,No,Standard,No,No,21,Credit Card,Quarterly,4,2,-1.7248747495751688,1.2661519713457414
2521,64,Male,Jacket,Outerwear,56,Illinois,L,Magenta,Summer,3.1,No,Next Day Air,No,No,16,Cash,Every 3 Months,4,3,0.9661611874884729,-0.26238869726873215
2522,29,Male,Handbag,Accessories,33,Minnesota,M,Magenta,Fall,4.4,No,Standard,No,No,18,PayPal,Every 3 Months,4,3,-0.9711701826374396,-0.7242677318633026
2523,20,Male,Belt,Accessories,53,Massachusetts,S,Olive,Winter,2.5,No,2-Day Shipping,No,No,20,Debit Card,Weekly,52,0,0.14552428768592432,-2.0392733334582602
2524,43,Male,Handbag,Accessories,24,New Jersey,S,Cyan,Spring,3.4,No,Express,No,No,21,Bank Transfer,Annually,1,1,0.5257649494287365,-1.0423065751801173
2525,60,Male,Coat,Outerwear,59,Kansas,M,Purple,Spring,3.7,No,Express,No,No,23,Credit Card,Quarterly,4,1,0.5256860768881878,0.36028331300704786
2526,39,Male,Sweater,Clothing,72,Kentucky,M,Purple,Winter,4.2,No,Standard,No,No,20,PayPal,Weekly,52,0,-0.5778804170867955,-0.22862774678824732
2527,47,Male,Shorts,Clothing,28,Rhode Island,S,Peach,Spring,3.4,No,Express,No,No,30,PayPal,Bi-Weekly,26,1,1.1036373267331012,-0.7993532531718472
2528,19,Male,Pants,Clothing,36,Illinois,M,Gold,Fall,3.6,No,Express,No,No,33,Bank Transfer,Every 3 Months,4,1,-0.4455245930129779,-0.6800444933308263
2529,52,Male,Jewelry,Accessories,47,Alabama,S,Peach,Fall,4.7,No,2-Day Shipping,No,No,31,Debit Card,Monthly,12,1,-0.01593837958169271,0.7105890867577089
2530,34,Male,Gloves,Accessories,62,Tennessee,M,Magenta,Spring,4.7,No,Next Day Air,No,No,48,Bank Transfer,Monthly,12,2,-0.5300289312639047,1.4072764342972206
2531,25,Male,Skirt,Clothing,98,Massachusetts,S,Cyan,Spring,3.6,No,Free Shipping,No,No,28,Debit Card,Weekly,52,0,-0.9403950729049588,0.0919102461255785
2532,43,Male,Sandals,Footwear,28,Texas,M,Violet,Summer,4.6,No,Free Shipping,No,No,7,Cash,Every 3 Months,4,3,-0.7596613948985477,-0.9011020220155541
2533,55,Male,Socks,Clothing,86,Nebraska,S,Charcoal,Summer,2.6,No,Next Day Air,No,No,4,Debit Card,Weekly,52,0,0.5303024111753734,-1.1430486972818814
2534,66,Male,Jewelry,Accessories,46,Pennsylvania,S,Blue,Summer,3.1,No,Standard,No,No,49,Cash,Bi-Weekly,26,1,2.3495775386725692,0.6628166569539393
2535,41,Male,Sunglasses,Accessories,42,Virginia,XL,Red,Fall,3.2,No,Free Shipping,No,No,22,Cash,Weekly,52,0,0.7652549669631437,-1.3768831404778272
2536,47,Male,Coat,Outerwear,80,Vermont,S,Purple,Winter,3.9,No,Express,No,No,39,Bank Transfer,Fortnightly,26,2,0.14549051534921298,1.09546681324501
2537,51,Male,Belt,Accessories,39,Oklahoma,L,Gray,Spring,4.9,No,Express,No,No,45,PayPal,Every 3 Months,4,1,0.26165792360581946,1.308451221702599
2538,44,Male,Coat,Outerwear,49,Maine,M,Purple,Summer,4.1,No,2-Day Shipping,No,No,30,PayPal,Fortnightly,26,1,0.13667153520833644,0.030087770739804686
2539,18,Male,Scarf,Accessories,32,New Jersey,M,Silver,Summer,4.2,No,Next Day Air,No,No,33,Credit Card,Bi-Weekly,26,1,-0.6497158775540816,-0.7360911482246827
2540,33,Male,Sandals,Footwear,73,Massachusetts,M,Purple,Fall,4.1,No,Next Day Air,No,No,24,Cash,Bi-Weekly,26,3,-0.8899525004021276,0.11200283630672482
2541,24,Male,Belt,Accessories,42,New Jersey,M,Charcoal,Summer,3.9,No,Free Shipping,No,No,11,Debit Card,Quarterly,4,3,-1.1749342517604227,-1.1959759432194939
2542,33,Male,Scarf,Accessories,58,Washington,M,Silver,Spring,2.7,No,Next Day Air,No,No,13,Venmo,Every 3 Months,4,3,-0.1611884952706812,-1.22121786566528
2543,61,Male,Jewelry,Accessories,22,Arkansas,M,White,Winter,3.7,No,Express,No,No,27,PayPal,Annually,1,1,1.267691100112644,-0.28658799237483124
2544,27,Male,Scarf,Accessories,56,West Virginia,L,Peach,Spring,2.7,No,Next Day Air,No,No,30,PayPal,Bi-Weekly,26,1,0.3008620471745002,-0.9535643375643973
2545,46,Male,Pants,Clothing,70,Delaware,M,Red,Spring,2.5,No,Next Day Air,No,No,39,Venmo,Quarterly,4,2,1.0630144676457285,0.3259097257628709
2546,38,Male,Shoes,Footwear,50,Texas,L,Olive,Spring,3.9,No,Free Shipping,No,No,10,Debit Card,Annually,1,3,-0.7794122347788036,-0.7160930197604951
2547,63,Male,Boots,Footwear,21,Texas,L,Gray,Summer,3.0,No,Express,No,No,4,Credit Card,Quarterly,4,1,1.2332370481999233,-1.67706856825087
2548,47,Male,Jacket,Outerwear,97,Mississippi,M,Beige,Summer,3.2,No,2-Day Shipping,No,No,16,Cash,Weekly,52,0,-0.06692493053693654,-0.2032950073119068
2549,42,Male,Backpack,Accessories,63,Texas,L,Pink,Winter,3.8,No,Standard,No,No,34,Credit Card,Monthly,12,2,0.023191447494730566,0.49715350829520294
2550,41,Male,Jacket,Outerwear,60,Virginia,M,Red,Fall,2.7,No,Standard,No,No,11,Debit Card,Every 3 Months,4,3,0.08191648413958047,-1.0901996452164469
2551,53,Male,Boots,Footwear,52,New Hampshire,XL,Peach,Fall,3.0,No,Store Pickup,No,No,30,Debit Card,Fortnightly,26,1,1.2382553280161896,-0.3310891213614844
2552,29,Male,Shoes,Footwear,32,Minnesota,M,Maroon,Winter,4.1,No,Next Day Air,No,No,40,Debit Card,Annually,1,1,-0.1429021957022567,0.053402317812664565
2553,61,Male,Belt,Accessories,48,Maryland,XL,Purple,Spring,3.2,No,2-Day Shipping,No,No,13,Credit Card,Annually,1,3,0.7911865949853265,-0.5474702750067668
2554,69,Male,Jewelry,Accessories,25,Vermont,M,Maroon,Summer,4.5,No,Store Pickup,No,No,28,Venmo,Every 3 Months,4,1,1.0415239111812395,0.4093494340230016
2555,51,Male,Jewelry,Accessories,68,Kansas,M,Gray,Summer,4.3,No,Store Pickup,No,No,49,Debit Card,Bi-Weekly,26,2,0.5133245716385759,1.545795394810263
2556,24,Male,Pants,Clothing,74,Idaho,M,Gray,Fall,3.5,No,Standard,No,No,23,Credit Card,Weekly,52,0,-0.6562230485291674,-0.7656484852230246
2557,24,Male,T-shirt,Clothing,88,Montana,XL,Magenta,Fall,3.1,No,Standard,No,No,4,Bank Transfer,Quarterly,4,3,-1.5716930408914602,-0.8563047315917398
2558,70,Male,Shorts,Clothing,23,Oklahoma,L,Cyan,Spring,3.9,No,Standard,No,No,17,PayPal,Fortnightly,26,1,1.421278161697692,-0.701880087026989
2559,49,Male,Hoodie,Clothing,32,California,M,Silver,Fall,2.7,No,Express,No,No,24,PayPal,Fortnightly,26,1,1.443904035220528,-1.3126063063424587
2560,48,Male,Belt,Accessories,71,Mississippi,S,Green,Winter,4.0,No,Free Shipping,No,No,21,Debit Card,Every 3 Months,4,3,-0.4416262819491118,0.47630602052458754
2561,58,Male,Boots,Footwear,62,California,M,Violet,Spring,2.7,No,Next Day Air,No,No,17,Debit Card,Bi-Weekly,26,3,1.1223828517838226,-0.7098816243226936
2562,32,Male,Hoodie,Clothing,20,New York,L,Magenta,Spring,2.7,No,Free Shipping,No,No,22,Debit Card,Quarterly,4,1,0.6830207706750128,-1.7599845082137413
2563,57,Male,Shorts,Clothing,62,Arizona,XL,Yellow,Spring,4.7,No,Standard,No,No,27,Cash,Fortnightly,26,2,-0.04621136096214289,0.823454634678279
2564,69,Male,Backpack,Accessories,81,Massachusetts,XL,Gray,Winter,4.5,No,Standard,No,No,1,Venmo,Every 3 Months,4,3,-0.6551355762186061,0.5898484890262914
2565,42,Male,Scarf,Accessories,90,Kentucky,L,Indigo,Winter,3.0,No,2-Day Shipping,No,No,27,Bank Transfer,Weekly,52,0,0.2952197229411702,-0.12090444590085321
2566,30,Male,Socks,Clothing,43,Vermont,S,Indigo,Fall,3.6,No,Store Pickup,No,No,8,Venmo,Quarterly,4,3,-0.8152800132854695,-1.342704742988765
2567,35,Male,Handbag,Accessories,38,Missouri,S,Yellow,Fall,3.3,No,Standard,No,No,43,PayPal,Quarterly,4,1,0.6842553438200338,-0.041306157464812296
2568,19,Male,Sunglasses,Accessories,25,Michigan,XL,Gold,Spring,4.3,No,Store Pickup,No,No,24,Cash,Fortnightly,26,1,-0.8189725660716815,-1.2057672613044785
2569,52,Male,T-shirt,Clothing,98,Texas,XL,Green,Winter,4.3,No,Express,No,No,29,PayPal,Fortnightly,26,2,-0.5115913341470625,1.4288401946883518
2570,42,Male,Dress,Clothing,75,New York,M,Charcoal,Spring,4.8,No,Free Shipping,No,No,10,Bank Transfer,Bi-Weekly,26,3,-1.4410222088051976,0.15092758019251862
2571,36,Male,Sneakers,Footwear,27,New Mexico,XL,Olive,Spring,4.0,No,Store Pickup,No,No,12,PayPal,Fortnightly,26,3,-0.27403695195805494,-1.478758455143449
2572,45,Male,Sunglasses,Accessories,27,Mississippi,L,Black,Winter,3.5,No,Standard,No,No,48,Cash,Fortnightly,26,1,1.4789062602276108,-0.04542842507929781
2573,54,Male,Blouse,Clothing,42,Washington,M,Silver,Fall,3.9,No,Next Day Air,No,No,40,Bank Transfer,Quarterly,4,1,0.9003755932594283,0.6654323800727155
2574,54,Male,T-shirt,Clothing,90,New Mexico,M,Red,Summer,4.4,No,Store Pickup,No,No,1,Bank Transfer,Annually,1,3,-1.3849465234620992,0.4685162517278458
2575,27,Male,Hat,Accessories,63,Florida,M,Brown,Summer,4.6,No,2-Day Shipping,No,No,26,Credit Card,Fortnightly,26,3,-1.270147533147744,0.1163796550821294
2576,53,Male,Shorts,Clothing,96,Minnesota,M,Silver,Fall,4.0,No,Express,No,No,9,PayPal,Annually,1,3,-1.015842081738807,0.7025667575096649
2577,20,Male,Hoodie,Clothing,40,New Hampshire,M,Silver,Winter,4.2,No,Free Shipping,No,No,19,Debit Card,Quarterly,4,3,-1.2923375757375275,-0.8187937901569735
2578,52,Male,Socks,Clothing,39,Minnesota,L,Black,Fall,4.5,No,Next Day Air,No,No,37,Bank Transfer,Monthly,12,1,0.42863512515581553,0.6626195589489993
2579,54,Male,Sunglasses,Accessories,48,Vermont,M,Purple,Fall,3.9,No,Free Shipping,No,No,3,Cash,Quarterly,4,3,-0.25267779199662693,-0.7613561554912522
2580,65,Male,Blouse,Clothing,20,Minnesota,M,Purple,Summer,3.7,No,Express,No,No,40,Venmo,Weekly,52,0,2.2889792510349434,-0.3462823157531513
2581,43,Male,Jeans,Clothing,29,Massachusetts,S,Turquoise,Summer,3.6,No,Store Pickup,No,No,13,Bank Transfer,Quarterly,4,1,0.10049035470225223,-1.188239546090067
2582,57,Male,Dress,Clothing,81,Wyoming,M,Gold,Winter,4.7,No,Express,No,No,48,Credit Card,Monthly,12,2,0.11312090685197686,2.3413236537748316
2583,19,Male,Dress,Clothing,98,South Dakota,S,Indigo,Fall,3.6,No,2-Day Shipping,No,No,4,Venmo,Every 3 Months,4,3,-2.298543150094062,-0.4423495072652906
2584,69,Male,Jeans,Clothing,93,Oklahoma,M,Lavender,Fall,2.5,No,Next Day Air,No,No,9,Cash,Weekly,52,0,1.2103898839704959,-0.5270602120584087
2585,26,Male,Socks,Clothing,30,Florida,L,Blue,Summer,2.9,No,Store Pickup,No,No,26,Bank Transfer,Bi-Weekly,26,1,0.43488887274022375,-1.6464949833354678
2586,57,Male,Sunglasses,Accessories,37,Wisconsin,L,Maroon,Fall,4.4,No,Free Shipping,No,No,19,Debit Card,Weekly,52,0,0.5820207073402868,-0.6071988664114711
2587,20,Male,Coat,Outerwear,28,Maine,L,Yellow,Winter,4.6,No,Express,No,No,1,Credit Card,Every 3 Months,4,3,-1.8884559601900184,-1.6398956077329472
2588,55,Male,Scarf,Accessories,29,Connecticut,M,Purple,Winter,3.7,No,Express,No,No,29,PayPal,Every 3 Months,4,1,0.9853272681618989,-0.20059809936178177
2589,44,Male,Backpack,Accessories,49,Delaware,M,Peach,Summer,3.2,No,Free Shipping,No,No,38,Venmo,Bi-Weekly,26,1,0.99975902532473,-0.1393964113511566
2590,52,Male,Pants,Clothing,53,North Dakota,M,Silver,Winter,4.9,No,2-Day Shipping,No,No,31,PayPal,Annually,1,2,-0.35386612590524325,1.1053457741604877
2591,57,Male,Gloves,Accessories,66,California,M,Turquoise,Summer,5.0,No,Free Shipping,No,No,35,Venmo,Annually,1,2,-0.317675442993406,1.7444235288517345
2592,40,Male,Jacket,Outerwear,61,New Mexico,S,Olive,Spring,3.3,No,Express,No,No,40,Cash,Quarterly,4,2,0.4260177208044304,0.481113039457611
2593,23,Male,Shorts,Clothing,23,Iowa,XL,Peach,Summer,4.4,No,Store Pickup,No,No,13,Venmo,Quarterly,4,3,-1.1977753859666662,-1.2992881573050992
2594,36,Male,Pants,Clothing,36,Colorado,S,Indigo,Fall,4.7,No,Store Pickup,No,No,9,Bank Transfer,Every 3 Months,4,3,-1.197378047063328,-0.7178810600911205
2595,59,Male,Skirt,Clothing,81,Montana,L,Indigo,Fall,3.6,No,Free Shipping,No,No,25,Cash,Every 3 Months,4,2,0.24709113031270313,0.8881501413638165
2596,29,Male,Blouse,Clothing,56,Iowa,XL,Maroon,Summer,3.2,No,Free Shipping,No,No,3,Bank Transfer,Bi-Weekly,26,3,-0.7376466232307117,-1.7736305908639618
2597,63,Male,Shirt,Clothing,78,Louisiana,L,Black,Spring,3.0,No,Next Day Air,No,No,35,Credit Card,Monthly,12,2,1.2424757524922707,0.8846549473209492
2598,60,Male,Jewelry,Accessories,25,Alabama,XL,Teal,Summer,4.4,No,Store Pickup,No,No,13,Venmo,Bi-Weekly,26,1,0.5048140404176089,-0.7521533443459892
2599,64,Male,Backpack,Accessories,86,Nevada,XL,Olive,Fall,3.3,No,Express,No,No,31,Debit Card,Annually,1,2,0.7285685566892214,1.2347258677518642
2600,63,Male,Jewelry,Accessories,99,Vermont,M,Gold,Winter,3.4,No,Express,No,No,48,Credit Card,Monthly,12,2,0.9824156634827501,2.158912110538783
2601,21,Male,Belt,Accessories,83,New York,M,Gray,Fall,3.9,No,Express,No,No,6,Bank Transfer,Bi-Weekly,26,3,-1.9268328175642409,-0.7802993872437817
2602,61,Male,Dress,Clothing,33,Mississippi,L,Orange,Winter,2.9,No,Store Pickup,No,No,43,Cash,Monthly,12,1,2.2031171563518637,0.06024708793034436
2603,65,Male,Coat,Outerwear,44,South Carolina,M,Black,Fall,2.9,No,Free Shipping,No,No,1,Venmo,Quarterly,4,3,0.9206374224790902,-1.2743515608870302
2604,69,Male,Dress,Clothing,58,Washington,M,Teal,Spring,2.7,No,2-Day Shipping,No,No,8,Cash,Annually,1,3,1.1692491805369591,-0.6369243494300046
2605,47,Male,Sweater,Clothing,54,Colorado,M,Beige,Spring,3.4,No,Store Pickup,No,No,6,Debit Card,Weekly,52,0,0.21953706767118958,-1.5318815735080138
2606,41,Male,Hoodie,Clothing,93,Nevada,M,White,Spring,3.7,No,2-Day Shipping,No,No,32,Venmo,Fortnightly,26,2,-0.3779500888905817,0.8669214682578547
2607,68,Male,Shoes,Footwear,98,Nevada,L,Turquoise,Spring,4.7,No,Standard,No,No,46,Bank Transfer,Bi-Weekly,26,2,0.35656233252076724,2.712684233981388
2608,41,Male,Shoes,Footwear,36,Oklahoma,XL,Teal,Spring,3.1,No,Express,No,No,38,PayPal,Every 3 Months,4,1,0.9660724372943513,-0.2873115211547758
2609,42,Male,Jacket,Outerwear,68,Mississippi,L,Orange,Fall,4.2,No,2-Day Shipping,No,No,48,Credit Card,Fortnightly,26,2,0.1805901060653506,1.257329410301976
2610,66,Male,Backpack,Accessories,95,Arkansas,M,Black,Summer,3.0,No,Store Pickup,No,No,18,Debit Card,Bi-Weekly,26,2,0.7255684949221388,0.45153653300718855
2611,66,Male,Jeans,Clothing,93,West Virginia,M,Violet,Spring,3.1,No,Express,No,No,25,Cash,Quarterly,4,2,0.6927543347550599,1.0369648225740788
2612,33,Male,Jacket,Outerwear,99,Michigan,L,Maroon,Fall,4.2,No,2-Day Shipping,No,No,4,Cash,Fortnightly,26,3,-1.9608333192370377,-0.06415636239078275
2613,55,Male,Sunglasses,Accessories,22,Louisiana,M,Turquoise,Winter,3.8,No,Next Day Air,No,No,27,Venmo,Quarterly,4,1,0.9737601956887624,-0.39453802557639855
2614,58,Male,Gloves,Accessories,88,South Dakota,M,Gold,Fall,2.9,No,Express,No,No,14,Bank Transfer,Monthly,12,3,0.34112348498240314,0.06909907060132067
2615,18,Male,Jacket,Outerwear,65,North Dakota,M,Turquoise,Spring,4.2,No,Express,No,No,36,Bank Transfer,Fortnightly,26,2,-1.1110130345709643,0.17208025926815373
2616,49,Male,T-shirt,Clothing,62,Arizona,M,Maroon,Fall,3.1,No,2-Day Shipping,No,No,6,Debit Card,Quarterly,4,3,-0.04275243181022473,-0.8602998126220087
2617,61,Male,Sandals,Footwear,55,Georgia,XL,Purple,Spring,3.6,No,Express,No,No,46,Cash,Annually,1,1,1.3326113687219483,1.2434562439687398
2618,31,Male,Shorts,Clothing,97,Idaho,S,Maroon,Spring,4.8,No,Standard,No,No,29,Bank Transfer,Annually,1,2,-1.9438393345719531,1.5630487411752798
2619,70,Male,Handbag,Accessories,77,Louisiana,L,Brown,Fall,4.1,No,Express,No,No,12,Venmo,Monthly,12,3,0.11917432631378967,0.6549450315758546
2620,68,Male,Pants,Clothing,40,Connecticut,L,Indigo,Winter,3.9,No,Free Shipping,No,No,47,Credit Card,Weekly,52,0,2.1407440157113706,0.6000536487786878
2621,27,Male,Blouse,Clothing,23,Ohio,S,Lavender,Winter,3.0,No,Standard,No,No,28,Debit Card,Annually,1,1,0.35762633157265555,-1.3322271065029452
2622,48,Male,Shoes,Footwear,46,Maine,M,Beige,Winter,3.0,No,Express,No,No,21,Bank Transfer,Annually,1,1,0.6518687399050745,-0.6424348309767804
2623,63,Male,Backpack,Accessories,75,New Hampshire,M,Yellow,Spring,4.9,No,2-Day Shipping,No,No,15,Credit Card,Annually,1,3,-0.7158414941509034,1.1792691388086485
2624,49,Male,Shoes,Footwear,76,Massachusetts,M,Gold,Fall,4.8,No,Next Day Air,No,No,38,Cash,Annually,1,2,-0.5899421825286285,1.8267548111172114
2625,19,Male,Dress,Clothing,59,South Dakota,M,Indigo,Summer,3.3,No,Standard,No,No,19,Credit Card,Annually,1,3,-1.0400483372626013,-0.8607782927068467
2626,30,Male,Skirt,Clothing,51,Colorado,L,Cyan,Summer,2.7,No,Standard,No,No,31,Credit Card,Weekly,52,0,0.7672271025370759,-1.2965626915652755
2627,50,Male,Jacket,Outerwear,46,Rhode Island,XL,Silver,Fall,4.2,No,Express,No,No,30,Credit Card,Every 3 Months,4,1,0.170981512481169,0.4214175651683554
2628,66,Male,Shirt,Clothing,26,Missouri,L,Silver,Fall,3.6,No,Next Day Air,No,No,40,Bank Transfer,Quarterly,4,1,1.8770040637342376,0.3699471978826108
2629,25,Male,Hoodie,Clothing,51,Wyoming,M,Silver,Summer,3.8,No,Next Day Air,No,No,42,Credit Card,Bi-Weekly,26,1,-0.13431821453616602,0.01650049288222166
2630,61,Male,Scarf,Accessories,44,New Hampshire,M,Peach,Winter,3.8,No,Free Shipping,No,No,25,Venmo,Annually,1,1,0.7756660018151393,0.20578145804150302
2631,29,Male,Skirt,Clothing,82,Maine,S,Pink,Spring,4.2,No,Free Shipping,No,No,20,Cash,Quarterly,4,3,-1.584853133196772,0.40711742825912745
2632,53,Male,Skirt,Clothing,44,Connecticut,S,Violet,Summer,2.7,No,Express,No,No,3,Cash,Weekly,52,0,1.0437769596218478,-2.1650149002991435
2633,24,Male,Scarf,Accessories,27,Alaska,M,Black,Fall,5.0,No,Next Day Air,No,No,14,Cash,Annually,1,3,-1.643983978521683,-0.7639382466718657
2634,51,Male,Sunglasses,Accessories,90,Alaska,M,Purple,Fall,4.7,No,Next Day Air,No,No,32,Credit Card,Fortnightly,26,2,-0.6176124488526629,1.5717317129219672
2635,26,Male,Sandals,Footwear,58,North Carolina,S,Black,Summer,3.2,No,Store Pickup,No,No,20,PayPal,Every 3 Months,4,3,-0.6063230541805715,-0.7892455666685265
2636,59,Male,Hoodie,Clothing,80,Colorado,XL,Peach,Spring,2.9,No,2-Day Shipping,No,No,34,PayPal,Fortnightly,26,2,1.2087539630329467,0.5709968080352593
2637,41,Male,Jacket,Outerwear,40,Utah,S,Magenta,Winter,4.2,No,Store Pickup,No,No,6,Venmo,Annually,1,3,-0.8144544495473469,-0.8896073203372207
2638,20,Male,Pants,Clothing,23,Alabama,M,Magenta,Spring,3.7,No,Store Pickup,No,No,2,PayPal,Annually,1,3,-1.1684200590346037,-2.186400021396981
2639,22,Male,Shirt,Clothing,34,Hawaii,S,Black,Spring,4.2,No,Store Pickup,No,No,35,Credit Card,Annually,1,1,-0.6805526021907516,-0.2021686570290307
2640,18,Male,Blouse,Clothing,35,New Hampshire,XL,Pink,Winter,2.6,No,Free Shipping,No,No,33,Debit Card,Quarterly,4,1,0.23525106311110322,-1.2899717421482875
2641,30,Male,Skirt,Clothing,75,Indiana,L,Olive,Summer,4.0,No,Store Pickup,No,No,45,Venmo,Bi-Weekly,26,2,-0.37943295002621674,0.9300230078708319
2642,25,Male,Sunglasses,Accessories,60,Vermont,XL,Olive,Winter,2.7,No,Next Day Air,No,No,20,Bank Transfer,Every 3 Months,4,3,-0.32817864498346816,-1.0455749428735865
2643,39,Male,Belt,Accessories,87,Iowa,L,Peach,Summer,4.0,No,Store Pickup,No,No,48,Bank Transfer,Annually,1,2,-0.33922164018413925,1.8483069932909348
2644,49,Male,Gloves,Accessories,41,Maryland,S,Silver,Spring,2.9,No,Next Day Air,No,No,37,Cash,Monthly,12,1,1.3999241637808961,-0.2575520021384966
2645,25,Male,Pants,Clothing,83,New Mexico,M,Turquoise,Spring,3.3,No,Standard,No,No,4,Bank Transfer,Every 3 Months,4,3,-1.5883776801741274,-0.8405330876422983
2646,23,Male,Scarf,Accessories,81,Louisiana,L,Olive,Spring,4.0,No,Store Pickup,No,No,24,Bank Transfer,Bi-Weekly,26,3,-1.368399377655856,0.03420242611554257
2647,33,Male,T-shirt,Clothing,56,New Mexico,S,Lavender,Summer,3.9,No,Next Day Air,No,No,4,Debit Card,Every 3 Months,4,3,-1.231375145087132,-0.9719047103754259
2648,60,Male,Shoes,Footwear,58,South Carolina,M,Red,Summer,3.3,No,2-Day Shipping,No,No,25,Debit Card,Annually,1,1,0.8550001934297458,0.23344216871821605
2649,51,Male,Pants,Clothing,84,Illinois,M,Gray,Spring,3.9,No,Next Day Air,No,No,14,PayPal,Bi-Weekly,26,3,-0.4661070800211549,0.21438409664618063
2650,23,Male,Gloves,Accessories,21,Minnesota,M,Magenta,Fall,3.9,No,Store Pickup,No,No,14,Bank Transfer,Fortnightly,26,3,-0.5885323556870472,-1.8662636403649173
2651,20,Male,Socks,Clothing,35,Oregon,L,Maroon,Summer,4.2,No,Standard,No,No,46,Credit Card,Every 3 Months,4,1,-0.4406215130632951,0.20766502408727142
2652,51,Male,Sneakers,Footwear,43,Tennessee,M,Cyan,Summer,4.6,No,Store Pickup,No,No,27,PayPal,Quarterly,4,1,-0.10544058141277306,0.4703623620535811
2653,23,Female,Shorts,Clothing,20,Maryland,L,Cyan,Summer,3.3,No,2-Day Shipping,No,No,46,Credit Card,Monthly,12,1,0.6389114906971342,-0.6944367357258118
2654,67,Female,Blouse,Clothing,36,Wisconsin,L,Lavender,Fall,4.8,No,Express,No,No,24,Venmo,Every 3 Months,4,1,0.4503175802908261,0.6275142531890587
2655,23,Female,Coat,Outerwear,70,Idaho,S,Pink,Fall,4.1,No,Next Day Air,No,No,4,PayPal,Annually,1,3,-2.0475346631563105,-0.7000440019709719
2656,26,Female,Sunglasses,Accessories,83,Wyoming,M,Gray,Summer,3.4,No,Standard,No,No,2,Credit Card,Fortnightly,26,3,-1.4795658114603663,-1.1271944305927017
2657,52,Female,Shorts,Clothing,76,Indiana,L,Yellow,Winter,3.6,No,Express,No,No,29,Bank Transfer,Fortnightly,26,2,0.3469942342980766,0.5125512108230269
2658,52,Female,Dress,Clothing,81,Texas,M,Pink,Summer,2.7,No,Express,No,No,7,Credit Card,Fortnightly,26,3,0.2729347204052536,-0.8105904540801407
2659,52,Female,Handbag,Accessories,47,Ohio,XL,Indigo,Summer,3.2,No,Next Day Air,No,No,39,PayPal,Monthly,12,1,1.270663541572325,0.2019844835963974
2660,35,Female,Boots,Footwear,35,Kansas,L,Gray,Summer,4.4,No,2-Day Shipping,No,No,46,Credit Card,Fortnightly,26,1,0.23764803702118617,0.35717275413479566
2661,24,Female,Pants,Clothing,85,South Carolina,L,Yellow,Spring,4.9,No,Express,No,No,44,Venmo,Annually,1,2,-1.680004878314306,1.8241471220912568
2662,43,Female,Boots,Footwear,96,Michigan,XL,Olive,Fall,4.8,No,Express,No,No,20,Bank Transfer,Annually,1,2,-1.6837736755990302,1.4105153724186825
2663,25,Female,Skirt,Clothing,98,Nebraska,M,Cyan,Summer,2.8,No,2-Day Shipping,No,No,44,PayPal,Fortnightly,26,2,-0.15018022078158397,0.6483934104305566
2664,46,Female,Sneakers,Footwear,52,Wisconsin,L,Silver,Fall,2.9,No,Free Shipping,No,No,23,Bank Transfer,Annually,1,1,0.596704836369086,-0.5142821582557728
2665,22,Female,Jewelry,Accessories,84,Illinois,L,Silver,Winter,3.2,No,Store Pickup,No,No,37,PayPal,Weekly,52,0,-0.2947617822401766,-0.14707791629303132
2666,70,Female,T-shirt,Clothing,71,Louisiana,L,Red,Winter,3.5,No,Store Pickup,No,No,4,Venmo,Weekly,52,0,0.7682822426545605,-0.6734450773776139
2667,49,Female,Sandals,Footwear,95,Ohio,S,Brown,Winter,4.1,No,Store Pickup,No,No,14,Venmo,Fortnightly,26,3,-0.8728197506253186,0.5456270703911278
2668,48,Female,Boots,Footwear,47,Maryland,M,Orange,Summer,4.1,No,Free Shipping,No,No,31,Cash,Fortnightly,26,1,0.3648805401990811,0.10939847162241871
2669,59,Female,Coat,Outerwear,75,Texas,M,Black,Summer,4.8,No,Next Day Air,No,No,9,PayPal,Quarterly,4,3,-0.9561643100912119,0.7460030410345035
2670,39,Female,Belt,Accessories,28,Illinois,L,Teal,Spring,2.8,No,Free Shipping,No,No,31,Credit Card,Weekly,52,0,1.452537504698426,-1.5948105964363735
2671,30,Female,Sunglasses,Accessories,44,Pennsylvania,M,Yellow,Fall,4.7,No,Express,No,No,26,Bank Transfer,Bi-Weekly,26,3,-0.9010026859368944,-0.21356912625542732
2672,37,Female,Sandals,Footwear,64,Alabama,XL,Gray,Winter,4.8,No,2-Day Shipping,No,No,41,PayPal,Every 3 Months,4,2,-0.7789416719517589,1.3791290506630571
2673,56,Female,Boots,Footwear,28,West Virginia,M,Maroon,Spring,2.9,No,Standard,No,No,13,Cash,Annually,1,1,1.1260479377891335,-1.295650829311883
2674,67,Female,Hoodie,Clothing,21,Nevada,M,Olive,Summer,2.6,No,2-Day Shipping,No,No,4,Cash,Monthly,12,1,1.7529778345213776,-1.9205216621097145
2675,40,Female,Hat,Accessories,41,Florida,S,Charcoal,Fall,3.3,No,Express,No,No,15,Cash,Every 3 Months,4,3,0.0454435723170564,-1.05219267674502
2676,24,Female,Shorts,Clothing,38,Virginia,M,Peach,Winter,3.4,No,Free Shipping,No,No,38,Cash,Bi-Weekly,26,1,0.20784530635280948,-0.7078946465039442
2677,43,Female,Backpack,Accessories,77,Kentucky,M,Maroon,Spring,3.6,No,Free Shipping,No,No,3,Cash,Fortnightly,26,3,-0.784817999038163,-0.7557177676663974
2678,45,Female,Shorts,Clothing,43,Connecticut,L,Olive,Spring,3.8,No,Next Day Air,No,No,6,PayPal,Every 3 Months,4,3,-0.3886667451304988,-0.9985531181096636
2679,33,Female,Belt,Accessories,91,Montana,M,Magenta,Spring,3.4,No,2-Day Shipping,No,No,34,Credit Card,Bi-Weekly,26,2,-0.4092978527820313,0.5663430372738467
2680,53,Female,Shorts,Clothing,68,Montana,S,Yellow,Spring,3.8,No,Express,No,No,7,Debit Card,Quarterly,4,3,-0.44118374141837247,-0.19602189590280475
2681,44,Female,Socks,Clothing,37,Nebraska,L,Indigo,Fall,3.3,No,Next Day Air,No,No,21,Venmo,Annually,1,1,0.4226221992911352,-0.770110011443191
2682,23,Female,Shoes,Footwear,23,Massachusetts,L,Olive,Summer,4.8,No,Standard,No,No,17,Debit Card,Monthly,12,3,-1.2954095741973979,-1.0052252908197852
2683,59,Female,Sneakers,Footwear,65,North Carolina,L,Maroon,Winter,3.9,No,2-Day Shipping,No,No,5,Venmo,Every 3 Months,4,3,-0.26912540399600776,-0.16893422106311337
2684,68,Female,Backpack,Accessories,30,Montana,M,Indigo,Summer,4.2,No,Next Day Air,No,No,21,Cash,Fortnightly,26,1,1.1241577468947352,-0.2391821806402927
2685,46,Female,Dress,Clothing,45,Washington,M,Gray,Summer,4.7,No,Free Shipping,No,No,42,Credit Card,Bi-Weekly,26,1,0.2044494361791487,0.8254609167082029
2686,56,Female,Boots,Footwear,25,Virginia,M,Gray,Winter,2.7,No,Express,No,No,49,Credit Card,Quarterly,4,1,2.3686435817224996,0.008589666806848934
2687,40,Female,Socks,Clothing,72,Georgia,M,Black,Winter,3.8,No,2-Day Shipping,No,No,33,Cash,Fortnightly,26,2,-0.11379021325298744,0.44779773612240004
2688,61,Female,Dress,Clothing,75,Delaware,M,White,Fall,3.6,No,2-Day Shipping,No,No,12,Debit Card,Bi-Weekly,26,3,0.2542963084995411,-0.04236072682832524
2689,53,Female,Handbag,Accessories,63,West Virginia,XL,Turquoise,Spring,2.9,No,2-Day Shipping,No,No,18,Credit Card,Every 3 Months,4,3,0.5901722806923796,-0.3566366122932105
2690,29,Female,Blouse,Clothing,35,Wyoming,M,Orange,Fall,3.9,No,Standard,No,No,47,PayPal,Quarterly,4,1,0.1744559065350127,0.2700507278819922
2691,44,Female,Belt,Accessories,32,New Mexico,L,Yellow,Summer,4.7,No,Free Shipping,No,No,18,Bank Transfer,Weekly,52,0,-0.11681610988064717,-0.8721565989138532
2692,43,Female,Pants,Clothing,25,Nebraska,L,Blue,Winter,3.3,No,2-Day Shipping,No,No,48,Cash,Monthly,12,1,1.4460128023377519,-0.07009429127848683
2693,40,Female,Sneakers,Footwear,90,Washington,XL,Violet,Spring,4.2,No,Free Shipping,No,No,18,Debit Card,Every 3 Months,4,3,-1.3162055213662587,0.7433128115290387
2694,55,Female,Boots,Footwear,70,Hawaii,L,Lavender,Summer,2.6,No,Standard,No,No,46,Cash,Quarterly,4,2,1.566610815888922,0.8687730474070807
2695,66,Female,Sunglasses,Accessories,27,Louisiana,M,Olive,Spring,4.9,No,Express,No,No,34,Credit Card,Every 3 Months,4,1,0.7719600623508756,0.8739766136392608
2696,50,Female,Hat,Accessories,92,Tennessee,M,Orange,Fall,3.6,No,Standard,No,No,10,PayPal,Bi-Weekly,26,3,-0.5424471784078204,0.04349167948150902
2697,57,Female,Coat,Outerwear,20,South Dakota,M,White,Spring,4.7,No,Free Shipping,No,No,12,Debit Card,Monthly,12,1,0.09856821687652574,-0.6286766440230476
2698,42,Female,Jacket,Outerwear,52,Delaware,L,Red,Winter,3.2,No,Standard,No,No,36,Bank Transfer,Quarterly,4,1,0.6151016948585948,0.08412359228073618
2699,55,Female,Hoodie,Clothing,57,Virginia,M,Magenta,Summer,3.6,No,Store Pickup,No,No,34,Venmo,Quarterly,4,1,0.7344074012006501,0.6175231474638985
2700,25,Female,Boots,Footwear,96,Utah,M,Violet,Fall,3.6,No,2-Day Shipping,No,No,49,Debit Card,Annually,1,2,-0.7605988278879364,1.582768943487123
2701,22,Female,T-shirt,Clothing,68,California,XL,Olive,Winter,3.2,No,Standard,No,No,36,Cash,Weekly,52,0,-0.05815847257517509,-0.5681309216580488
2702,49,Female,Sweater,Clothing,30,Idaho,L,Silver,Summer,2.8,No,Store Pickup,No,No,18,Bank Transfer,Fortnightly,26,1,1.2355914503080383,-1.5578152544469517
2703,70,Female,Shoes,Footwear,37,Texas,L,Gray,Fall,4.0,No,Next Day Air,No,No,39,Debit Card,Fortnightly,26,1,1.7452407391350593,0.6187519873451862
2704,56,Female,Scarf,Accessories,42,Tennessee,XL,Olive,Winter,4.4,No,Free Shipping,No,No,34,PayPal,Weekly,52,0,0.8846885762853344,0.126062972835676
2705,52,Female,Dress,Clothing,54,Tennessee,L,Beige,Spring,3.4,No,Next Day Air,No,No,35,Debit Card,Weekly,52,0,1.2536157359285385,-0.19699091171740302
2706,65,Female,Jacket,Outerwear,81,Washington,S,Turquoise,Spring,5.0,No,Store Pickup,No,No,1,Credit Card,Bi-Weekly,26,3,-0.9799589359924383,0.5087630068677754
2707,24,Female,Shoes,Footwear,40,Alabama,S,Blue,Spring,3.1,No,Express,No,No,48,Debit Card,Quarterly,4,1,0.4765349690182982,-0.1266846067887348
2708,32,Female,Backpack,Accessories,88,Nebraska,M,Pink,Fall,4.2,No,Standard,No,No,19,Cash,Weekly,52,0,-1.1629824171352872,-0.039798799022318
2709,57,Female,Dress,Clothing,94,Alabama,M,Teal,Summer,3.3,No,Store Pickup,No,No,44,Debit Card,Weekly,52,0,1.1260398085172718,1.1800221790476515
2710,35,Female,Shirt,Clothing,54,Illinois,S,Cyan,Winter,2.9,No,Standard,No,No,9,Credit Card,Bi-Weekly,26,3,-0.07199700635518097,-1.6097609066497929
2711,69,Female,Jacket,Outerwear,51,Wisconsin,L,Purple,Summer,4.7,No,Standard,No,No,3,Bank Transfer,Fortnightly,26,3,-0.04762522734539378,-0.20173048265293486
2712,30,Female,Sunglasses,Accessories,22,Nebraska,L,Red,Spring,4.0,No,Standard,No,No,50,Venmo,Monthly,12,1,0.5171289361629698,0.06555860664762107
2713,37,Female,Jacket,Outerwear,95,North Dakota,L,Brown,Fall,4.6,No,Standard,No,No,7,Debit Card,Quarterly,4,3,-2.119580592157158,0.558145057647294
2714,19,Female,Coat,Outerwear,57,Mississippi,M,Magenta,Fall,3.8,No,2-Day Shipping,No,No,20,Debit Card,Annually,1,3,-1.3313650130852102,-0.5831100667725304
2715,53,Female,Sweater,Clothing,45,Iowa,S,Olive,Winter,3.6,No,Store Pickup,No,No,16,Credit Card,Bi-Weekly,26,3,0.5320357976717626,-0.7512233709559875
2716,25,Female,Sneakers,Footwear,92,Mississippi,XL,Pink,Winter,4.1,No,Express,No,No,29,PayPal,Fortnightly,26,2,-1.395544419246775,0.6051659364689557
2717,47,Female,Shoes,Footwear,40,Colorado,L,Black,Spring,2.7,No,Store Pickup,No,No,21,Debit Card,Weekly,52,0,1.3727371977362521,-1.6228504899456844
2718,18,Female,Sunglasses,Accessories,62,Nebraska,XL,Beige,Winter,4.3,No,Free Shipping,No,No,19,Credit Card,Every 3 Months,4,3,-1.8107072072860428,-0.2837466402821262
2719,22,Female,Shorts,Clothing,90,Virginia,M,Peach,Winter,4.9,No,Next Day Air,No,No,10,Venmo,Bi-Weekly,26,3,-2.593105660699592,0.14122112977184798
2720,69,Female,Hoodie,Clothing,82,Louisiana,S,Peach,Fall,4.2,No,Free Shipping,No,No,4,Bank Transfer,Monthly,12,3,-0.3037140934823135,0.46953714864702506
2721,55,Female,Scarf,Accessories,52,Maryland,M,Peach,Spring,2.8,No,Store Pickup,No,No,45,Bank Transfer,Quarterly,4,1,1.6951776848051319,0.5134285012518842
2722,19,Female,Sandals,Footwear,70,Minnesota,S,Teal,Spring,4.9,No,Free Shipping,No,No,17,PayPal,Fortnightly,26,3,-2.1873641761586335,-0.09848090775272281
2723,23,Female,Hat,Accessories,83,Maine,M,Green,Spring,2.8,No,2-Day Shipping,No,No,22,PayPal,Fortnightly,26,3,-0.6114595127343473,-0.6815058472568356
2724,54,Female,Shoes,Footwear,49,Texas,XL,Brown,Summer,2.9,No,Store Pickup,No,No,3,PayPal,Every 3 Months,4,3,0.4366120749342048,-1.3028910167016874
2725,52,Female,Sneakers,Footwear,91,Missouri,M,Brown,Spring,2.5,No,Next Day Air,No,No,11,Debit Card,Fortnightly,26,3,0.3623389378790263,-0.5173739639448318
2726,64,Female,Backpack,Accessories,99,Mississippi,S,Violet,Summer,2.7,No,Free Shipping,No,No,4,Debit Card,Annually,1,3,0.16782677999761414,0.05847335702511815
2727,33,Female,Belt,Accessories,92,Michigan,L,Blue,Winter,3.3,No,Free Shipping,No,No,11,PayPal,Bi-Weekly,26,3,-1.0102501826425152,-0.4417009846854325
2728,40,Female,Shirt,Clothing,87,Colorado,L,Charcoal,Winter,3.7,No,2-Day Shipping,No,No,47,Credit Card,Fortnightly,26,2,0.10696047950508838,1.33985906119671
2729,26,Female,Skirt,Clothing,28,Florida,M,Pink,Winter,4.0,No,Express,No,No,17,Debit Card,Weekly,52,0,-0.3346092955232498,-1.7839527249269904
2730,31,Female,Gloves,Accessories,71,Montana,S,Violet,Summer,4.1,No,Free Shipping,No,No,32,Credit Card,Monthly,12,2,-0.8362015917445699,0.5395735599788822
2731,23,Female,Gloves,Accessories,32,Wisconsin,M,Teal,Winter,4.1,No,Store Pickup,No,No,37,Bank Transfer,Annually,1,1,-0.47822861946024153,-0.20016058951568022
2732,52,Female,Handbag,Accessories,33,Wisconsin,M,Red,Summer,2.5,No,2-Day Shipping,No,No,44,Bank Transfer,Quarterly,4,1,2.0682930231730685,-0.21136435574894322
2733,21,Female,Socks,Clothing,75,Delaware,L,Orange,Winter,4.2,No,Store Pickup,No,No,27,Debit Card,Every 3 Months,4,2,-1.6027356197226859,0.3697677858894911
2734,31,Female,Backpack,Accessories,83,North Carolina,M,Magenta,Summer,4.7,No,Express,No,No,46,PayPal,Annually,1,2,-1.157199674654525,1.8959993581865997
2735,63,Female,Jeans,Clothing,93,New York,XL,Yellow,Summer,2.7,No,2-Day Shipping,No,No,13,Cash,Bi-Weekly,26,3,0.703128103268226,-0.04053525900174232
2736,46,Female,Skirt,Clothing,29,California,M,Yellow,Spring,3.0,No,Express,No,No,2,PayPal,Bi-Weekly,26,3,0.5304080630959552,-2.2100159730729674
2737,44,Female,Hoodie,Clothing,25,Montana,M,Pink,Spring,4.8,No,Store Pickup,No,No,45,Credit Card,Annually,1,1,0.24609386995944738,0.8112903028945996
2738,57,Female,Jewelry,Accessories,76,North Carolina,S,Indigo,Spring,4.4,No,Free Shipping,No,No,35,Cash,Every 3 Months,4,2,-0.033285876769140854,1.6038556488966202
2739,50,Female,Sneakers,Footwear,81,Ohio,M,Charcoal,Summer,4.3,No,2-Day Shipping,No,No,39,Venmo,Every 3 Months,4,2,-0.2231745366357652,1.6878380611224677
2740,33,Female,Shirt,Clothing,80,Alaska,XL,Blue,Winter,2.5,No,Store Pickup,No,No,39,Credit Card,Every 3 Months,4,2,0.3558990744104793,0.28877894751685046
2741,19,Female,Sunglasses,Accessories,70,Pennsylvania,M,Lavender,Summer,4.9,No,Free Shipping,No,No,34,Bank Transfer,Fortnightly,26,2,-1.7032555085937227,0.6223115474657237
2742,68,Female,Dress,Clothing,81,Maine,L,Yellow,Fall,4.9,No,2-Day Shipping,No,No,41,Venmo,Monthly,12,2,0.23075228449997315,2.3892346718670754
2743,27,Female,Shoes,Footwear,86,Texas,M,Black,Spring,3.9,No,Free Shipping,No,No,47,Debit Card,Annually,1,2,-0.7803363288369894,1.4729930488289746
2744,61,Female,Belt,Accessories,94,New Jersey,S,Beige,Fall,4.1,No,2-Day Shipping,No,No,17,Venmo,Quarterly,4,2,-0.4657326473519797,1.1813313831165935
2745,38,Female,Shirt,Clothing,66,Wyoming,M,Silver,Winter,3.3,No,Store Pickup,No,No,40,Credit Card,Monthly,12,2,0.3306824800184277,0.4557051904193546
2746,28,Female,Boots,Footwear,98,Michigan,M,Magenta,Summer,4.1,No,Standard,No,No,44,PayPal,Bi-Weekly,26,2,-0.9428470801516018,1.4463364421298395
2747,39,Female,Hoodie,Clothing,25,Ohio,M,Orange,Fall,3.7,No,Standard,No,No,21,PayPal,Every 3 Months,4,1,0.1573935440014384,-0.9714292145312924
2748,18,Female,Jeans,Clothing,62,West Virginia,M,Teal,Winter,3.1,No,Free Shipping,No,No,21,Credit Card,Every 3 Months,4,3,-0.9067243843208058,-0.8771883700441849
2749,24,Female,Jacket,Outerwear,98,Virginia,L,Turquoise,Spring,3.0,No,Free Shipping,No,No,16,Venmo,Annually,1,3,-1.3516090348693892,-0.1292658571439011
2750,64,Female,Jacket,Outerwear,53,Vermont,M,Cyan,Spring,3.4,No,Standard,No,No,15,Bank Transfer,Annually,1,3,0.7490792294149016,-0.16811970002374582
2751,51,Female,Sandals,Footwear,66,Alaska,L,Pink,Spring,2.7,No,2-Day Shipping,No,No,26,PayPal,Every 3 Months,4,1,0.8261585527282543,-0.10160419433511529
2752,27,Female,Dress,Clothing,52,Minnesota,S,Indigo,Fall,3.1,No,Free Shipping,No,No,50,Venmo,Monthly,12,1,0.5304272975516623,0.20367107286633693
2753,48,Female,Sweater,Clothing,64,Colorado,S,Peach,Winter,4.0,No,Free Shipping,No,No,30,Venmo,Bi-Weekly,26,2,0.1253414900184857,0.4127981350038852
2754,69,Female,Gloves,Accessories,59,Rhode Island,M,Beige,Spring,3.6,No,Next Day Air,No,No,48,PayPal,Quarterly,4,2,1.6830395501538287,1.5532985057022413
2755,59,Female,Sunglasses,Accessories,61,New Jersey,L,Gold,Summer,3.6,No,Free Shipping,No,No,21,Venmo,Bi-Weekly,26,3,0.6592358922097408,-0.03420790207330468
2756,59,Female,Belt,Accessories,97,Nevada,M,Indigo,Winter,3.3,No,Store Pickup,No,No,18,Credit Card,Annually,1,2,-0.032121123898833585,0.8385523512986715
2757,42,Female,Hat,Accessories,23,Minnesota,L,Violet,Winter,4.1,No,Free Shipping,No,No,41,PayPal,Monthly,12,1,0.6734738203658728,0.016876989216377352
2758,39,Female,Hat,Accessories,98,Delaware,XL,Brown,Fall,4.3,No,Next Day Air,No,No,11,Venmo,Monthly,12,3,-1.6895186710986194,0.5696863675244381
2759,32,Female,Blouse,Clothing,98,Illinois,M,Purple,Summer,3.2,No,Standard,No,No,8,Bank Transfer,Bi-Weekly,26,3,-1.1661497413329778,-0.5044853864509627
2760,68,Female,Shoes,Footwear,59,Washington,M,Turquoise,Summer,3.9,No,Free Shipping,No,No,42,Cash,Every 3 Months,4,2,1.2587712048945483,1.4474006726414297
2761,41,Female,Skirt,Clothing,82,Alaska,S,Violet,Fall,5.0,No,Next Day Air,No,No,41,Credit Card,Bi-Weekly,26,2,-0.8570291660165246,1.7229541399725372
2762,31,Female,Sneakers,Footwear,82,Michigan,M,Purple,Fall,3.4,No,Next Day Air,No,No,3,Credit Card,Every 3 Months,4,3,-1.4209773985705176,-0.7237141754663244
2763,58,Female,T-shirt,Clothing,41,Georgia,M,Charcoal,Fall,3.8,No,Store Pickup,No,No,10,Debit Card,Every 3 Months,4,3,0.299816424829731,-0.6024973905185129
2764,28,Female,Handbag,Accessories,52,West Virginia,M,Green,Fall,2.9,No,2-Day Shipping,No,No,35,Venmo,Quarterly,4,1,0.2152924709454107,-0.4226860648846544
2765,63,Female,Sweater,Clothing,41,Arizona,XL,White,Spring,2.6,No,Next Day Air,No,No,2,Debit Card,Weekly,52,0,1.5520807427837489,-2.124324983786659
2766,64,Female,Gloves,Accessories,70,Colorado,M,Purple,Summer,4.3,No,2-Day Shipping,No,No,24,Credit Card,Quarterly,4,2,0.11500291512693708,1.0863703624152654
2767,66,Female,Dress,Clothing,91,Tennessee,M,Cyan,Winter,2.8,No,Standard,No,No,47,Credit Card,Monthly,12,2,1.6349410003418778,1.6512475280714562
2768,31,Female,Dress,Clothing,95,Iowa,M,Green,Spring,4.5,No,Free Shipping,No,No,31,Cash,Monthly,12,2,-1.5446419613796416,1.2912344582666744
2769,55,Female,Blouse,Clothing,25,Kansas,M,Beige,Spring,3.8,No,2-Day Shipping,No,No,28,PayPal,Bi-Weekly,26,1,1.147236942777654,-0.5605839548768533
2770,32,Female,Shirt,Clothing,89,Oklahoma,L,Lavender,Fall,3.0,No,Standard,No,No,13,Cash,Weekly,52,0,-0.5033829558618826,-0.948771137725459
2771,50,Female,Boots,Footwear,44,Nebraska,S,Blue,Fall,3.3,No,Express,No,No,22,Bank Transfer,Quarterly,4,1,0.6115723517413966,-0.4737911970986948
2772,58,Female,Jacket,Outerwear,52,Maryland,S,Beige,Summer,3.1,No,2-Day Shipping,No,No,12,Bank Transfer,Fortnightly,26,3,0.8633301768525137,-0.9324575302905398
2773,18,Female,Backpack,Accessories,94,Pennsylvania,L,Blue,Spring,3.5,No,Store Pickup,No,No,10,Bank Transfer,Every 3 Months,4,3,-2.0324747034608235,-0.3601963090617482
2774,39,Female,Pants,Clothing,98,Arizona,S,Maroon,Spring,4.6,No,Express,No,No,45,Bank Transfer,Quarterly,4,2,-1.0038593955019803,2.28244712748204
2775,56,Female,Boots,Footwear,40,Oklahoma,L,Yellow,Fall,4.1,No,Standard,No,No,42,Credit Card,Quarterly,4,1,0.9325916075416264,0.858061364581305
2776,37,Female,Socks,Clothing,25,Montana,L,Red,Fall,3.6,No,Free Shipping,No,No,16,Debit Card,Weekly,52,0,0.4271009502279631,-1.8917623124896172
2777,46,Female,Scarf,Accessories,62,Wyoming,L,Green,Fall,2.9,No,Free Shipping,No,No,6,Bank Transfer,Annually,1,3,-0.0530790125145729,-0.9984162077394086
2778,52,Female,Blouse,Clothing,24,Idaho,M,Magenta,Fall,4.8,No,Standard,No,No,28,Credit Card,Every 3 Months,4,1,0.13829701359580088,0.19721179416360834
2779,70,Female,Belt,Accessories,57,Pennsylvania,L,Yellow,Spring,3.2,No,Standard,No,No,24,Credit Card,Bi-Weekly,26,1,1.5514215778728075,0.003914894547869001
2780,61,Female,Sunglasses,Accessories,66,Montana,L,Blue,Winter,4.3,No,Express,No,No,14,Credit Card,Fortnightly,26,3,-0.033742236967490756,0.2250863116377272
2781,33,Female,Boots,Footwear,70,Ohio,M,Charcoal,Winter,4.1,No,Next Day Air,No,No,29,PayPal,Fortnightly,26,2,-0.6978650437815295,0.2530030955328836
2782,65,Female,Sandals,Footwear,39,Mississippi,M,Blue,Spring,4.6,No,Standard,No,No,33,PayPal,Weekly,52,0,1.139585896857924,0.3152523934232707
2783,41,Female,Gloves,Accessories,34,Idaho,S,Cyan,Spring,3.8,No,Free Shipping,No,No,30,PayPal,Annually,1,1,0.250741143948859,-0.24009329594798468
2784,19,Female,Skirt,Clothing,38,Virginia,M,Silver,Spring,4.5,No,Next Day Air,No,No,26,Credit Card,Quarterly,4,1,-1.3132701389481263,-0.4208290739035823
2785,33,Female,Skirt,Clothing,70,Idaho,M,Black,Winter,3.1,No,Express,No,No,12,PayPal,Every 3 Months,4,3,-0.6708186473232557,-0.7535470542592608
2786,53,Female,Blouse,Clothing,80,Louisiana,S,Green,Summer,2.9,No,Next Day Air,No,No,13,Bank Transfer,Monthly,12,3,0.23694041423990597,-0.2679307424761681
2787,54,Female,Handbag,Accessories,51,Colorado,M,Violet,Spring,3.8,No,Next Day Air,No,No,41,Debit Card,Every 3 Months,4,1,0.8503306490238208,0.8643044312449738
2788,36,Female,Boots,Footwear,79,West Virginia,XL,Pink,Spring,4.1,No,Next Day Air,No,No,4,Venmo,Fortnightly,26,3,-1.4339494768817713,-0.5308111246586045
2789,56,Female,Boots,Footwear,92,Rhode Island,M,Olive,Summer,3.1,No,Free Shipping,No,No,2,Credit Card,Annually,1,3,-0.38869148455833535,-0.13439201033483505
2790,28,Female,Sweater,Clothing,85,North Carolina,L,Orange,Fall,5.0,No,Express,No,No,28,Credit Card,Bi-Weekly,26,2,-1.818372678113582,0.9689682472509845
2791,34,Female,Socks,Clothing,63,Maine,M,Black,Spring,4.5,No,Free Shipping,No,No,24,Debit Card,Annually,1,3,-1.186223663582873,0.4400342895753382
2792,43,Female,Gloves,Accessories,60,Iowa,M,Yellow,Fall,2.8,No,Express,No,No,14,Venmo,Fortnightly,26,3,0.37476250214881573,-1.1438025007601846
2793,54,Female,Shorts,Clothing,44,Kentucky,L,Violet,Winter,3.2,No,Express,No,No,11,Credit Card,Weekly,52,0,0.9603133577209527,-1.522157393432558
2794,37,Female,Boots,Footwear,57,Massachusetts,M,Silver,Spring,3.1,No,Standard,No,No,27,Debit Card,Bi-Weekly,26,1,0.33301310438755943,-0.6204098202446714
2795,33,Female,Jacket,Outerwear,24,New York,M,Gold,Fall,3.3,No,Standard,No,No,7,Cash,Fortnightly,26,3,0.0024331285449898164,-2.2205763684394273
2796,33,Female,Scarf,Accessories,35,Nebraska,M,Magenta,Winter,3.4,No,Store Pickup,No,No,49,PayPal,Annually,1,1,0.7243852317329667,0.1945981798285057
2797,55,Female,Jacket,Outerwear,73,Oklahoma,M,Red,Winter,3.8,No,Store Pickup,No,No,21,Cash,Annually,1,2,-0.06859542821220856,0.5961283711547891
2798,63,Female,Jewelry,Accessories,42,Oklahoma,M,Green,Winter,3.5,No,Express,No,No,10,Venmo,Every 3 Months,4,3,0.7032523575691684,-0.643088228179887
2799,52,Female,Hoodie,Clothing,20,Rhode Island,XL,Red,Winter,4.8,No,Store Pickup,No,No,37,PayPal,Weekly,52,0,0.885664974214481,-0.12554939633963594
2800,23,Female,T-shirt,Clothing,89,Maine,L,Pink,Spring,3.9,No,Free Shipping,No,No,9,Bank Transfer,Every 3 Months,4,3,-2.0522108119190263,-0.18954125510458794
2801,70,Female,Shirt,Clothing,76,Arkansas,L,Violet,Fall,3.4,No,Free Shipping,No,No,14,Cash,Bi-Weekly,26,3,0.8106974519046982,0.1426104439075887
2802,64,Female,Shirt,Clothing,56,New Mexico,M,Indigo,Winter,2.6,No,Express,No,No,30,PayPal,Annually,1,1,1.6912172897443638,0.08671060310937022
2803,22,Female,Coat,Outerwear,100,Hawaii,L,Red,Fall,3.1,No,Store Pickup,No,No,42,Credit Card,Fortnightly,26,2,-0.5769741746656354,0.7173040703538613
2804,46,Female,T-shirt,Clothing,44,Idaho,M,Violet,Winter,3.3,No,Free Shipping,No,No,31,Bank Transfer,Monthly,12,1,0.7720690314787204,-0.278053656220601
2805,65,Female,Hoodie,Clothing,76,South Carolina,M,Cyan,Spring,2.8,No,Standard,No,No,48,Bank Transfer,Every 3 Months,4,2,1.7994806616801224,1.4192144081840306
2806,18,Female,Sunglasses,Accessories,97,Nevada,S,Black,Fall,4.3,No,Standard,No,No,48,Cash,Quarterly,4,2,-1.564737908996811,1.7741449092800023
2807,45,Female,Blouse,Clothing,39,South Carolina,L,Purple,Spring,2.7,No,Standard,No,No,50,Credit Card,Annually,1,1,1.6804832740403577,0.18874908458377648
2808,56,Female,Hoodie,Clothing,100,Maryland,M,Charcoal,Spring,4.4,No,2-Day Shipping,No,No,10,Debit Card,Fortnightly,26,3,-0.9897777490899833,0.8113432042568745
2809,49,Female,Skirt,Clothing,62,Tennessee,M,Beige,Spring,3.9,No,Free Shipping,No,No,45,PayPal,Every 3 Months,4,2,0.5031638974944064,1.2454434401886192
2810,66,Female,Shorts,Clothing,98,Arkansas,XL,Teal,Summer,3.0,No,Standard,No,No,27,Debit Card,Quarterly,4,2,0.7374564434919462,1.1835730676417333
2811,27,Female,Jeans,Clothing,31,Arizona,M,Purple,Summer,4.0,No,Standard,No,No,10,Debit Card,Fortnightly,26,3,-0.7721042090100443,-1.6584405633687407
2812,69,Female,Jacket,Outerwear,89,Ohio,M,Blue,Fall,3.7,No,Store Pickup,No,No,19,Credit Card,Quarterly,4,2,0.28959583478646667,1.0902066635947743
2813,66,Female,Hoodie,Clothing,91,North Dakota,XL,Magenta,Fall,3.8,No,Store Pickup,No,No,1,Credit Card,Every 3 Months,4,3,-0.4516583292049595,0.36768428413216886
2814,45,Female,Shirt,Clothing,50,Vermont,S,Maroon,Summer,3.3,No,2-Day Shipping,No,No,39,Debit Card,Quarterly,4,1,0.7880296751625584,0.28369276926031844
2815,31,Female,T-shirt,Clothing,32,Minnesota,L,Gold,Winter,3.6,No,Standard,No,No,14,Bank Transfer,Monthly,12,3,-0.34972534008000705,-1.4291865846866043
2816,33,Female,Blouse,Clothing,67,Idaho,L,Black,Fall,3.9,No,Free Shipping,No,No,40,Venmo,Every 3 Months,4,2,-0.3884465485179428,0.8148035587483997
2817,43,Female,Skirt,Clothing,28,Maryland,M,Black,Spring,3.5,No,Free Shipping,No,No,45,Venmo,Weekly,52,0,1.5237120496664587,-0.5213334926968909
2818,25,Female,Backpack,Accessories,65,South Carolina,XL,Yellow,Winter,3.4,No,Standard,No,No,6,Venmo,Weekly,52,0,-0.878989067330435,-1.7348928693211287
2819,46,Female,Shorts,Clothing,73,California,M,Turquoise,Fall,4.7,No,Next Day Air,No,No,12,Debit Card,Annually,1,3,-1.3350031224080983,0.5336666389158551
2820,67,Female,Shirt,Clothing,27,Georgia,L,Lavender,Spring,3.0,No,Free Shipping,No,No,19,Cash,Monthly,12,1,1.7983844783799678,-0.916452995115456
2821,26,Female,Backpack,Accessories,89,Vermont,L,Yellow,Summer,3.9,No,Free Shipping,No,No,5,Cash,Bi-Weekly,26,3,-1.8464686714479839,-0.5754003676918958
2822,35,Female,Shoes,Footwear,72,Georgia,L,Olive,Summer,4.5,No,Standard,No,No,37,Venmo,Monthly,12,2,-0.8261301733945533,1.0855602880527877
2823,61,Female,Skirt,Clothing,37,New Jersey,S,Brown,Fall,4.1,No,Standard,No,No,33,PayPal,Quarterly,4,1,0.9342475732847982,0.5107713694572982
2824,26,Female,Dress,Clothing,63,Utah,M,Olive,Summer,4.5,No,Standard,No,No,47,Debit Card,Bi-Weekly,26,2,-0.6431944523670835,0.929189558419402
2825,39,Female,Hat,Accessories,90,Utah,M,Purple,Fall,4.0,No,Free Shipping,No,No,49,Debit Card,Quarterly,4,2,-0.3338968976293796,1.923598206581123
2826,69,Female,Handbag,Accessories,62,North Carolina,M,Yellow,Winter,4.3,No,2-Day Shipping,No,No,28,Bank Transfer,Annually,1,2,0.5431469008090254,1.2100512595045934
2827,32,Female,Handbag,Accessories,43,Florida,L,Brown,Fall,3.6,No,Express,No,No,23,Venmo,Annually,1,1,-0.33137712897493704,-0.6264841226092562
2828,20,Female,Blouse,Clothing,96,Wisconsin,M,Magenta,Fall,3.1,No,Next Day Air,No,No,11,Bank Transfer,Bi-Weekly,26,3,-1.4767889900739744,-0.7338669467291226
2829,25,Female,Scarf,Accessories,83,Tennessee,L,Lavender,Fall,2.6,No,Standard,No,No,33,PayPal,Quarterly,4,2,-0.26844507772538506,-0.006586449400748523
2830,56,Female,Jewelry,Accessories,67,Arizona,XL,Teal,Fall,3.4,No,Next Day Air,No,No,47,Cash,Weekly,52,0,1.546558753836104,0.7037025158499515
2831,63,Female,Skirt,Clothing,90,Oregon,L,Cyan,Spring,2.9,No,Store Pickup,No,No,13,Venmo,Every 3 Months,4,3,0.4169568596117878,0.28095036684481595
2832,34,Female,Hoodie,Clothing,53,Virginia,L,Pink,Winter,5.0,No,Express,No,No,4,Credit Card,Weekly,52,0,-1.4916614031037567,-1.0098145875867006
2833,29,Female,Scarf,Accessories,37,Maryland,M,Magenta,Summer,4.6,No,Standard,No,No,40,PayPal,Quarterly,4,1,-0.5521181623875944,0.41622600695245304
2834,43,Female,Jeans,Clothing,56,Arkansas,M,Teal,Fall,3.3,No,Free Shipping,No,No,19,Cash,Monthly,12,3,0.10658730734478568,-0.5660403629908644
2835,39,Female,Jacket,Outerwear,43,Texas,M,Indigo,Fall,2.9,No,2-Day Shipping,No,No,17,Credit Card,Weekly,52,0,0.7347612679841069,-1.776896704306251
2836,33,Female,T-shirt,Clothing,84,Vermont,S,Pink,Winter,4.9,No,Free Shipping,No,No,7,Venmo,Annually,1,3,-2.3422424130127375,0.42124406065349707
2837,51,Female,Pants,Clothing,50,Wyoming,M,Charcoal,Winter,5.0,No,2-Day Shipping,No,No,21,Cash,Bi-Weekly,26,3,-0.4799157239914266,0.3282631824353747
2838,65,Female,Shoes,Footwear,88,Alabama,M,Brown,Summer,4.5,No,Express,No,No,44,PayPal,Weekly,52,0,0.7116100317972733,1.8847536294279763
2839,51,Female,Jacket,Outerwear,50,Maine,M,Blue,Fall,3.7,No,Free Shipping,No,No,2,Bank Transfer,Weekly,52,0,0.12673899118189783,-1.5423401241837886
2840,70,Female,Scarf,Accessories,80,South Dakota,L,Teal,Summer,2.8,No,Store Pickup,No,No,30,Bank Transfer,Monthly,12,2,1.4996720205095895,0.7543736523849739
2841,40,Female,T-shirt,Clothing,47,West Virginia,L,Pink,Spring,3.5,No,Store Pickup,No,No,41,Cash,Annually,1,1,0.5187181615777413,0.34333683259455494
2842,19,Female,Dress,Clothing,33,Ohio,XL,Magenta,Winter,3.0,No,2-Day Shipping,No,No,31,Cash,Weekly,52,0,0.39554349561650876,-1.7846553824134634
2843,28,Female,Coat,Outerwear,100,Arizona,L,Green,Fall,4.3,No,Standard,No,No,48,Debit Card,Quarterly,4,2,-1.1979479926874348,2.055749495601085
2844,51,Female,Sweater,Clothing,26,Ohio,M,White,Summer,3.6,No,Store Pickup,No,No,41,Venmo,Weekly,52,0,1.7055474022079589,-0.5132576767422313
2845,32,Female,Hat,Accessories,79,New Mexico,M,Indigo,Summer,4.4,No,Standard,No,No,42,Venmo,Annually,1,2,-0.9514310613176933,1.483238267060283
2846,26,Female,Backpack,Accessories,77,South Dakota,L,Lavender,Summer,4.1,No,Express,No,No,39,Debit Card,Every 3 Months,4,2,-1.015314916787727,0.9746776034302255
2847,50,Female,Socks,Clothing,36,Oklahoma,XL,Black,Fall,2.8,No,Next Day Air,No,No,15,PayPal,Bi-Weekly,26,1,1.0924046472523057,-1.5219581731139626
2848,68,Female,Jewelry,Accessories,21,Connecticut,L,Charcoal,Winter,2.8,No,Free Shipping,No,No,3,PayPal,Every 3 Months,4,1,1.5541777801199703,-1.7272047324966542
2849,33,Female,Boots,Footwear,72,Wisconsin,L,Gray,Fall,4.9,No,Store Pickup,No,No,28,Bank Transfer,Quarterly,4,2,-1.5188652895799606,0.989538789127877
2850,56,Female,Coat,Outerwear,25,New Hampshire,M,Gold,Spring,4.1,No,Express,No,No,27,PayPal,Bi-Weekly,26,1,0.9486519938843476,-0.412362594070935
2851,57,Female,Sweater,Clothing,79,Nebraska,M,Silver,Spring,3.0,No,Store Pickup,No,No,36,Debit Card,Annually,1,2,0.9071385718626297,0.9640776089284762
2852,58,Female,Blouse,Clothing,73,Nevada,L,Teal,Summer,3.0,No,Store Pickup,No,No,42,Debit Card,Monthly,12,2,1.3164059709141076,0.9578191054784668
2853,40,Female,Belt,Accessories,71,New York,M,Magenta,Spring,3.0,No,Store Pickup,No,No,30,Venmo,Weekly,52,0,0.6121350146407749,-0.4854781611491603
2854,37,Female,Hat,Accessories,48,Pennsylvania,M,Magenta,Winter,3.2,No,Next Day Air,No,No,9,PayPal,Weekly,52,0,0.12905212410496267,-1.8703251533383616
2855,36,Female,Sandals,Footwear,28,Delaware,M,Beige,Fall,2.7,No,Store Pickup,No,No,25,Venmo,Monthly,12,1,0.8733093992513707,-1.4608319282032096
2856,29,Female,Boots,Footwear,95,Mississippi,S,Maroon,Winter,3.8,No,2-Day Shipping,No,No,33,PayPal,Quarterly,4,2,-1.147687169101129,1.0398873054619795
2857,65,Female,Jacket,Outerwear,48,Iowa,M,Indigo,Winter,3.5,No,2-Day Shipping,No,No,31,Credit Card,Monthly,12,1,1.3559631762781816,0.32980326917132147
2858,44,Female,Dress,Clothing,93,Utah,S,Maroon,Spring,3.8,No,Next Day Air,No,No,35,Debit Card,Monthly,12,2,-0.3620586218755175,1.2916496946090834
2859,34,Female,Jeans,Clothing,87,Maryland,L,Teal,Summer,3.8,No,2-Day Shipping,No,No,46,Bank Transfer,Monthly,12,2,-0.3658991988943273,1.4054427046500817
2860,31,Female,Shorts,Clothing,32,Utah,L,Yellow,Fall,3.4,No,Express,No,No,29,Bank Transfer,Annually,1,1,0.12124968308769532,-0.7665118785984731
2861,28,Female,Shirt,Clothing,38,Rhode Island,M,Gold,Spring,2.9,No,Next Day Air,No,No,49,Bank Transfer,Weekly,52,0,1.2707205151078123,-0.7701078801761075
2862,66,Female,Coat,Outerwear,54,Maryland,M,Teal,Fall,3.4,No,Free Shipping,No,No,27,Credit Card,Monthly,12,1,1.2548851312837246,0.2667407241365987
2863,68,Female,Coat,Outerwear,75,Hawaii,S,Violet,Summer,4.7,No,Store Pickup,No,No,5,Bank Transfer,Every 3 Months,4,3,-0.6246432697304201,0.7094311042394059
2864,37,Female,T-shirt,Clothing,56,Connecticut,M,Yellow,Fall,3.9,No,2-Day Shipping,No,No,18,Venmo,Monthly,12,3,-0.5952995865608336,-0.3956837368702187
2865,58,Female,Sweater,Clothing,43,Illinois,S,Maroon,Fall,3.6,No,Store Pickup,No,No,31,Venmo,Weekly,52,0,1.430674519009641,-0.3875090036658093
2866,28,Female,Skirt,Clothing,97,California,M,Silver,Fall,3.7,No,Free Shipping,No,No,27,Cash,Fortnightly,26,2,-1.128045275559556,0.475797865624346
2867,54,Female,Blouse,Clothing,75,Connecticut,S,Violet,Summer,3.1,No,Free Shipping,No,No,19,Cash,Annually,1,3,0.29376649710744657,0.14195974221430518
2868,21,Female,Sneakers,Footwear,55,Colorado,L,White,Summer,4.9,No,Next Day Air,No,No,33,Cash,Fortnightly,26,2,-1.3999212229195956,0.2670457955943152
2869,45,Female,Backpack,Accessories,49,Colorado,M,Black,Winter,2.6,No,Next Day Air,No,No,42,PayPal,Every 3 Months,4,1,1.384128304173312,-0.008414893993942862
2870,57,Female,Socks,Clothing,58,Georgia,M,White,Summer,4.2,No,Standard,No,No,16,Bank Transfer,Weekly,52,0,0.28984336224847373,-0.35045502329311307
2871,47,Female,Jewelry,Accessories,34,North Dakota,M,Blue,Winter,4.8,No,Free Shipping,No,No,49,Debit Card,Every 3 Months,4,1,0.36239218626944303,1.2189573475738273
2872,46,Female,Shorts,Clothing,43,Idaho,S,Black,Summer,2.7,No,2-Day Shipping,No,No,40,Venmo,Bi-Weekly,26,1,1.5923452816783217,-0.43707128038523263
2873,63,Female,Jewelry,Accessories,48,Connecticut,L,Olive,Fall,2.6,No,Next Day Air,No,No,5,Cash,Annually,1,3,1.0701836766039925,-1.1836657326715518
2874,44,Female,Sweater,Clothing,40,Montana,M,Teal,Spring,2.6,No,Free Shipping,No,No,8,Bank Transfer,Monthly,12,3,0.5941702291742338,-1.7856687150377633
2875,36,Female,Shirt,Clothing,29,Colorado,L,Silver,Summer,3.1,No,Standard,No,No,2,Debit Card,Annually,1,3,-0.17792278366022699,-2.0465540956654213
2876,24,Female,Pants,Clothing,81,Kentucky,M,Pink,Fall,2.6,No,Free Shipping,No,No,14,Debit Card,Weekly,52,0,-0.393216852900808,-1.490264238518065
2877,65,Female,Hoodie,Clothing,84,New Mexico,M,Charcoal,Spring,3.4,No,2-Day Shipping,No,No,5,Bank Transfer,Fortnightly,26,3,0.21361824749224656,-0.1549623695087659
2878,32,Female,Socks,Clothing,46,New Jersey,M,Silver,Summer,3.6,No,Standard,No,No,34,Venmo,Monthly,12,1,0.029518262044141708,-0.22881298641139788
2879,63,Female,Dress,Clothing,86,California,L,Turquoise,Summer,4.3,No,Next Day Air,No,No,13,Bank Transfer,Annually,1,3,-0.5315237234538911,1.0156738516679498
2880,62,Female,Blouse,Clothing,57,North Dakota,XL,Turquoise,Winter,4.9,No,Free Shipping,No,No,31,Venmo,Annually,1,2,-0.0036437277277413063,1.4106162010550516
2881,19,Female,Skirt,Clothing,61,Florida,L,Beige,Winter,4.8,No,Store Pickup,No,No,43,PayPal,Quarterly,4,2,-1.4219716039351467,1.013837925040104
2882,38,Female,Backpack,Accessories,90,Texas,M,Cyan,Winter,4.2,No,Free Shipping,No,No,6,Bank Transfer,Annually,1,3,-1.7677780973525856,0.2305025889566414
2883,59,Female,Blouse,Clothing,51,Oklahoma,L,Gold,Winter,2.6,No,Store Pickup,No,No,23,Credit Card,Bi-Weekly,26,1,1.5877224194811843,-0.7512678972133909
2884,22,Female,Socks,Clothing,48,Rhode Island,XL,Silver,Spring,3.2,No,Standard,No,No,10,PayPal,Weekly,52,0,-0.467209601507544,-2.1438361940500004
2885,55,Female,Boots,Footwear,50,Arkansas,M,Purple,Summer,3.4,No,2-Day Shipping,No,No,47,Credit Card,Every 3 Months,4,1,1.361752250921247,0.8900163535539126
2886,29,Female,Backpack,Accessories,82,Nevada,M,Yellow,Summer,3.5,No,Next Day Air,No,No,14,Credit Card,Bi-Weekly,26,3,-1.066912525283325,-0.5223634073357546
2887,42,Female,Hat,Accessories,33,Utah,L,Blue,Spring,4.2,No,Free Shipping,No,No,29,PayPal,Weekly,52,0,0.44949335527277356,-0.7068174040699339
2888,23,Female,Sandals,Footwear,28,Kentucky,L,Blue,Winter,2.8,No,Express,No,No,12,Cash,Bi-Weekly,26,3,0.01498418006881689,-2.4071226406914987
2889,70,Female,Hoodie,Clothing,42,Wisconsin,L,Green,Spring,5.0,No,2-Day Shipping,No,No,25,Debit Card,Quarterly,4,1,0.36316571614353116,0.9881311125562408
2890,64,Female,Sunglasses,Accessories,43,Minnesota,M,Charcoal,Fall,3.3,No,Store Pickup,No,No,21,Venmo,Annually,1,1,1.1562020319098885,-0.20690083880102594
2891,39,Female,Jeans,Clothing,55,North Dakota,M,Violet,Winter,3.7,No,Free Shipping,No,No,23,Credit Card,Monthly,12,3,-0.21187719505044367,-0.2782705239337531
2892,47,Female,T-shirt,Clothing,73,Ohio,XL,Black,Winter,2.5,No,Free Shipping,No,No,10,PayPal,Monthly,12,3,0.29992957143012705,-0.9132348145324468
2893,22,Female,Dress,Clothing,39,Nevada,M,Teal,Spring,3.2,No,Standard,No,No,47,Credit Card,Monthly,12,1,0.38154211807227867,-0.2799669852788062
2894,69,Female,Belt,Accessories,20,Kentucky,S,Orange,Spring,3.1,No,Free Shipping,No,No,44,Debit Card,Every 3 Months,4,1,2.5681935280483184,0.17813214768723956
2895,35,Female,Jewelry,Accessories,32,Kentucky,S,Brown,Spring,3.5,No,Standard,No,No,41,Venmo,Annually,1,1,0.5589846982033623,-0.11695430830798097
2896,56,Female,Hoodie,Clothing,86,Montana,L,Green,Summer,4.6,No,Standard,No,No,29,Bank Transfer,Monthly,12,2,-0.48184282082652674,1.5764805124066938
2897,30,Female,Blouse,Clothing,91,Delaware,M,Silver,Summer,3.3,No,Free Shipping,No,No,2,Venmo,Every 3 Months,4,3,-1.5696255507666146,-0.6307019431327707
2898,43,Female,Jacket,Outerwear,59,Montana,L,Violet,Fall,2.5,No,Free Shipping,No,No,2,Cash,Fortnightly,26,3,0.26136347045956515,-1.845823226140685
2899,23,Female,Sneakers,Footwear,33,New Jersey,XL,Peach,Summer,4.6,No,Express,No,No,29,Credit Card,Annually,1,1,-1.0755406736834279,-0.23309084756480397
2900,50,Female,Boots,Footwear,64,Nebraska,M,Gold,Spring,4.2,No,2-Day Shipping,No,No,22,Bank Transfer,Fortnightly,26,3,-0.1603473364130137,0.22876323876623333
2901,41,Female,Blouse,Clothing,67,Maryland,XL,Violet,Winter,4.0,No,Standard,No,No,23,Cash,Bi-Weekly,26,3,-0.4152446569856026,0.0395738181786381
2902,41,Female,Blouse,Clothing,43,Alabama,L,Olive,Winter,2.6,No,Free Shipping,No,No,46,Credit Card,Quarterly,4,1,1.4308443464625393,-0.06505453851780348
2903,27,Female,Boots,Footwear,32,North Carolina,S,Orange,Spring,4.6,No,Standard,No,No,19,PayPal,Bi-Weekly,26,3,-0.9558933341745897,-0.9140582960210264
2904,38,Female,Scarf,Accessories,39,Delaware,S,Teal,Spring,3.5,No,2-Day Shipping,No,No,24,Credit Card,Every 3 Months,4,1,0.11040146143221727,-0.6470096247514433
2905,41,Female,Sandals,Footwear,41,Iowa,M,Gray,Spring,4.0,No,2-Day Shipping,No,No,43,Venmo,Monthly,12,1,0.4611489463178869,0.4500804552792222
2906,58,Female,Sunglasses,Accessories,53,New York,L,Black,Winter,4.8,No,Standard,No,No,14,Debit Card,Fortnightly,26,3,-0.2962409349959722,0.13684861569423953
2907,58,Female,Coat,Outerwear,27,Virginia,M,Indigo,Spring,3.9,No,Standard,No,No,7,Venmo,Annually,1,3,0.3491946823293336,-0.9663918923172422
2908,19,Female,Sunglasses,Accessories,82,Maryland,XL,Lavender,Summer,3.7,No,Next Day Air,No,No,50,PayPal,Bi-Weekly,26,2,-0.5994051769810556,0.9064536912359232
2909,43,Female,Blouse,Clothing,87,Texas,M,Beige,Winter,3.1,No,Store Pickup,No,No,15,Debit Card,Every 3 Months,4,3,-0.45054304352514146,-0.013422031341481965
2910,27,Female,Backpack,Accessories,78,Louisiana,M,Indigo,Winter,3.0,No,Next Day Air,No,No,40,Credit Card,Every 3 Months,4,2,-0.18531308383513007,0.4400829346907833
2911,32,Female,Belt,Accessories,32,Mississippi,M,Blue,Summer,2.9,No,Store Pickup,No,No,41,Credit Card,Monthly,12,1,0.9549025485492464,-0.6589783523636316
2912,28,Female,Socks,Clothing,38,Ohio,XL,Orange,Fall,2.9,No,Next Day Air,No,No,34,Venmo,Quarterly,4,1,0.4187607443466626,-0.7964073891027098
2913,48,Female,Shoes,Footwear,37,Oregon,M,Yellow,Winter,4.0,No,Standard,No,No,27,Cash,Bi-Weekly,26,1,0.4872335382441201,-0.353378229048065
2914,43,Female,Coat,Outerwear,83,Wyoming,L,Cyan,Winter,3.5,No,Express,No,No,12,Cash,Every 3 Months,4,3,-0.7520468663577091,-0.009203781489800871
2915,45,Female,Sweater,Clothing,72,Pennsylvania,M,Yellow,Fall,3.8,No,Express,No,No,1,Debit Card,Bi-Weekly,26,3,-0.8168073521403196,-0.8036845296355325
2916,26,Female,Shirt,Clothing,30,Oregon,M,Cyan,Fall,4.5,No,Express,No,No,39,Debit Card,Bi-Weekly,26,1,-0.3242821975751744,-0.19097963002003668
2917,62,Female,Shorts,Clothing,66,Oklahoma,M,Green,Winter,2.7,No,Express,No,No,13,Credit Card,Bi-Weekly,26,3,1.1088018457583446,-0.7005736609457951
2918,58,Female,Shirt,Clothing,45,Colorado,XL,White,Winter,2.9,No,Store Pickup,No,No,50,Venmo,Annually,1,1,1.9813469001530692,0.7175734523622772
2919,19,Female,Sunglasses,Accessories,73,New York,S,Black,Fall,4.9,No,Free Shipping,No,No,36,Cash,Weekly,52,0,-1.4659013590526502,0.44785735486182254
2920,64,Female,Shoes,Footwear,67,Minnesota,L,Charcoal,Winter,3.8,No,Standard,No,No,31,Debit Card,Monthly,12,2,0.7877738691832492,0.9279537441425728
2921,33,Female,Sunglasses,Accessories,72,Texas,XL,Brown,Spring,4.9,No,Free Shipping,No,No,3,Debit Card,Bi-Weekly,26,3,-2.0360874796653086,-0.3498931228153508
2922,20,Female,Handbag,Accessories,24,Wisconsin,M,Cyan,Fall,4.6,No,Standard,No,No,11,Cash,Fortnightly,26,3,-1.3427137621730507,-1.5900064153438858
2923,45,Female,Sunglasses,Accessories,68,Kentucky,L,Beige,Winter,3.5,No,Express,No,No,16,PayPal,Quarterly,4,3,-0.3063276784586084,-0.15247175241460761
2924,28,Female,Shirt,Clothing,70,Pennsylvania,M,Magenta,Spring,4.2,No,2-Day Shipping,No,No,12,Cash,Quarterly,4,3,-1.655508006244733,-0.23712981459727242
2925,47,Female,Shirt,Clothing,64,Rhode Island,L,Indigo,Winter,3.7,No,Free Shipping,No,No,37,Debit Card,Every 3 Months,4,2,0.30008600054223955,0.7984171185441074
2926,54,Female,Sweater,Clothing,91,Illinois,M,Maroon,Spring,2.8,No,Store Pickup,No,No,43,Credit Card,Every 3 Months,4,2,0.9504412697015262,1.3305364647789413
2927,64,Female,Handbag,Accessories,82,Maryland,M,Gray,Winter,4.8,No,2-Day Shipping,No,No,9,Cash,Weekly,52,0,-0.4390856375756068,0.4072736234359873
2928,45,Female,Shirt,Clothing,24,Missouri,M,Black,Summer,2.7,No,Express,No,No,15,Venmo,Bi-Weekly,26,1,1.1535543679885727,-1.9677718624744465
2929,40,Female,Jewelry,Accessories,80,Alabama,L,Yellow,Spring,3.6,No,Store Pickup,No,No,17,Credit Card,Weekly,52,0,-0.3306878253686538,-0.48455940537864584
2930,31,Female,Socks,Clothing,53,Maine,XL,White,Winter,4.5,No,Next Day Air,No,No,42,Venmo,Fortnightly,26,2,-0.4116579379208093,0.585836904038309
2931,38,Female,T-shirt,Clothing,50,Mississippi,M,Orange,Spring,4.0,No,Free Shipping,No,No,14,Venmo,Monthly,12,3,-0.6387388909853347,-0.629696228429931
2932,36,Female,Jewelry,Accessories,31,Alabama,M,Magenta,Fall,4.5,No,2-Day Shipping,No,No,49,Credit Card,Bi-Weekly,26,1,0.3604125594478993,0.46728883704728774
2933,65,Female,Backpack,Accessories,88,Alaska,L,Black,Spring,3.9,No,Express,No,No,3,PayPal,Quarterly,4,3,-0.45723679949611656,0.4169452385086942
2934,27,Female,Hat,Accessories,52,Illinois,M,Brown,Summer,3.8,No,Standard,No,No,28,Venmo,Monthly,12,1,-0.590166441782117,-0.3334786720499702
2935,38,Female,Gloves,Accessories,22,Idaho,M,Orange,Fall,4.7,No,Next Day Air,No,No,41,Bank Transfer,Quarterly,4,1,0.02912907516375154,0.34970438285852457
2936,58,Female,Sneakers,Footwear,27,North Carolina,XL,Gray,Spring,4.6,No,Standard,No,No,11,Venmo,Weekly,52,0,0.42035781515703574,-1.048952874843998
2937,31,Female,Skirt,Clothing,34,Washington,M,White,Spring,3.6,No,Express,No,No,46,PayPal,Weekly,52,0,0.8824072179679329,-0.5331473004090598
2938,28,Female,Handbag,Accessories,39,West Virginia,M,White,Spring,4.3,No,2-Day Shipping,No,No,15,Credit Card,Weekly,52,0,-0.7022646772416734,-1.3967459675420366
2939,28,Female,Sunglasses,Accessories,53,Maine,M,Violet,Fall,3.0,No,Standard,No,No,15,Cash,Monthly,12,3,-0.3705995505782588,-1.292106916904723
2940,32,Female,Sweater,Clothing,46,Kentucky,M,Beige,Winter,4.3,No,Express,No,No,34,Venmo,Weekly,52,0,-0.11057768742789575,-0.3412506900903261
2941,61,Female,Handbag,Accessories,85,Massachusetts,L,Beige,Summer,4.8,No,Next Day Air,No,No,13,Cash,Monthly,12,3,-0.8538322314746091,1.0927654454611897
2942,38,Female,Skirt,Clothing,86,Pennsylvania,L,Purple,Spring,3.7,No,Free Shipping,No,No,27,PayPal,Monthly,12,2,-0.6532115824290824,0.603908052141378
2943,54,Female,Socks,Clothing,63,Hawaii,M,Brown,Summer,2.6,No,Free Shipping,No,No,37,Bank Transfer,Weekly,52,0,1.8094464358228204,-0.3092383826844376
2944,29,Female,Shirt,Clothing,44,Virginia,M,Orange,Spring,3.4,No,Standard,No,No,37,Credit Card,Monthly,12,1,0.16430797544391673,-0.3251682587273741
2945,50,Female,Sneakers,Footwear,95,New York,XL,Cyan,Summer,3.9,No,Free Shipping,No,No,4,Venmo,Every 3 Months,4,3,-1.1694711520317462,0.30909508181142303
2946,32,Female,Belt,Accessories,49,Delaware,M,Charcoal,Summer,4.8,No,Free Shipping,No,No,1,Credit Card,Every 3 Months,4,3,-1.8777543531259286,-0.7771443378122939
2947,38,Female,Pants,Clothing,77,Hawaii,L,Purple,Spring,2.8,No,Free Shipping,No,No,29,Bank Transfer,Quarterly,4,2,0.11732084418984465,0.06864960673869795
2948,52,Female,Jewelry,Accessories,63,Nebraska,L,Peach,Spring,4.4,No,Standard,No,No,50,Venmo,Annually,1,2,0.37445001376226295,1.8649953966004276
2949,61,Female,Pants,Clothing,83,Vermont,M,Violet,Winter,3.1,No,Standard,No,No,38,Debit Card,Bi-Weekly,26,2,1.2150863475457603,0.9667541077898952
2950,25,Female,Jewelry,Accessories,93,Iowa,M,Peach,Spring,3.8,No,Store Pickup,No,No,15,PayPal,Annually,1,3,-1.820285085634675,0.18322665168656996
2951,22,Female,Jeans,Clothing,91,Iowa,S,Maroon,Winter,4.1,No,2-Day Shipping,No,No,44,Debit Card,Every 3 Months,4,2,-1.271472256691,1.4337543265653068
2952,47,Female,Scarf,Accessories,99,Arkansas,L,Maroon,Fall,4.6,No,Free Shipping,No,No,14,Cash,Weekly,52,0,-1.1452142667784642,0.5505185439538971
2953,50,Female,Belt,Accessories,24,Alabama,M,Peach,Spring,4.9,No,Next Day Air,No,No,5,Debit Card,Monthly,12,3,-0.5997569252719785,-0.8651949799180302
2954,45,Female,Dress,Clothing,82,Maryland,M,Silver,Summer,4.8,No,Next Day Air,No,No,11,Credit Card,Annually,1,3,-1.6248227516167364,0.7397190116061917
2955,33,Female,T-shirt,Clothing,28,South Dakota,M,Indigo,Winter,3.9,No,Express,No,No,15,Credit Card,Annually,1,1,-0.48078816900508553,-1.1300472637307966
2956,42,Female,Boots,Footwear,67,Vermont,M,Silver,Winter,2.6,No,Free Shipping,No,No,46,Credit Card,Annually,1,2,1.0483228418626558,0.5620922063253815
2957,52,Female,Dress,Clothing,88,Montana,M,Olive,Fall,3.7,No,Standard,No,No,30,Venmo,Monthly,12,2,-0.017826218370846386,1.0732882922971962
2958,69,Female,Jewelry,Accessories,70,South Dakota,S,Gray,Fall,4.7,No,Standard,No,No,2,Cash,Annually,1,3,-0.6121376898409195,0.5230698038836786
2959,55,Female,Skirt,Clothing,100,Ohio,M,Black,Summer,4.5,No,Standard,No,No,28,PayPal,Monthly,12,2,-0.7133285636819977,1.7878219476076533
2960,38,Female,Handbag,Accessories,28,Texas,L,Maroon,Summer,4.7,No,Free Shipping,No,No,9,PayPal,Quarterly,4,3,-0.9815394078673296,-0.8650863717588411
2961,57,Female,Coat,Outerwear,48,Indiana,S,Olive,Spring,3.6,No,Standard,No,No,47,Credit Card,Weekly,52,0,1.7618193683996832,0.3881523917706582
2962,33,Female,Hoodie,Clothing,43,New Hampshire,S,Gold,Fall,2.8,No,Free Shipping,No,No,21,Debit Card,Bi-Weekly,26,1,0.4392567028006492,-1.4599319617847597
2963,57,Female,Pants,Clothing,40,California,L,Pink,Fall,4.0,No,Express,No,No,42,Credit Card,Every 3 Months,4,1,1.044826593118397,0.8226020008629775
2964,52,Female,Boots,Footwear,97,Maine,M,Brown,Spring,3.6,No,Free Shipping,No,No,28,Credit Card,Weekly,52,0,0.20070211613041858,0.6368834799738239
2965,44,Female,Coat,Outerwear,25,Ohio,S,White,Fall,3.8,No,2-Day Shipping,No,No,13,Venmo,Fortnightly,26,1,0.26194051832723153,-1.4282450687773625
2966,48,Female,Scarf,Accessories,45,Delaware,M,Blue,Summer,4.4,No,Standard,No,No,25,PayPal,Fortnightly,26,1,0.01539647827404965,-0.02277033612529052
2967,52,Female,Boots,Footwear,49,Oklahoma,L,Orange,Fall,2.8,No,Store Pickup,No,No,38,Debit Card,Every 3 Months,4,1,1.4205936348742925,0.0824519668260064
2968,34,Female,Sneakers,Footwear,36,Indiana,L,Silver,Summer,3.4,No,Free Shipping,No,No,40,Venmo,Annually,1,1,0.493174136666639,-0.14227127884183272
2969,26,Female,Sweater,Clothing,48,South Carolina,S,Gray,Fall,4.9,No,Express,No,No,25,Cash,Every 3 Months,4,3,-1.498220525243451,0.14693500157592246
2970,36,Female,Belt,Accessories,62,Vermont,S,Blue,Fall,4.3,No,Next Day Air,No,No,20,Cash,Every 3 Months,4,3,-1.0325437795720465,0.13774563218834487
2971,24,Female,Jewelry,Accessories,74,Kansas,M,White,Winter,3.4,No,Free Shipping,No,No,44,Credit Card,Bi-Weekly,26,2,-0.21772346372471335,0.39847295127729676
2972,30,Female,Handbag,Accessories,100,Utah,L,Yellow,Fall,3.9,No,Next Day Air,No,No,9,PayPal,Every 3 Months,4,3,-1.942908781876148,0.21820793642415146
2973,31,Female,Jacket,Outerwear,39,New York,S,Indigo,Fall,4.2,No,Free Shipping,No,No,11,Venmo,Every 3 Months,4,3,-1.0454441833901098,-0.9499883091843144
2974,25,Female,Boots,Footwear,65,Indiana,M,Blue,Summer,2.7,No,Store Pickup,No,No,3,Bank Transfer,Fortnightly,26,3,-0.7004225821682318,-1.927481202434846
2975,57,Female,Sneakers,Footwear,99,Tennessee,XL,Peach,Summer,4.1,No,Store Pickup,No,No,34,Credit Card,Weekly,52,0,0.19374650535778523,1.326516381448986
2976,61,Female,Scarf,Accessories,68,Georgia,XL,Lavender,Winter,4.5,No,2-Day Shipping,No,No,48,Cash,Every 3 Months,4,2,0.5654662638465194,2.106486050788584
2977,30,Female,Coat,Outerwear,97,Nebraska,M,Silver,Summer,2.8,No,Express,No,No,28,Cash,Fortnightly,26,2,-0.380998154417125,0.05163820312826935
2978,38,Female,Shorts,Clothing,47,Washington,L,Gold,Winter,3.4,No,Standard,No,No,20,Venmo,Annually,1,1,-0.09201118340187849,-0.6456953304796927
2979,53,Female,Shorts,Clothing,56,Idaho,S,Cyan,Spring,3.9,No,Free Shipping,No,No,49,Bank Transfer,Fortnightly,26,2,1.0777762373871556,1.0778464401350516
2980,31,Female,Jeans,Clothing,91,Louisiana,L,Olive,Fall,2.6,No,Next Day Air,No,No,14,PayPal,Weekly,52,0,-0.26734730472605506,-1.106180887562807
2981,70,Female,Gloves,Accessories,93,New Jersey,L,Teal,Fall,4.4,No,2-Day Shipping,No,No,9,Bank Transfer,Monthly,12,3,-0.44309412065000325,1.075960022718766
2982,21,Female,Pants,Clothing,36,Delaware,L,Pink,Winter,4.9,No,Standard,No,No,37,Venmo,Annually,1,1,-1.1924830941789062,0.30454192128524965
2983,33,Female,Dress,Clothing,45,Wisconsin,M,Orange,Summer,3.6,No,Store Pickup,No,No,4,Credit Card,Weekly,52,0,-0.4125701660314697,-2.011483001132096
2984,60,Female,Pants,Clothing,44,West Virginia,M,Charcoal,Winter,2.8,No,2-Day Shipping,No,No,1,Credit Card,Quarterly,4,3,0.7829769256328604,-1.4361751633657416
2985,45,Female,Gloves,Accessories,32,Texas,L,Red,Spring,4.3,No,2-Day Shipping,No,No,36,Debit Card,Bi-Weekly,26,1,0.4896589961781348,0.01626666494339601
2986,46,Female,Belt,Accessories,36,Hawaii,S,Teal,Summer,3.0,No,Express,No,No,21,Cash,Bi-Weekly,26,1,0.9554980646277325,-1.2387635214615127
2987,62,Female,Belt,Accessories,85,Arizona,S,Silver,Summer,3.3,No,2-Day Shipping,No,No,16,Credit Card,Monthly,12,3,0.33203403452493485,0.39322376781334034
2988,63,Female,Skirt,Clothing,36,Louisiana,L,Black,Winter,2.5,No,Store Pickup,No,No,42,Cash,Monthly,12,1,2.4905790696773273,-0.09511381433197157
2989,69,Female,Socks,Clothing,55,Nevada,S,Pink,Spring,5.0,No,2-Day Shipping,No,No,31,Debit Card,Monthly,12,2,0.34780146004299906,1.4275080317018194
2990,46,Female,Belt,Accessories,20,Rhode Island,XL,Teal,Summer,4.3,No,2-Day Shipping,No,No,6,Credit Card,Weekly,52,0,0.10591179052799576,-1.8489002278609097
2991,69,Female,Shirt,Clothing,91,Illinois,M,Teal,Fall,4.2,No,Free Shipping,No,No,24,Venmo,Monthly,12,2,0.11671785223070906,1.5305208375947625
2992,66,Female,Dress,Clothing,71,Utah,L,Green,Summer,3.9,No,Standard,No,No,7,PayPal,Bi-Weekly,26,3,0.17467049863575487,-0.07415812723335687
2993,41,Female,Socks,Clothing,64,North Dakota,M,Charcoal,Spring,3.9,No,Store Pickup,No,No,25,Venmo,Weekly,52,0,-0.007899660147011212,-0.3333954880445412
2994,32,Female,Jacket,Outerwear,21,Kansas,L,Indigo,Spring,4.2,No,Free Shipping,No,No,18,Cash,Bi-Weekly,26,1,-0.31153842579137947,-1.3375588469318853
2995,69,Female,Sweater,Clothing,100,Nevada,S,White,Winter,3.5,No,Store Pickup,No,No,14,Bank Transfer,Quarterly,4,2,0.10613971012341183,1.0254929885996806
2996,29,Female,Jeans,Clothing,96,Virginia,M,Orange,Summer,2.5,No,Standard,No,No,42,Debit Card,Bi-Weekly,26,2,0.20435505839298815,0.4309452322100348
2997,70,Female,Jewelry,Accessories,91,Utah,M,White,Spring,2.9,No,Express,No,No,6,Venmo,Every 3 Months,4,3,0.4925952078584503,0.15524425931350191
2998,41,Female,Sweater,Clothing,40,Idaho,S,Yellow,Spring,2.7,No,Next Day Air,No,No,14,Venmo,Every 3 Months,4,1,0.49869778811206006,-1.4363177881181073
2999,31,Female,Hoodie,Clothing,53,Alaska,M,Red,Summer,4.7,No,Express,No,No,30,Debit Card,Quarterly,4,2,-1.0892555013128091,0.46952537733346617
3000,31,Female,Sunglasses,Accessories,48,New Hampshire,S,Charcoal,Winter,3.8,No,Standard,No,No,10,Cash,Monthly,12,3,-0.8698850289825234,-1.1070912199114056
3001,57,Female,Sandals,Footwear,70,Ohio,M,Lavender,Winter,3.7,No,Express,No,No,7,PayPal,Weekly,52,0,0.18766901319237683,-0.7306612930071816
3002,29,Female,Coat,Outerwear,29,Montana,L,Charcoal,Summer,4.7,No,Express,No,No,28,Credit Card,Quarterly,4,1,-0.8318875211788046,-0.2253753217288482
3003,70,Female,Belt,Accessories,29,Louisiana,M,Maroon,Fall,3.6,No,Next Day Air,No,No,19,Bank Transfer,Quarterly,4,1,1.3958819082757232,-0.3652031345324181
3004,51,Female,Blouse,Clothing,53,Oregon,M,Brown,Fall,2.8,No,Express,No,No,13,Credit Card,Every 3 Months,4,3,0.600749804151424,-0.9039342820731429
3005,45,Female,Skirt,Clothing,79,Arizona,M,Lavender,Winter,3.7,No,Store Pickup,No,No,23,Venmo,Fortnightly,26,2,-0.23570067076728762,0.23824652036549193
3006,18,Female,Shorts,Clothing,65,Alaska,XL,Brown,Spring,3.5,No,Express,No,No,5,Venmo,Weekly,52,0,-1.2695965157752007,-1.8681973005525048
3007,37,Female,Dress,Clothing,99,Utah,M,Olive,Summer,3.7,No,Store Pickup,No,No,17,Venmo,Bi-Weekly,26,3,-1.0711068926387521,0.28868034301867973
3008,23,Female,Sunglasses,Accessories,60,New York,L,Lavender,Winter,3.0,No,Next Day Air,No,No,31,Venmo,Weekly,52,0,0.11481749433789051,-1.0614348610892188
3009,39,Female,Shoes,Footwear,86,New Mexico,M,Gold,Winter,4.9,No,Free Shipping,No,No,19,PayPal,Weekly,52,0,-1.3324028209219316,0.455934956299909
3010,62,Female,Belt,Accessories,73,Louisiana,M,Silver,Winter,4.6,No,Free Shipping,No,No,8,Venmo,Fortnightly,26,3,-0.4906847150088945,0.3269707755114111
3011,70,Female,Belt,Accessories,45,Ohio,M,Violet,Winter,3.3,No,Free Shipping,No,No,15,Credit Card,Annually,1,1,1.202100595399171,-0.28760225602960243
3012,20,Female,Belt,Accessories,70,Nevada,S,Brown,Summer,3.0,No,Next Day Air,No,No,18,Credit Card,Every 3 Months,4,3,-0.9708112380635175,-0.8294589712825613
3013,42,Female,Belt,Accessories,65,Idaho,M,Teal,Fall,3.5,No,Standard,No,No,16,PayPal,Annually,1,3,-0.40812318177987367,-0.2485455288956675
3014,41,Female,Skirt,Clothing,55,Arizona,L,Peach,Summer,4.2,No,Store Pickup,No,No,13,Cash,Monthly,12,3,-0.7662771978907443,-0.37754432201487087
3015,24,Female,T-shirt,Clothing,65,Utah,M,Maroon,Spring,4.5,No,Express,No,No,38,PayPal,Every 3 Months,4,2,-1.2106231278163073,0.8322468281525711
3016,37,Female,Scarf,Accessories,21,Wyoming,XL,Lavender,Spring,2.8,No,Express,No,No,27,Bank Transfer,Bi-Weekly,26,1,1.1412009726538632,-1.6419402914251653
3017,30,Female,Blouse,Clothing,26,Indiana,L,Lavender,Summer,4.9,No,Store Pickup,No,No,31,Bank Transfer,Quarterly,4,1,-0.7962762553902373,-0.035073328064483114
3018,58,Female,Sunglasses,Accessories,71,Wisconsin,S,Purple,Summer,3.3,No,Next Day Air,No,No,24,Cash,Bi-Weekly,26,2,0.7490996206742894,0.13902825523422824
3019,43,Female,Boots,Footwear,41,Texas,M,Green,Summer,3.0,No,Free Shipping,No,No,21,Debit Card,Bi-Weekly,26,1,0.7477127327568583,-1.183616437974299
3020,19,Female,Jacket,Outerwear,44,Utah,M,Yellow,Winter,3.9,No,2-Day Shipping,No,No,15,PayPal,Annually,1,3,-1.328957918102083,-1.0462437049959945
3021,23,Female,Jeans,Clothing,81,Arkansas,S,Charcoal,Fall,2.8,No,Store Pickup,No,No,48,Venmo,Every 3 Months,4,2,-0.032625305940255075,0.6529939397287504
3022,65,Female,Sunglasses,Accessories,77,Pennsylvania,S,Blue,Summer,4.5,No,2-Day Shipping,No,No,47,Cash,Quarterly,4,2,0.5544786084966521,2.361321885600849
3023,58,Female,Sandals,Footwear,26,Georgia,M,Lavender,Fall,4.0,No,Free Shipping,No,No,23,PayPal,Weekly,52,0,1.2021635296664714,-0.9029444622159841
3024,50,Female,Backpack,Accessories,31,Indiana,M,Brown,Summer,2.9,No,Express,No,No,4,PayPal,Quarterly,4,3,0.5967073934709449,-1.770719416675282
3025,67,Female,Blouse,Clothing,82,Idaho,S,White,Spring,4.0,No,Free Shipping,No,No,47,Credit Card,Every 3 Months,4,2,0.9078682045096317,2.239172150496424
3026,40,Female,Shoes,Footwear,60,Montana,XL,Green,Summer,3.4,No,Store Pickup,No,No,7,PayPal,Monthly,12,3,-0.49694001024042167,-0.9868337241705849
3027,55,Female,Shirt,Clothing,70,Tennessee,L,Magenta,Fall,2.5,No,Free Shipping,No,No,6,Credit Card,Annually,1,3,0.4715670200900124,-0.845623405724551
3028,52,Female,Hoodie,Clothing,26,West Virginia,XL,Peach,Winter,2.8,No,2-Day Shipping,No,No,47,Credit Card,Quarterly,4,1,2.0579393759123645,-0.08026636066017488
3029,62,Female,Dress,Clothing,100,California,L,Charcoal,Summer,3.0,No,Free Shipping,No,No,7,PayPal,Every 3 Months,4,3,-0.031815189953699044,0.2986707991620323
3030,64,Female,Dress,Clothing,82,Georgia,M,Gold,Summer,3.1,No,Free Shipping,No,No,1,Debit Card,Quarterly,4,3,0.1082510093848075,-0.2830701851980299
3031,43,Female,Sneakers,Footwear,24,Maryland,XL,Purple,Spring,2.6,No,2-Day Shipping,No,No,23,Credit Card,Weekly,52,0,1.5987601989605085,-2.057467722761388
3032,61,Female,Blouse,Clothing,74,Idaho,L,Teal,Summer,4.9,No,2-Day Shipping,No,No,30,Credit Card,Monthly,12,2,-0.2580666029653466,1.6097537245497364
3033,26,Female,Backpack,Accessories,58,California,XL,Green,Summer,3.5,No,Next Day Air,No,No,24,Credit Card,Quarterly,4,3,-0.7041723479194042,-0.4500871313760701
3034,22,Female,Sweater,Clothing,56,Alabama,L,Orange,Spring,2.6,No,Store Pickup,No,No,9,PayPal,Weekly,52,0,-0.20471229596991292,-2.3360294467218217
3035,51,Female,Boots,Footwear,37,Utah,L,Peach,Spring,3.5,No,2-Day Shipping,No,No,25,Credit Card,Quarterly,4,1,0.7134536900574628,-0.3781525657282538
3036,69,Female,Handbag,Accessories,64,Kentucky,M,Gold,Spring,4.5,No,Free Shipping,No,No,18,Cash,Bi-Weekly,26,3,0.30532322062769723,0.6288786472853415
3037,50,Female,Hoodie,Clothing,58,Vermont,S,Violet,Spring,4.3,No,Next Day Air,No,No,7,Venmo,Fortnightly,26,3,-0.5586826728029569,-0.49270507733606733
3038,51,Female,Belt,Accessories,44,Iowa,L,Charcoal,Summer,4.8,No,Next Day Air,No,No,2,Cash,Annually,1,3,-1.0016544041874476,-0.4148146971295888
3039,56,Female,Jewelry,Accessories,39,Georgia,M,Brown,Summer,4.2,No,Free Shipping,No,No,36,Debit Card,Annually,1,1,0.6811611879918723,0.674624121669869
3040,59,Female,Blouse,Clothing,48,Alabama,L,Blue,Spring,3.2,No,Next Day Air,No,No,31,PayPal,Bi-Weekly,26,1,1.441726386399143,-0.14394854834892132
3041,18,Female,Handbag,Accessories,32,Nebraska,M,Gold,Fall,4.1,No,Express,No,No,10,Cash,Fortnightly,26,3,-1.2341006892826902,-1.7678010107574436
3042,48,Female,Handbag,Accessories,79,Rhode Island,M,Orange,Winter,4.0,No,Express,No,No,27,PayPal,Monthly,12,2,-0.3325037003197699,0.8184144432628245
3043,53,Female,Coat,Outerwear,27,South Dakota,L,Turquoise,Winter,2.9,No,Next Day Air,No,No,14,PayPal,Every 3 Months,4,1,1.0726950116598923,-1.378205097695811
3044,45,Female,Belt,Accessories,98,Illinois,S,Peach,Fall,2.6,No,Store Pickup,No,No,17,Credit Card,Monthly,12,3,-0.06880375139904948,-0.01039324961191357
3045,21,Female,Boots,Footwear,67,North Carolina,M,Magenta,Winter,2.7,No,Free Shipping,No,No,10,Bank Transfer,Quarterly,4,3,-0.8955180646385393,-1.3881524465926787
3046,42,Female,Socks,Clothing,37,Florida,L,Black,Winter,4.6,No,2-Day Shipping,No,No,4,PayPal,Bi-Weekly,26,3,-0.8411469254513837,-1.1158118390924678
3047,60,Female,Shoes,Footwear,49,Pennsylvania,M,White,Spring,3.2,No,Store Pickup,No,No,25,Cash,Every 3 Months,4,1,1.1012439116282782,-0.07417633124108029
3048,21,Female,Sneakers,Footwear,74,Vermont,M,Violet,Fall,4.1,No,2-Day Shipping,No,No,3,PayPal,Bi-Weekly,26,3,-2.0043275727248937,-1.0074504806162894
3049,69,Female,Jewelry,Accessories,93,Colorado,M,Olive,Summer,3.9,No,Standard,No,No,47,Venmo,Fortnightly,26,2,1.0742120587458015,2.205654732336234
3050,40,Female,Handbag,Accessories,60,Utah,L,Red,Summer,3.0,No,Next Day Air,No,No,41,Bank Transfer,Bi-Weekly,26,1,0.8775217559396329,0.050843537328057145
3051,31,Female,Coat,Outerwear,76,Kentucky,S,Green,Spring,3.6,No,Standard,No,No,28,Venmo,Every 3 Months,4,2,-0.7508192556669412,0.3073198261825821
3052,44,Female,Sunglasses,Accessories,64,Wyoming,L,Gold,Summer,4.6,No,Express,No,No,49,Debit Card,Every 3 Months,4,2,-0.11840962188575888,1.7527103050412844
3053,48,Female,Shoes,Footwear,38,Maine,XL,Olive,Spring,4.5,No,Store Pickup,No,No,7,Bank Transfer,Fortnightly,26,3,-0.4518022813190033,-0.8951031613690333
3054,32,Female,Shoes,Footwear,91,Maine,L,Brown,Winter,3.2,No,Next Day Air,No,No,22,Bank Transfer,Monthly,12,2,-0.7754008652050773,0.10127488440983942
3055,42,Female,Boots,Footwear,70,New Hampshire,S,Magenta,Summer,4.9,No,2-Day Shipping,No,No,34,Venmo,Monthly,12,2,-0.8692243029973702,1.2845351642718787
3056,27,Female,Sandals,Footwear,22,Kansas,M,Violet,Fall,5.0,No,Standard,No,No,5,Debit Card,Bi-Weekly,26,3,-1.4712388331108517,-1.518230207692756
3057,69,Female,Gloves,Accessories,59,New Jersey,M,Beige,Spring,3.8,No,Standard,No,No,15,Cash,Bi-Weekly,26,3,0.7968300394959815,-0.01228971539876657
3058,67,Female,Backpack,Accessories,22,North Carolina,M,Blue,Spring,3.4,No,Next Day Air,No,No,26,Bank Transfer,Weekly,52,0,2.152222198201079,-1.0199832188717217
3059,41,Female,Handbag,Accessories,74,West Virginia,S,Orange,Winter,3.8,No,Store Pickup,No,No,3,Bank Transfer,Fortnightly,26,3,-0.9595854157960799,-0.7557965619501854
3060,46,Female,Sweater,Clothing,71,Kentucky,L,Maroon,Spring,3.2,No,Express,No,No,42,Credit Card,Quarterly,4,2,0.6377777213049433,0.8724147261530546
3061,47,Female,Coat,Outerwear,80,California,S,Charcoal,Summer,4.7,No,Store Pickup,No,No,1,Venmo,Monthly,12,3,-1.6252221266359035,0.11427160770265325
3062,33,Female,T-shirt,Clothing,59,South Dakota,L,Olive,Fall,4.5,No,Express,No,No,20,PayPal,Every 3 Months,4,3,-1.2489604434004637,0.1166061314444932
3063,51,Female,Backpack,Accessories,96,California,L,Green,Fall,3.3,No,Standard,No,No,39,PayPal,Monthly,12,2,0.3466201675336912,1.3970700354152976
3064,26,Female,Sunglasses,Accessories,43,Connecticut,L,Brown,Winter,3.9,No,Store Pickup,No,No,24,Credit Card,Fortnightly,26,1,-0.543300208926844,-0.858437466474938
3065,22,Female,Belt,Accessories,76,Idaho,S,Cyan,Winter,3.6,No,Express,No,No,49,Bank Transfer,Quarterly,4,2,-0.5276458899565518,1.0081641480177346
3066,49,Female,Jacket,Outerwear,59,North Dakota,M,Beige,Fall,2.8,No,Store Pickup,No,No,7,Venmo,Bi-Weekly,26,3,0.4418866395887276,-1.3379009958985248
3067,58,Female,Skirt,Clothing,48,Michigan,L,Teal,Summer,4.3,No,Free Shipping,No,No,13,Venmo,Every 3 Months,4,3,-0.08365395328976115,-0.02703748704422608
3068,70,Female,Belt,Accessories,22,Missouri,S,Gray,Spring,3.5,No,Free Shipping,No,No,2,Cash,Weekly,52,0,1.5231366702264342,-1.9178703778568273
3069,32,Female,Boots,Footwear,40,California,M,Indigo,Winter,4.2,No,Express,No,No,4,Debit Card,Weekly,52,0,-0.79489625348022,-1.8117524893892152
3070,62,Female,Jeans,Clothing,73,Delaware,L,Magenta,Spring,4.6,No,Express,No,No,17,Debit Card,Quarterly,4,3,-0.4290942120434627,0.9880097884255128
3071,52,Female,Shoes,Footwear,26,Alabama,XL,Red,Fall,2.6,No,Free Shipping,No,No,43,PayPal,Bi-Weekly,26,1,2.2799052521844483,-0.6423477329844578
3072,23,Female,Sweater,Clothing,41,New Hampshire,L,Turquoise,Spring,3.4,No,Next Day Air,No,No,6,PayPal,Monthly,12,3,-0.9186713463782974,-1.8369162610771328
3073,26,Female,Jewelry,Accessories,98,New York,L,Peach,Spring,3.1,No,Standard,No,No,46,PayPal,Quarterly,4,2,-0.4580365493794274,1.2032564470146547
3074,58,Female,Shirt,Clothing,63,Oregon,L,White,Winter,3.6,No,Free Shipping,No,No,7,Debit Card,Bi-Weekly,26,3,0.18577388264556424,-0.6015307140368917
3075,26,Female,Boots,Footwear,55,Massachusetts,L,Maroon,Winter,4.2,No,Next Day Air,No,No,34,Debit Card,Fortnightly,26,2,-0.6690978375782057,0.019108392835213633
3076,54,Female,Shorts,Clothing,90,Utah,XL,Beige,Winter,3.6,No,Standard,No,No,21,PayPal,Every 3 Months,4,2,-0.22417069000664933,0.8262409494675451
3077,66,Female,Handbag,Accessories,46,New Hampshire,M,Blue,Summer,3.6,No,Express,No,No,13,Venmo,Bi-Weekly,26,3,0.9714775501214044,-0.5809670149696362
3078,60,Female,Sweater,Clothing,88,Illinois,S,Red,Spring,3.0,No,Store Pickup,No,No,33,Debit Card,Bi-Weekly,26,2,1.018800346097183,0.7955047530722432
3079,32,Female,Belt,Accessories,95,Alaska,M,Blue,Spring,2.5,No,2-Day Shipping,No,No,24,Bank Transfer,Bi-Weekly,26,2,-0.1667153302735424,-0.29273050039102133
3080,48,Female,Belt,Accessories,31,Wyoming,M,Maroon,Fall,4.0,No,Store Pickup,No,No,4,Bank Transfer,Annually,1,3,-0.2895845407444215,-1.1530141930135265
3081,69,Female,Hoodie,Clothing,42,Colorado,L,Yellow,Spring,4.1,No,Next Day Air,No,No,5,Cash,Bi-Weekly,26,3,0.5819508277690929,-0.6690443565059738
3082,64,Female,Sneakers,Footwear,44,Vermont,L,Pink,Winter,4.9,No,Next Day Air,No,No,11,Credit Card,Weekly,52,0,0.17684827381935272,-0.3507091357992609
3083,56,Female,T-shirt,Clothing,99,Utah,M,Maroon,Spring,4.0,No,Next Day Air,No,No,20,Bank Transfer,Annually,1,2,-0.6273501100279885,1.3031415166928242
3084,22,Female,Pants,Clothing,20,Illinois,S,Purple,Summer,3.5,No,Store Pickup,No,No,28,PayPal,Quarterly,4,1,-0.12729572541018463,-1.264033674251325
3085,46,Female,Scarf,Accessories,37,Idaho,S,Indigo,Spring,3.2,No,Store Pickup,No,No,43,PayPal,Monthly,12,1,1.3003511622480515,0.0085600638584846
3086,24,Female,Sweater,Clothing,50,Nevada,L,Gray,Winter,2.8,No,Store Pickup,No,No,10,Venmo,Every 3 Months,4,3,-0.5595082536914385,-1.6707695467832737
3087,47,Female,Handbag,Accessories,73,Utah,M,Lavender,Summer,3.5,No,Next Day Air,No,No,26,Venmo,Every 3 Months,4,2,-0.02109697052703437,0.4319744252661295
3088,62,Female,Shirt,Clothing,84,North Carolina,M,Charcoal,Spring,3.1,No,Free Shipping,No,No,29,Bank Transfer,Monthly,12,2,0.8599737754542828,0.8077120173442411
3089,34,Female,Dress,Clothing,64,Arkansas,M,Teal,Spring,3.3,No,Store Pickup,No,No,35,Bank Transfer,Quarterly,4,2,-0.01596521823916833,0.21374854147106864
3090,50,Female,Sandals,Footwear,21,North Carolina,L,Blue,Fall,4.6,No,Free Shipping,No,No,23,Cash,Bi-Weekly,26,1,0.2981899696775139,-0.5203880689905662
3091,29,Female,Shirt,Clothing,36,Texas,M,Peach,Summer,4.9,No,Store Pickup,No,No,15,Bank Transfer,Quarterly,4,3,-1.4592323708994013,-0.49786852781886254
3092,68,Female,Dress,Clothing,81,Nevada,L,Orange,Winter,3.4,No,2-Day Shipping,No,No,46,Credit Card,Annually,1,2,1.3345721037992464,1.893152903742912
3093,52,Female,Sunglasses,Accessories,54,Utah,L,Silver,Fall,3.5,No,Next Day Air,No,No,14,Bank Transfer,Bi-Weekly,26,3,0.35491066503067054,-0.7006106948117541
3094,29,Female,Socks,Clothing,63,Pennsylvania,L,Red,Summer,4.8,No,Store Pickup,No,No,17,Cash,Every 3 Months,4,3,-1.7790156610637593,0.16938820986537542
3095,22,Female,Sandals,Footwear,59,Georgia,M,Gray,Summer,2.7,No,Store Pickup,No,No,9,Cash,Weekly,52,0,-0.32500058887180794,-2.2085118548229867
3096,62,Female,Hat,Accessories,53,Minnesota,S,Beige,Fall,3.4,No,Standard,No,No,13,Venmo,Fortnightly,26,3,0.8300794119288222,-0.6125890971523078
3097,69,Female,Shirt,Clothing,63,Kansas,L,White,Winter,3.5,No,Next Day Air,No,No,20,Bank Transfer,Monthly,12,3,0.9608006076871181,0.3026385855312692
3098,48,Female,Shoes,Footwear,33,Delaware,M,Silver,Fall,3.7,No,Free Shipping,No,No,39,Bank Transfer,Quarterly,4,1,0.912282270590847,0.17063587960489865
3099,66,Female,Pants,Clothing,64,New Mexico,L,Cyan,Summer,3.3,No,Next Day Air,No,No,50,Bank Transfer,Quarterly,4,2,1.7439653946917562,1.5236844910329204
3100,42,Female,Shirt,Clothing,98,Michigan,S,Maroon,Fall,2.9,No,Free Shipping,No,No,21,Bank Transfer,Bi-Weekly,26,2,-0.16769930932423271,0.08775569807566665
3101,50,Female,Hat,Accessories,85,Vermont,L,Purple,Winter,3.9,No,Express,No,No,3,Bank Transfer,Weekly,52,0,-0.6074678870717654,-0.5796567140259117
3102,32,Female,Jewelry,Accessories,82,Idaho,S,Brown,Summer,2.7,No,Express,No,No,9,PayPal,Fortnightly,26,3,-0.5196637782466335,-1.1233396303292977
3103,51,Female,Jacket,Outerwear,85,South Dakota,M,Green,Summer,4.3,No,Standard,No,No,29,Cash,Bi-Weekly,26,2,-0.33786284550319057,1.1001235607730337
3104,27,Female,Shirt,Clothing,37,Illinois,S,Peach,Winter,3.0,No,2-Day Shipping,No,No,42,Bank Transfer,Weekly,52,0,0.975714184547953,-1.0551112503565034
3105,43,Female,Pants,Clothing,56,Georgia,S,Turquoise,Summer,5.0,No,2-Day Shipping,No,No,41,Debit Card,Fortnightly,26,2,-0.3429752004467805,1.1497636979821573
3106,48,Female,Skirt,Clothing,33,Oregon,M,Olive,Fall,2.7,No,Express,No,No,17,Debit Card,Monthly,12,1,1.06244692987804,-1.4289706973296
3107,62,Female,Sandals,Footwear,57,Alabama,M,Yellow,Winter,4.7,No,Next Day Air,No,No,20,PayPal,Annually,1,3,-0.17571903561014246,0.8311809426157439
3108,65,Female,Blouse,Clothing,31,Hawaii,L,Gray,Winter,4.6,No,Standard,No,No,18,Credit Card,Bi-Weekly,26,1,0.6148685921912936,-0.17981684730139835
3109,50,Female,Socks,Clothing,69,Oregon,M,Purple,Fall,3.2,No,2-Day Shipping,No,No,7,PayPal,Monthly,12,3,-0.08838372570975246,-0.6762742347653989
3110,60,Female,Jacket,Outerwear,92,Illinois,M,Gray,Winter,4.3,No,Free Shipping,No,No,47,Bank Transfer,Fortnightly,26,2,0.4335933992180927,2.218522814335744
3111,19,Female,Handbag,Accessories,46,Texas,L,Lavender,Fall,4.6,No,Next Day Air,No,No,2,Bank Transfer,Bi-Weekly,26,3,-2.0051412321497484,-1.4720146348912495
3112,21,Female,Belt,Accessories,81,Kansas,XL,Indigo,Spring,4.9,No,Free Shipping,No,No,25,Debit Card,Quarterly,4,2,-2.2531948589478192,0.8226042082004783
3113,19,Female,Blouse,Clothing,97,Texas,S,Green,Fall,3.8,No,Express,No,No,26,Venmo,Annually,1,2,-1.8232038556902321,0.617920893302635
3114,46,Female,Shirt,Clothing,93,Nebraska,L,Green,Summer,2.6,No,Express,No,No,2,Debit Card,Weekly,52,0,-0.01746740027224042,-1.25173328378673
3115,21,Female,Handbag,Accessories,56,Arkansas,M,Olive,Spring,4.7,No,Store Pickup,No,No,45,Venmo,Bi-Weekly,26,2,-0.9335934986989916,0.6864661700828576
3116,26,Female,Scarf,Accessories,53,South Dakota,M,Charcoal,Fall,4.1,No,Free Shipping,No,No,9,Bank Transfer,Bi-Weekly,26,3,-1.2773015739330544,-1.14473226322315
3117,50,Female,Coat,Outerwear,66,Montana,L,Gray,Spring,3.7,No,Store Pickup,No,No,1,Venmo,Weekly,52,0,-0.20846752644359334,-1.227146937657476
3118,43,Female,Hoodie,Clothing,50,Florida,M,Olive,Fall,3.0,No,Free Shipping,No,No,4,PayPal,Bi-Weekly,26,3,0.11449640200507438,-1.6914163280314158
3119,61,Female,Shorts,Clothing,97,Virginia,L,Blue,Summer,4.7,No,Standard,No,No,31,Debit Card,Quarterly,4,2,-0.5402719065553014,2.185043112557872
3120,63,Female,Sandals,Footwear,79,Louisiana,XL,Silver,Winter,4.7,No,2-Day Shipping,No,No,21,Credit Card,Every 3 Months,4,2,-0.4435278904905033,1.3771838332621367
3121,46,Female,Shirt,Clothing,76,Louisiana,M,Magenta,Fall,4.0,No,Store Pickup,No,No,32,Debit Card,Fortnightly,26,2,-0.09981326081502204,0.7394659213441709
3122,63,Female,Hoodie,Clothing,38,Louisiana,L,Black,Fall,2.6,No,Standard,No,No,16,Venmo,Weekly,52,0,2.0004610234093,-1.6017287188566172
3123,23,Female,Socks,Clothing,45,Georgia,M,Pink,Fall,3.0,No,Express,No,No,34,Credit Card,Fortnightly,26,1,0.21865846460428942,-0.9589729744204887
3124,57,Female,Handbag,Accessories,77,Iowa,XL,Red,Fall,3.3,No,Next Day Air,No,No,40,Venmo,Bi-Weekly,26,2,1.0636769519324571,0.9383554912441768
3125,57,Female,Jewelry,Accessories,51,California,M,Peach,Summer,3.4,No,Standard,No,No,4,Cash,Every 3 Months,4,3,0.2039730677955971,-0.8673773090932548
3126,33,Female,Coat,Outerwear,26,Oregon,L,Lavender,Spring,4.0,No,Standard,No,No,3,Cash,Quarterly,4,3,-0.8334123200821546,-1.667759413590787
3127,57,Female,Sunglasses,Accessories,76,Maine,L,Lavender,Winter,2.6,No,Store Pickup,No,No,28,Bank Transfer,Bi-Weekly,26,2,1.2326208742682887,0.010254485150109861
3128,55,Female,Gloves,Accessories,94,Louisiana,M,Beige,Winter,3.4,No,Free Shipping,No,No,43,Credit Card,Every 3 Months,4,2,0.5188735313387781,1.7617151140297982
3129,65,Female,Jacket,Outerwear,32,Arkansas,S,Indigo,Fall,4.4,No,Standard,No,No,20,Cash,Annually,1,1,0.5751738744170387,0.133156837123734
3130,60,Female,Sandals,Footwear,20,Maryland,S,Cyan,Summer,4.7,No,Express,No,No,40,Venmo,Every 3 Months,4,1,0.9500705665335084,0.7233086876436489
3131,52,Female,Pants,Clothing,20,Vermont,M,Yellow,Summer,4.5,No,Store Pickup,No,No,34,Venmo,Every 3 Months,4,1,0.5871861843120804,0.18738555847043153
3132,34,Female,Jacket,Outerwear,59,North Dakota,M,Peach,Fall,2.9,No,Store Pickup,No,No,11,Bank Transfer,Every 3 Months,4,3,-0.33423220423458655,-1.1482502906535925
3133,33,Female,Sweater,Clothing,97,Michigan,M,Yellow,Summer,4.2,No,Express,No,No,26,Cash,Quarterly,4,2,-1.4959070342229244,1.1007451998375217
3134,58,Female,T-shirt,Clothing,68,Arkansas,M,Orange,Spring,4.1,No,Next Day Air,No,No,29,Cash,Bi-Weekly,26,2,0.37650116924472243,0.7321890758875199
3135,35,Female,Boots,Footwear,66,Kentucky,L,Gray,Spring,4.4,No,Store Pickup,No,No,47,Bank Transfer,Weekly,52,0,-0.017365301575229808,0.8029625413990442
3136,68,Female,Shoes,Footwear,85,Indiana,L,Yellow,Spring,4.7,No,Free Shipping,No,No,48,Venmo,Fortnightly,26,2,0.6288940291251288,2.489827418904775
3137,58,Female,Skirt,Clothing,32,Minnesota,M,Gray,Fall,3.1,No,Next Day Air,No,No,29,Cash,Bi-Weekly,26,1,1.6787892070549202,-0.6849818865417149
3138,34,Female,Coat,Outerwear,44,Louisiana,M,Turquoise,Spring,2.7,No,2-Day Shipping,No,No,14,Bank Transfer,Monthly,12,3,0.21168383010543174,-1.5906950100301644
3139,47,Female,Blouse,Clothing,95,Kentucky,L,Gray,Fall,4.6,No,Next Day Air,No,No,40,Cash,Every 3 Months,4,2,-0.7633477667673291,2.1679374764955064
3140,35,Female,Sunglasses,Accessories,85,Georgia,M,Olive,Winter,4.4,No,Next Day Air,No,No,4,Venmo,Weekly,52,0,-1.5566583052156255,-0.5705674038455919
3141,34,Female,Gloves,Accessories,44,Alaska,XL,Peach,Summer,4.6,No,Free Shipping,No,No,37,Bank Transfer,Weekly,52,0,-0.12047043120697354,-0.049702079214024496
3142,36,Female,Sunglasses,Accessories,30,Mississippi,S,Peach,Winter,4.9,No,Express,No,No,47,Credit Card,Bi-Weekly,26,1,0.03768316266470176,0.5849041648087326
3143,23,Female,Sneakers,Footwear,21,Kansas,L,Magenta,Winter,4.0,No,2-Day Shipping,No,No,1,Venmo,Quarterly,4,3,-1.2240211610177711,-2.0814947934374723
3144,68,Female,Hoodie,Clothing,22,Arizona,M,Purple,Summer,2.9,No,Store Pickup,No,No,26,Cash,Quarterly,4,1,2.121995073716704,-0.6718290293904124
3145,23,Female,Boots,Footwear,70,Maine,L,Beige,Spring,2.6,No,Free Shipping,No,No,12,Debit Card,Quarterly,4,3,-0.7343824254969034,-1.2467544697518584
3146,57,Female,Handbag,Accessories,29,Texas,XL,Purple,Spring,4.6,No,Standard,No,No,16,PayPal,Fortnightly,26,1,0.2578556910010529,-0.4804332925075127
3147,21,Female,Shirt,Clothing,83,Virginia,S,Yellow,Winter,4.9,No,Free Shipping,No,No,19,PayPal,Annually,1,3,-2.4837420943869266,0.6536444168310933
3148,45,Female,Sweater,Clothing,99,North Dakota,M,Pink,Winter,4.3,No,Express,No,No,21,Credit Card,Weekly,52,0,-0.8174166822856892,0.6356338138238371
3149,37,Female,Shorts,Clothing,35,West Virginia,L,Purple,Fall,4.3,No,Free Shipping,No,No,15,Venmo,Weekly,52,0,-0.2611513810796735,-1.3018629716953853
3150,18,Female,Belt,Accessories,40,North Carolina,M,Lavender,Winter,4.6,No,Free Shipping,No,No,9,Venmo,Annually,1,3,-1.9692991448589467,-1.0207246196371635
3151,55,Female,Blouse,Clothing,25,Georgia,M,Peach,Spring,2.6,No,Express,No,No,7,Bank Transfer,Bi-Weekly,26,1,1.3962492155080115,-2.1292154769932807
3152,52,Female,T-shirt,Clothing,64,New Mexico,L,Orange,Fall,3.1,No,2-Day Shipping,No,No,47,Bank Transfer,Quarterly,4,2,1.2166164713823118,0.9885957916672811
3153,49,Female,Belt,Accessories,90,North Carolina,M,Red,Fall,3.1,No,Store Pickup,No,No,17,PayPal,Monthly,12,3,-0.12259531059340435,0.16712320253245178
3154,56,Female,Socks,Clothing,88,Alabama,L,Red,Fall,3.1,No,Next Day Air,No,No,46,Venmo,Fortnightly,26,2,1.151818365093844,1.318976227871544
3155,27,Female,Belt,Accessories,55,Connecticut,M,Gold,Winter,4.4,No,Standard,No,No,32,Cash,Quarterly,4,2,-1.0202763494497575,0.34785313448363847
3156,22,Female,Handbag,Accessories,90,Montana,M,Brown,Fall,4.3,No,Free Shipping,No,No,34,Cash,Annually,1,2,-1.7073963365270037,1.1372389290749805
3157,18,Female,Shirt,Clothing,50,Montana,M,Black,Winter,3.1,No,2-Day Shipping,No,No,18,Cash,Monthly,12,3,-0.7225442640589215,-1.3899927644794527
3158,21,Female,Belt,Accessories,34,Maine,L,Red,Fall,3.1,No,Store Pickup,No,No,5,Debit Card,Fortnightly,26,3,-0.5788155014972074,-2.434485692960808
3159,30,Female,Jewelry,Accessories,77,Mississippi,M,Gray,Winter,4.9,No,2-Day Shipping,No,No,44,Credit Card,Monthly,12,2,-1.200218090316547,1.6214631326586828
3160,62,Female,Hat,Accessories,89,Louisiana,L,Pink,Winter,2.9,No,Store Pickup,No,No,4,Bank Transfer,Quarterly,4,3,0.1355823066682098,-0.14537218589261244
3161,28,Female,Backpack,Accessories,87,Nebraska,XL,Turquoise,Fall,3.8,No,Next Day Air,No,No,37,Cash,Fortnightly,26,2,-0.7481860282971308,0.7196550919611304
3162,66,Female,Dress,Clothing,77,Massachusetts,S,Charcoal,Winter,4.2,No,2-Day Shipping,No,No,43,Cash,Monthly,12,2,0.7647779933203561,1.9416085177829228
3163,66,Female,Shoes,Footwear,85,Wisconsin,L,Blue,Winter,3.9,No,Standard,No,No,28,Bank Transfer,Quarterly,4,2,0.3460395130948772,1.4269973279813246
3164,49,Female,Pants,Clothing,66,Nebraska,XL,Turquoise,Summer,2.8,No,Express,No,No,36,Cash,Monthly,12,2,1.0278449685453028,0.23517438583081823
3165,40,Female,Dress,Clothing,32,Arizona,L,Silver,Winter,2.6,No,Standard,No,No,16,Credit Card,Annually,1,1,0.6905780689874292,-1.5803203123461955
3166,49,Female,Jacket,Outerwear,92,Hawaii,M,Lavender,Spring,3.0,No,Store Pickup,No,No,38,Bank Transfer,Every 3 Months,4,2,0.4420711369796357,1.1499411324622844
3167,19,Female,Shirt,Clothing,80,Georgia,M,Gold,Winter,2.7,No,Next Day Air,No,No,37,Bank Transfer,Fortnightly,26,2,-0.2306135014395317,-0.2572729221561203
3168,24,Female,Dress,Clothing,78,Oregon,M,Blue,Fall,2.8,No,2-Day Shipping,No,No,9,Cash,Bi-Weekly,26,3,-0.8571734207894056,-1.3299685741253422
3169,31,Female,Jeans,Clothing,24,Montana,M,Orange,Spring,2.9,No,2-Day Shipping,No,No,14,PayPal,Fortnightly,26,1,0.4008164515440355,-2.191981168747879
3170,35,Female,T-shirt,Clothing,59,Georgia,M,White,Fall,3.8,No,Free Shipping,No,No,3,Venmo,Weekly,52,0,-0.7308653831942522,-1.5673992360157702
3171,65,Female,Sunglasses,Accessories,41,Rhode Island,XL,Charcoal,Spring,4.4,No,Express,No,No,10,Credit Card,Fortnightly,26,3,0.3625490443251285,-0.39539503143793353
3172,68,Female,Jewelry,Accessories,26,Tennessee,M,Maroon,Spring,3.1,No,Express,No,No,26,Bank Transfer,Bi-Weekly,26,1,2.109255845216185,-0.7435685339499231
3173,57,Female,Socks,Clothing,52,Missouri,M,Olive,Fall,3.7,No,Standard,No,No,30,Debit Card,Bi-Weekly,26,1,0.9107521467542955,0.14879419572751285
3174,69,Female,Skirt,Clothing,46,Washington,L,Teal,Summer,4.9,No,Next Day Air,No,No,32,PayPal,Fortnightly,26,1,0.7198733192062869,1.0225675843267341
3175,45,Female,Pants,Clothing,52,Oklahoma,L,Orange,Winter,3.8,No,Store Pickup,No,No,35,PayPal,Monthly,12,1,0.358858868601848,0.3424109375564233
3176,35,Female,Socks,Clothing,42,Connecticut,M,Maroon,Fall,3.4,No,Store Pickup,No,No,26,Debit Card,Every 3 Months,4,1,0.06329086522135294,-0.6109151802109429
3177,36,Female,Sandals,Footwear,37,Arkansas,XL,Turquoise,Spring,4.6,No,2-Day Shipping,No,No,39,Credit Card,Monthly,12,1,-0.2182495693247173,0.4196357569980462
3178,55,Female,Belt,Accessories,52,Missouri,L,Beige,Fall,3.2,No,Standard,No,No,31,Credit Card,Monthly,12,1,1.0849578485644935,0.044299356329431556
3179,66,Female,Sandals,Footwear,34,Washington,L,Beige,Spring,2.7,No,Free Shipping,No,No,28,Credit Card,Annually,1,1,2.011461483390348,-0.4200955187873346
3180,57,Female,Shorts,Clothing,88,Idaho,M,Olive,Spring,4.3,No,Free Shipping,No,No,12,Debit Card,Bi-Weekly,26,3,-0.6217785850407255,0.5766928660354143
3181,18,Female,Handbag,Accessories,88,Montana,L,Turquoise,Fall,3.8,No,Standard,No,No,46,PayPal,Weekly,52,0,-0.6948504500823465,0.5840590469348703
3182,31,Female,Jacket,Outerwear,51,Montana,M,Charcoal,Summer,4.4,No,Free Shipping,No,No,27,PayPal,Every 3 Months,4,3,-0.9297941908652322,0.12543481708336796
3183,50,Female,Sunglasses,Accessories,97,Georgia,L,Green,Fall,3.6,No,Free Shipping,No,No,4,Credit Card,Annually,1,3,-1.0173992892820733,0.22497241704278573
3184,50,Female,Sneakers,Footwear,56,Mississippi,M,Green,Winter,3.5,No,Standard,No,No,14,Cash,Every 3 Months,4,3,0.043774813586399675,-0.4159574193747015
3185,61,Female,Sweater,Clothing,53,Hawaii,L,Green,Spring,4.2,No,2-Day Shipping,No,No,30,Venmo,Quarterly,4,1,0.5131506033335467,0.8187462202434261
3186,52,Female,Skirt,Clothing,71,Ohio,L,Gold,Fall,4.7,No,Express,No,No,6,PayPal,Annually,1,3,-1.222834486391317,0.35830185939335424
3187,38,Female,Jewelry,Accessories,93,Virginia,S,Cyan,Winter,4.8,No,Store Pickup,No,No,43,Venmo,Annually,1,2,-1.1873468063210266,2.2094041107522884
3188,67,Female,Blouse,Clothing,72,Texas,L,Indigo,Winter,3.2,No,Free Shipping,No,No,28,Debit Card,Weekly,52,0,1.5219717295098716,0.13506778182418963
3189,42,Female,Blouse,Clothing,59,Vermont,M,Lavender,Winter,3.5,No,Standard,No,No,39,Bank Transfer,Monthly,12,2,0.44360363776601525,0.44492771641270573
3190,25,Female,Boots,Footwear,87,Kansas,M,Beige,Summer,4.2,No,Store Pickup,No,No,30,PayPal,Bi-Weekly,26,2,-1.3548155866486773,0.5857563599692626
3191,41,Female,Jeans,Clothing,78,California,S,Purple,Fall,3.4,No,Free Shipping,No,No,5,Credit Card,Fortnightly,26,3,-0.6865585734085069,-0.8024143679911868
3192,62,Female,Hoodie,Clothing,68,Mississippi,XL,Maroon,Winter,4.7,No,Store Pickup,No,No,42,Credit Card,Every 3 Months,4,2,0.29508215123450926,1.986189560469509
3193,19,Female,Sweater,Clothing,76,Iowa,S,Maroon,Fall,3.0,No,Free Shipping,No,No,20,Cash,Fortnightly,26,3,-0.8602093119957553,-0.9031685291333164
3194,63,Female,Gloves,Accessories,99,Virginia,L,Teal,Winter,4.0,No,Express,No,No,35,Credit Card,Fortnightly,26,2,0.31260196368534404,1.7690109329232837
3195,43,Female,Sneakers,Footwear,52,Maryland,L,Gold,Summer,4.6,No,Standard,No,No,10,Credit Card,Bi-Weekly,26,3,-0.8771485676890365,-0.48536618689426547
3196,68,Female,Sunglasses,Accessories,58,Missouri,S,Red,Spring,4.9,No,Next Day Air,No,No,36,Credit Card,Quarterly,4,2,0.3986194552937475,1.734538196715943
3197,24,Female,Belt,Accessories,59,Wisconsin,L,Maroon,Winter,2.8,No,Express,No,No,21,Debit Card,Fortnightly,26,3,-0.20066681094384786,-1.270824870749638
3198,27,Female,Sweater,Clothing,71,Maine,M,Teal,Spring,3.2,No,Free Shipping,No,No,29,Credit Card,Every 3 Months,4,2,-0.5237587188194904,-0.07893292704932513
3199,61,Female,Gloves,Accessories,94,Pennsylvania,L,Peach,Winter,2.8,No,Free Shipping,No,No,39,Debit Card,Weekly,52,0,1.5031805871056516,0.7696668730493472
3200,59,Female,Handbag,Accessories,40,Maine,XL,Pink,Winter,4.2,No,Express,No,No,16,PayPal,Monthly,12,1,0.31735296269136304,-0.226240545767975
3201,67,Female,Socks,Clothing,24,Missouri,L,Black,Spring,4.8,No,Free Shipping,No,No,32,Credit Card,Monthly,12,1,0.9477444854476528,0.5811049768363151
3202,46,Female,Pants,Clothing,38,Vermont,S,Indigo,Fall,2.8,No,2-Day Shipping,No,No,34,Cash,Monthly,12,1,1.3098337741363064,-0.5754503819854845
3203,65,Female,Scarf,Accessories,37,Wisconsin,L,Green,Fall,4.5,No,Standard,No,No,38,Venmo,Annually,1,1,0.9343361932613006,1.0711981215772977
3204,63,Female,Coat,Outerwear,29,New Jersey,L,Teal,Spring,4.1,No,Express,No,No,14,Venmo,Annually,1,1,0.5824732675205065,-0.4039196451879345
3205,57,Female,Jacket,Outerwear,92,New Mexico,XL,Lavender,Fall,4.3,No,Free Shipping,No,No,23,Debit Card,Bi-Weekly,26,2,-0.37480187267328213,1.1377513464118627
3206,40,Female,Hoodie,Clothing,24,Colorado,XL,Magenta,Fall,4.4,No,2-Day Shipping,No,No,50,Bank Transfer,Every 3 Months,4,1,0.547342572564767,0.6511932720943233
3207,36,Female,Boots,Footwear,52,California,M,Brown,Winter,3.0,No,Free Shipping,No,No,49,PayPal,Monthly,12,1,0.9473792792474389,0.29429780463920013
3208,67,Female,Socks,Clothing,29,Arizona,XL,Beige,Summer,2.7,No,Next Day Air,No,No,14,PayPal,Annually,1,1,1.7372705948902958,-1.1109578018451611
3209,61,Female,Jewelry,Accessories,30,Indiana,L,Indigo,Winter,3.3,No,2-Day Shipping,No,No,42,PayPal,Weekly,52,0,2.2960039963492673,-0.3351479041935224
3210,64,Female,Shoes,Footwear,31,Arkansas,L,Peach,Fall,4.3,No,Standard,No,No,39,Debit Card,Annually,1,1,1.1617405124395852,0.8375017875088844
3211,30,Female,Socks,Clothing,67,Nevada,M,Magenta,Summer,2.9,No,Express,No,No,43,Venmo,Bi-Weekly,26,2,0.4725963577077688,0.03417639894203452
3212,53,Female,Pants,Clothing,65,Rhode Island,L,Turquoise,Winter,4.9,No,Standard,No,No,12,Cash,Monthly,12,3,-0.9547385643523802,0.46508349630012824
3213,27,Female,Sneakers,Footwear,22,Wyoming,M,Indigo,Winter,3.6,No,2-Day Shipping,No,No,21,Debit Card,Weekly,52,0,0.2026959361435604,-1.9613691178640977
3214,27,Female,Sunglasses,Accessories,56,Texas,M,Brown,Winter,3.3,No,Standard,No,No,33,Credit Card,Monthly,12,1,-0.16112291955328903,-0.3094178797014022
3215,53,Female,Skirt,Clothing,78,Washington,M,Yellow,Spring,3.1,No,Free Shipping,No,No,6,Debit Card,Annually,1,3,-0.16778605014360992,-0.35929767298648047
3216,34,Female,Coat,Outerwear,90,Rhode Island,M,Magenta,Summer,2.7,No,Free Shipping,No,No,10,PayPal,Every 3 Months,4,3,-0.7351307697551579,-0.5700489294217825
3217,39,Female,Hoodie,Clothing,85,Illinois,S,Olive,Winter,3.4,No,Next Day Air,No,No,18,Cash,Weekly,52,0,-0.2855262056409915,-0.45793149313876735
3218,44,Female,Sunglasses,Accessories,58,Oregon,M,Silver,Fall,3.4,No,Express,No,No,46,Venmo,Weekly,52,0,1.1673984717319812,0.19558191697853397
3219,37,Female,Skirt,Clothing,34,Florida,M,Teal,Fall,3.9,No,Express,No,No,49,PayPal,Monthly,12,1,0.6519722061352492,0.3980540123821294
3220,57,Female,Coat,Outerwear,40,Kansas,L,White,Summer,3.5,No,2-Day Shipping,No,No,39,Credit Card,Weekly,52,0,1.7371294084009938,-0.19689085251014518
3221,38,Female,Handbag,Accessories,29,North Dakota,M,Blue,Fall,4.1,No,Free Shipping,No,No,16,Cash,Monthly,12,1,-0.30445278783224555,-0.9853596979160013
3222,21,Female,T-shirt,Clothing,76,New Hampshire,M,Yellow,Winter,3.2,No,Standard,No,No,28,Cash,Annually,1,2,-0.9115190888522487,-0.09126165451204858
3223,45,Female,Sunglasses,Accessories,84,Texas,S,Maroon,Fall,4.6,No,Store Pickup,No,No,22,PayPal,Quarterly,4,2,-1.1769892094676127,1.1022998058593196
3224,68,Female,Shirt,Clothing,65,Montana,S,Gray,Spring,3.9,No,Standard,No,No,36,Venmo,Bi-Weekly,26,2,1.1832065344728522,1.0555553717361754
3225,37,Female,Hoodie,Clothing,80,Delaware,L,Indigo,Winter,2.7,No,Free Shipping,No,No,18,PayPal,Monthly,12,3,-0.14589115965058044,-0.5059444052473723
3226,53,Female,Blouse,Clothing,98,New Hampshire,M,Pink,Fall,3.0,No,Store Pickup,No,No,31,Credit Card,Weekly,52,0,0.7347292174416522,0.4696882745049802
3227,57,Female,Sneakers,Footwear,71,Minnesota,XL,Beige,Spring,3.3,No,Next Day Air,No,No,38,Bank Transfer,Fortnightly,26,2,1.106128099833716,0.7115613354246497
3228,28,Female,Scarf,Accessories,69,Alaska,XL,White,Fall,2.7,No,Free Shipping,No,No,42,Debit Card,Quarterly,4,2,0.2741550028310442,0.1633899778329833
3229,37,Female,Jewelry,Accessories,95,Connecticut,M,Yellow,Spring,4.6,No,2-Day Shipping,No,No,27,PayPal,Annually,1,2,-1.5765912997626514,1.444242046053277
3230,54,Female,Pants,Clothing,67,Connecticut,M,Teal,Fall,2.7,No,Express,No,No,24,Cash,Monthly,12,1,0.9483856589322617,-0.20117098574561712
3231,49,Female,Sneakers,Footwear,49,Kansas,M,Olive,Summer,2.5,No,Next Day Air,No,No,38,Debit Card,Annually,1,1,1.4808527926762147,-0.11218449846978494
3232,62,Female,Shoes,Footwear,97,Nevada,M,Maroon,Winter,4.4,No,Free Shipping,No,No,9,Credit Card,Annually,1,3,-0.9399093302612637,1.1418592369372882
3233,45,Female,T-shirt,Clothing,34,Massachusetts,M,White,Spring,4.0,No,Next Day Air,No,No,19,Bank Transfer,Monthly,12,1,0.0602710308431361,-0.6489269514385787
3234,45,Female,Belt,Accessories,74,Indiana,M,Lavender,Fall,3.8,No,Express,No,No,11,Debit Card,Bi-Weekly,26,3,-0.5651725839541214,-0.3323572865953665
3235,49,Female,Jewelry,Accessories,96,Washington,M,Black,Winter,2.5,No,2-Day Shipping,No,No,16,Debit Card,Quarterly,4,3,0.10223618719360489,0.029213907699201888
3236,27,Female,Belt,Accessories,68,Kansas,M,Green,Summer,4.0,No,Free Shipping,No,No,18,Venmo,Monthly,12,3,-1.2811880133546023,-0.2657806444106935
3237,63,Female,Belt,Accessories,84,South Carolina,L,Olive,Fall,4.1,No,Next Day Air,No,No,8,Cash,Monthly,12,3,-0.40225095188281346,0.5035827456124929
3238,61,Female,T-shirt,Clothing,57,Vermont,M,Gray,Summer,2.8,No,Express,No,No,4,Cash,Weekly,52,0,1.1194844424102008,-1.5899536947956658
3239,25,Female,Sneakers,Footwear,84,Wyoming,XL,Teal,Fall,3.4,No,2-Day Shipping,No,No,37,Cash,Quarterly,4,2,-0.7357905821274456,0.638838177357147
3240,33,Female,Sunglasses,Accessories,32,Colorado,M,Charcoal,Fall,2.7,No,2-Day Shipping,No,No,30,Cash,Monthly,12,1,0.8244764877373452,-1.217352904342875
3241,56,Female,Sandals,Footwear,37,West Virginia,M,Violet,Fall,3.8,No,2-Day Shipping,No,No,37,Bank Transfer,Monthly,12,1,1.12246731924546,0.3038902123935513
3242,50,Female,Handbag,Accessories,58,Connecticut,M,Lavender,Summer,4.4,No,Store Pickup,No,No,30,PayPal,Quarterly,4,2,-0.16900018211386955,0.8184477924069116
3243,45,Female,Socks,Clothing,74,Oregon,S,Beige,Fall,2.8,No,Express,No,No,17,Venmo,Weekly,52,0,0.5416494268252605,-0.9734114779463457
3244,45,Female,Hoodie,Clothing,99,Idaho,L,Black,Summer,5.0,No,Store Pickup,No,No,11,Bank Transfer,Every 3 Months,4,3,-2.0210917203657597,1.2169725770925781
3245,65,Female,Sweater,Clothing,81,Arkansas,M,Black,Fall,4.7,No,Express,No,No,42,Credit Card,Annually,1,2,0.1781018402262483,2.39513347192453
3246,63,Female,Pants,Clothing,76,Kansas,M,Purple,Fall,3.2,No,Next Day Air,No,No,20,Cash,Weekly,52,0,1.061288825140414,-0.19370813123670494
3247,70,Female,Sneakers,Footwear,98,Michigan,M,Magenta,Summer,2.9,No,Store Pickup,No,No,37,Cash,Monthly,12,2,1.3302098187445366,1.5336757462112673
3248,53,Female,Gloves,Accessories,91,Arkansas,M,Teal,Summer,3.7,No,Express,No,No,12,PayPal,Fortnightly,26,3,-0.41456369668072657,0.22432714084525207
3249,22,Female,T-shirt,Clothing,79,Pennsylvania,S,Teal,Summer,4.2,No,Free Shipping,No,No,41,Bank Transfer,Quarterly,4,2,-1.228678718949758,1.0790856412939647
3250,26,Female,Backpack,Accessories,83,Virginia,M,Pink,Summer,3.4,No,Express,No,No,32,Credit Card,Quarterly,4,2,-0.8199587191500444,0.4242352622971281
3251,23,Female,Coat,Outerwear,90,Minnesota,M,Teal,Spring,2.9,No,2-Day Shipping,No,No,15,Venmo,Weekly,52,0,-0.7672539982319979,-1.0863726130923044
3252,25,Female,Coat,Outerwear,20,Nevada,M,Gold,Winter,3.7,No,Standard,No,No,39,Venmo,Quarterly,4,1,0.16972732368371662,-0.6214162964318257
3253,69,Female,Sandals,Footwear,21,Montana,L,Brown,Spring,2.7,No,Store Pickup,No,No,48,Credit Card,Fortnightly,26,1,3.142579206761027,-0.1341270749057826
3254,36,Female,Backpack,Accessories,60,Nebraska,M,Brown,Fall,3.2,No,2-Day Shipping,No,No,8,Venmo,Fortnightly,26,3,-0.36998706403973636,-1.319544502402988
3255,21,Female,Sweater,Clothing,31,Indiana,S,Magenta,Winter,4.9,No,Store Pickup,No,No,11,Bank Transfer,Every 3 Months,4,3,-1.8234966785840074,-0.9542816071240607
3256,57,Female,Shorts,Clothing,40,New Jersey,M,Black,Fall,2.8,No,Next Day Air,No,No,36,Bank Transfer,Monthly,12,1,1.7917944165380473,-0.21165181739917824
3257,60,Female,Sunglasses,Accessories,26,Wisconsin,L,Teal,Winter,4.7,No,Free Shipping,No,No,50,Venmo,Every 3 Months,4,1,1.1354352621922075,1.289299292977739
3258,44,Female,Shirt,Clothing,98,Minnesota,M,Brown,Fall,3.3,No,Express,No,No,39,Venmo,Every 3 Months,4,2,-0.04886044223793033,1.398592410327346
3259,31,Female,Shoes,Footwear,51,New Jersey,M,Magenta,Spring,4.3,No,Express,No,No,11,Credit Card,Bi-Weekly,26,3,-1.1201378184393562,-0.8889211593343683
3260,57,Female,Hat,Accessories,95,Oklahoma,XL,Indigo,Fall,3.7,No,2-Day Shipping,No,No,5,Debit Card,Every 3 Months,4,3,-0.7082779650807098,0.38587944286440795
3261,39,Female,Scarf,Accessories,36,Wisconsin,M,Violet,Summer,4.5,No,2-Day Shipping,No,No,7,Credit Card,Annually,1,3,-1.014763106234665,-0.8144323288267775
3262,48,Female,Belt,Accessories,52,Rhode Island,L,Cyan,Winter,3.4,No,Store Pickup,No,No,50,Debit Card,Weekly,52,0,1.5473084905852093,0.3074279241351848
3263,42,Female,T-shirt,Clothing,35,Indiana,M,Violet,Spring,2.7,No,Standard,No,No,21,Cash,Every 3 Months,4,1,0.8225234889568974,-1.236789391200206
3264,56,Female,Shorts,Clothing,68,Vermont,S,Black,Fall,4.4,No,Express,No,No,31,Debit Card,Fortnightly,26,2,0.13839942047489934,0.9444269858812081
3265,28,Female,Pants,Clothing,50,Maine,S,Charcoal,Winter,4.0,No,Express,No,No,39,Cash,Bi-Weekly,26,1,-0.21940537354031642,0.041858243477754645
3266,40,Female,Sunglasses,Accessories,100,Alabama,M,White,Winter,3.2,No,Express,No,No,28,Credit Card,Fortnightly,26,2,-0.29655119213283104,0.5593230701629186
3267,49,Female,Coat,Outerwear,74,Alabama,S,Gray,Winter,4.2,No,Next Day Air,No,No,33,Bank Transfer,Weekly,52,0,0.17567776313938796,0.5805052294205191
3268,37,Female,Hoodie,Clothing,45,Idaho,L,Pink,Winter,3.0,No,Store Pickup,No,No,42,Credit Card,Quarterly,4,1,0.8348614461117276,-0.04548362725481221
3269,22,Female,Dress,Clothing,97,Arkansas,M,Cyan,Fall,2.8,No,Free Shipping,No,No,5,Bank Transfer,Every 3 Months,4,3,-1.5638650022555265,-0.8125942336963927
3270,27,Female,Blouse,Clothing,60,Ohio,M,Blue,Winter,4.9,No,Express,No,No,25,Cash,Monthly,12,3,-1.5845806517410768,0.3503701559322254
3271,59,Female,Socks,Clothing,25,Illinois,M,Indigo,Winter,4.7,No,Express,No,No,48,PayPal,Annually,1,1,1.0268492558582034,1.1978794981851284
3272,35,Female,Socks,Clothing,55,Nevada,XL,Magenta,Spring,4.4,No,Standard,No,No,30,Credit Card,Weekly,52,0,-0.31923126968951854,-0.17815416012769428
3273,58,Female,Shoes,Footwear,99,Texas,M,Lavender,Winter,3.1,No,Next Day Air,No,No,34,PayPal,Quarterly,4,2,0.5164480734047634,1.3920702200383372
3274,58,Female,Belt,Accessories,45,Nevada,S,Orange,Summer,2.6,No,Free Shipping,No,No,34,PayPal,Every 3 Months,4,1,1.764022745057354,-0.1684855218215989
3275,46,Female,Sweater,Clothing,20,Oklahoma,M,Cyan,Spring,3.9,No,Store Pickup,No,No,14,Cash,Fortnightly,26,1,0.3859678450663295,-1.4055332323569278
3276,43,Female,Pants,Clothing,88,Alabama,XL,Green,Summer,2.6,No,2-Day Shipping,No,No,2,Debit Card,Weekly,52,0,-0.05957755082436694,-1.4332446060343271
3277,39,Female,Scarf,Accessories,99,South Dakota,M,White,Summer,4.0,No,Store Pickup,No,No,41,PayPal,Every 3 Months,4,2,-0.7108204043762106,1.7973943222278896
3278,59,Female,Skirt,Clothing,86,Texas,M,Blue,Spring,4.9,No,Store Pickup,No,No,3,Credit Card,Monthly,12,3,-1.3090537867037026,0.7068343813997312
3279,59,Female,Dress,Clothing,70,Montana,M,Black,Summer,3.3,No,2-Day Shipping,No,No,18,Bank Transfer,Weekly,52,0,0.8665572462534025,-0.4482250427180963
3280,59,Female,Hat,Accessories,50,Wyoming,S,Red,Fall,3.0,No,Express,No,No,1,Debit Card,Fortnightly,26,3,0.6954534137980917,-1.481643693238354
3281,45,Female,Handbag,Accessories,57,New York,L,Red,Winter,2.7,No,Next Day Air,No,No,5,PayPal,Monthly,12,3,0.19815498816160781,-1.4329673172180906
3282,27,Female,Pants,Clothing,69,Oregon,L,Gold,Winter,3.1,No,Free Shipping,No,No,41,Bank Transfer,Annually,1,2,-0.10486449521492223,0.36411586051674083
3283,24,Female,T-shirt,Clothing,94,California,M,Red,Fall,4.8,No,Next Day Air,No,No,5,Credit Card,Monthly,12,3,-2.7717778798299437,0.18731542208559052
3284,47,Female,Jacket,Outerwear,24,North Carolina,L,Purple,Spring,2.9,No,Express,No,No,10,Debit Card,Every 3 Months,4,1,0.7585941618525366,-1.7451650829339191
3285,70,Female,Scarf,Accessories,79,Kentucky,L,White,Spring,4.5,No,2-Day Shipping,No,No,20,Venmo,Annually,1,2,-0.06583898093484507,1.4072749465560557
3286,58,Female,Hat,Accessories,31,Hawaii,XL,Magenta,Fall,4.6,No,Free Shipping,No,No,11,Cash,Weekly,52,0,0.3540877426295365,-0.9542895125500737
3287,45,Female,Jacket,Outerwear,67,Illinois,L,Pink,Winter,5.0,No,Express,No,No,4,Venmo,Fortnightly,26,3,-1.4955676822212092,-0.11657422179427705
3288,24,Female,Skirt,Clothing,63,West Virginia,L,Black,Spring,4.3,No,2-Day Shipping,No,No,38,Credit Card,Weekly,52,0,-0.6115115504537885,0.06218117273562216
3289,67,Female,Handbag,Accessories,61,South Carolina,XL,White,Spring,4.9,No,Next Day Air,No,No,19,Credit Card,Bi-Weekly,26,3,0.017861307302233273,0.7842395495476575
3290,31,Female,Backpack,Accessories,50,Montana,M,Maroon,Summer,4.0,No,2-Day Shipping,No,No,16,Venmo,Every 3 Months,4,3,-0.9441305036032172,-0.5907064222862041
3291,52,Female,Coat,Outerwear,82,North Dakota,L,Black,Spring,3.1,No,Free Shipping,No,No,2,PayPal,Monthly,12,3,-0.29226213100182746,-0.5950147455150107
3292,29,Female,Belt,Accessories,51,New Mexico,L,Olive,Fall,2.6,No,2-Day Shipping,No,No,11,Cash,Monthly,12,3,-0.12738023499890572,-1.7140563970624694
3293,62,Female,Handbag,Accessories,23,Missouri,L,Gray,Spring,4.9,No,Standard,No,No,18,Bank Transfer,Fortnightly,26,1,0.41070378051597917,-0.2627654807342635
3294,19,Female,Coat,Outerwear,91,West Virginia,M,Gold,Spring,3.5,No,2-Day Shipping,No,No,47,Credit Card,Fortnightly,26,2,-0.6927723044903712,0.8792074474725083
3295,62,Female,Sweater,Clothing,60,South Carolina,S,Magenta,Spring,4.5,No,Store Pickup,No,No,15,Bank Transfer,Bi-Weekly,26,3,-0.005382377673288649,0.2595916712030084
3296,70,Female,Blouse,Clothing,34,West Virginia,S,Lavender,Summer,2.8,No,Next Day Air,No,No,15,Cash,Weekly,52,0,2.1886273679727637,-1.478326551762631
3297,20,Female,Blouse,Clothing,23,Alaska,M,Green,Spring,4.2,No,Next Day Air,No,No,47,Venmo,Quarterly,4,1,-0.21333431503580302,-0.03392550660518097
3298,67,Female,Belt,Accessories,82,West Virginia,M,Violet,Fall,4.1,No,Free Shipping,No,No,47,PayPal,Monthly,12,2,0.9080833100177326,2.1940765816892815
3299,65,Female,Jacket,Outerwear,73,New Mexico,M,Brown,Fall,3.5,No,Express,No,No,6,Bank Transfer,Every 3 Months,4,3,0.1590498678420718,-0.03692398223912742
3300,45,Female,Shorts,Clothing,32,South Dakota,L,Teal,Spring,4.0,No,2-Day Shipping,No,No,18,Venmo,Monthly,12,1,0.06492908666189084,-0.7386581887748612
3301,26,Female,Hat,Accessories,80,Oklahoma,M,Charcoal,Spring,4.0,No,Express,No,No,40,Bank Transfer,Bi-Weekly,26,2,-0.7712524311925646,0.7521116039513795
3302,36,Female,Pants,Clothing,58,Oklahoma,XL,Charcoal,Summer,2.5,No,Free Shipping,No,No,31,Credit Card,Fortnightly,26,1,0.8122186920027876,-0.7873268824443227
3303,36,Female,Blouse,Clothing,82,Alabama,XL,Beige,Winter,4.2,No,Standard,No,No,31,Venmo,Bi-Weekly,26,2,-0.7853592977688079,0.741494484351881
3304,20,Female,Belt,Accessories,60,Mississippi,S,Turquoise,Summer,3.4,No,Next Day Air,No,No,4,Credit Card,Fortnightly,26,3,-1.2914544159602577,-1.713073890164509
3305,30,Female,Handbag,Accessories,79,Mississippi,XL,Orange,Fall,4.8,No,Next Day Air,No,No,36,Bank Transfer,Every 3 Months,4,2,-1.461384075648355,1.3746939330982237
3306,34,Female,Hoodie,Clothing,41,Nebraska,L,Cyan,Summer,4.9,No,Standard,No,No,31,PayPal,Bi-Weekly,26,1,-0.6834897180468371,0.12471409916777056
3307,63,Female,Jacket,Outerwear,39,Colorado,L,Orange,Summer,3.6,No,Store Pickup,No,No,6,Venmo,Fortnightly,26,3,0.763163572718064,-1.1066069116894384
3308,18,Female,Scarf,Accessories,36,Pennsylvania,S,Green,Winter,4.0,No,Store Pickup,No,No,1,Cash,Monthly,12,3,-1.6099793243340215,-1.93342635612111
3309,55,Female,Jeans,Clothing,70,Utah,M,Pink,Fall,2.6,No,Express,No,No,29,Cash,Monthly,12,2,1.1533029923383822,0.04636495320310032
3310,48,Female,Handbag,Accessories,47,Massachusetts,M,Blue,Summer,3.1,No,Store Pickup,No,No,19,PayPal,Monthly,12,1,0.6051126828967002,-0.7867695362086575
3311,45,Female,Jacket,Outerwear,27,Iowa,M,Pink,Winter,3.6,No,Free Shipping,No,No,12,PayPal,Fortnightly,26,1,0.38314922570152843,-1.51529237771644
3312,29,Female,Hat,Accessories,52,Florida,L,Blue,Summer,4.0,No,Express,No,No,18,Bank Transfer,Annually,1,3,-1.0301603896233664,-0.46259117706115366
3313,55,Female,Sneakers,Footwear,75,Louisiana,L,Black,Summer,3.9,No,Next Day Air,No,No,45,Cash,Quarterly,4,2,0.537681644203035,1.6794636064042567
3314,55,Female,Hat,Accessories,30,Kansas,XL,Black,Fall,3.9,No,Express,No,No,45,Credit Card,Monthly,12,1,1.3540208041517707,0.5128851416120747
3315,55,Female,Socks,Clothing,94,Kansas,M,Violet,Spring,3.3,No,Standard,No,No,8,Credit Card,Quarterly,4,3,-0.40723504572976826,0.2212105772251932
3316,48,Female,Scarf,Accessories,68,Kentucky,S,Gold,Summer,2.9,No,Standard,No,No,4,PayPal,Every 3 Months,4,3,-0.09958927154942154,-0.9372047283766103
3317,42,Female,Socks,Clothing,45,New Mexico,M,Olive,Summer,3.1,No,Free Shipping,No,No,5,Debit Card,Fortnightly,26,3,0.11357598753267222,-1.7318866109911732
3318,21,Female,Hat,Accessories,67,North Carolina,XL,Pink,Summer,4.7,No,Standard,No,No,30,Cash,Quarterly,4,2,-1.7376932258640567,0.5902400807615618
3319,45,Female,Jacket,Outerwear,46,North Dakota,M,Olive,Summer,3.9,No,Free Shipping,No,No,15,PayPal,Monthly,12,3,-0.18186137001306957,-0.591055159492479
3320,23,Female,Shorts,Clothing,31,North Dakota,M,Indigo,Summer,4.3,No,Next Day Air,No,No,17,Credit Card,Every 3 Months,4,3,-1.1458218707354142,-0.9968832781383608
3321,66,Female,Blouse,Clothing,44,Illinois,XL,Silver,Fall,4.2,No,2-Day Shipping,No,No,45,Cash,Every 3 Months,4,1,1.2976592085478418,1.347050530222222
3322,32,Female,Coat,Outerwear,100,Maine,S,Charcoal,Winter,4.3,No,Next Day Air,No,No,3,Venmo,Annually,1,3,-2.339365440935589,0.27011815754149887
3323,52,Female,Sweater,Clothing,92,Indiana,XL,Orange,Winter,4.6,No,Next Day Air,No,No,43,PayPal,Weekly,52,0,0.0048370284020080034,1.7197483217301404
3324,54,Female,Handbag,Accessories,78,North Dakota,M,Yellow,Winter,3.8,No,Free Shipping,No,No,4,Credit Card,Monthly,12,3,-0.5798397729872329,-0.16711709126142513
3325,37,Female,T-shirt,Clothing,32,Missouri,S,Red,Fall,3.3,No,Standard,No,No,41,Venmo,Weekly,52,0,1.2348100499485213,-0.8356727342774152
3326,29,Female,Sandals,Footwear,97,Alaska,M,Maroon,Fall,3.7,No,2-Day Shipping,No,No,16,Venmo,Monthly,12,3,-1.5235442904091483,0.20829082222656992
3327,47,Female,Gloves,Accessories,95,North Dakota,M,Magenta,Summer,4.3,No,Standard,No,No,10,Debit Card,Annually,1,3,-1.4324502811037496,0.7644964449002951
3328,47,Female,Shorts,Clothing,64,Connecticut,M,Black,Spring,4.1,No,Express,No,No,2,Debit Card,Quarterly,4,3,-0.9789512690576595,-0.45948706736853967
3329,42,Female,Sandals,Footwear,35,Wisconsin,M,Violet,Spring,3.2,No,Free Shipping,No,No,11,Cash,Bi-Weekly,26,3,0.3795273130151177,-1.65762760941167
3330,34,Female,Backpack,Accessories,54,New Jersey,M,Gray,Winter,3.8,No,Express,No,No,1,Debit Card,Bi-Weekly,26,3,-0.9767337435420749,-1.4613374310188953
3331,38,Female,Sneakers,Footwear,96,Missouri,M,Black,Spring,3.2,No,2-Day Shipping,No,No,41,Bank Transfer,Quarterly,4,2,-0.13808118900092142,1.2531755326202496
3332,55,Female,Sunglasses,Accessories,58,California,M,Pink,Summer,3.5,No,Free Shipping,No,No,39,PayPal,Quarterly,4,1,0.9308105238000198,0.7966666988055897
3333,27,Female,T-shirt,Clothing,23,Washington,M,Silver,Summer,3.1,No,2-Day Shipping,No,No,1,PayPal,Bi-Weekly,26,3,-0.2605852414035635,-2.7380439252659974
3334,55,Female,Jeans,Clothing,35,Minnesota,M,Violet,Spring,4.2,No,Express,No,No,3,PayPal,Monthly,12,3,-0.13660718071619563,-0.9800068049368009
3335,66,Female,Shirt,Clothing,23,California,M,Beige,Summer,3.4,No,Free Shipping,No,No,21,Credit Card,Annually,1,1,1.5002651501821131,-0.5815761671721279
3336,44,Female,Hat,Accessories,94,Texas,XL,Cyan,Winter,3.5,No,Express,No,No,48,Bank Transfer,Quarterly,4,2,0.13253097728198027,1.7985651940940885
3337,39,Female,Blouse,Clothing,45,Montana,M,Brown,Fall,4.0,No,Free Shipping,No,No,24,Debit Card,Annually,1,1,-0.3268334093252736,-0.16324765933895963
3338,23,Female,Jacket,Outerwear,23,Arizona,L,Blue,Winter,4.4,No,2-Day Shipping,No,No,45,Bank Transfer,Bi-Weekly,26,1,-0.0918096906873124,-0.22194536645706509
3339,29,Female,Skirt,Clothing,94,Minnesota,L,White,Winter,2.9,No,2-Day Shipping,No,No,46,Credit Card,Monthly,12,2,-0.05484641461351536,0.957119424758605
3340,20,Female,Gloves,Accessories,99,Nebraska,M,Cyan,Fall,3.6,No,Store Pickup,No,No,35,Cash,Fortnightly,26,2,-1.1959727063210774,0.6373202744269679
3341,42,Female,T-shirt,Clothing,36,Virginia,XL,Maroon,Fall,4.4,No,Free Shipping,No,No,47,Credit Card,Fortnightly,26,1,0.541102228827807,0.5706630961180447
3342,55,Female,Jacket,Outerwear,50,Connecticut,XL,Olive,Summer,4.5,No,Standard,No,No,35,Credit Card,Monthly,12,1,0.31438620602670386,0.901326812258842
3343,66,Female,Jacket,Outerwear,81,New Jersey,M,Violet,Spring,3.8,No,Free Shipping,No,No,45,Credit Card,Weekly,52,0,1.3918090557797862,1.3869125168142515
3344,24,Female,Shorts,Clothing,31,Kentucky,XL,Green,Winter,3.6,No,2-Day Shipping,No,No,6,Cash,Bi-Weekly,26,3,-0.7286169179764413,-2.1173011882197805
3345,62,Female,Hat,Accessories,48,Washington,XL,Magenta,Fall,4.3,No,Free Shipping,No,No,20,Cash,Annually,1,1,0.2557315816018132,0.39210809674084757
3346,28,Female,Handbag,Accessories,91,Florida,M,Turquoise,Summer,4.0,No,2-Day Shipping,No,No,3,Venmo,Bi-Weekly,26,3,-1.9238449129669934,-0.514226315825055
3347,30,Female,Jeans,Clothing,99,Oklahoma,M,Black,Summer,3.4,No,Express,No,No,30,Venmo,Quarterly,4,2,-0.97539598186803,0.8023324249344403
3348,22,Female,Shoes,Footwear,70,Iowa,XL,Cyan,Summer,4.4,No,Standard,No,No,28,PayPal,Bi-Weekly,26,2,-1.3962409575208377,0.1484959788180351
3349,28,Female,T-shirt,Clothing,74,New Hampshire,L,Gray,Winter,2.8,No,Standard,No,No,15,Cash,Every 3 Months,4,3,-0.6481467983494588,-0.8065487662328701
3350,35,Female,Jewelry,Accessories,79,Georgia,M,Red,Fall,2.8,No,Store Pickup,No,No,29,PayPal,Quarterly,4,2,-0.040761933285405255,0.05279916850546827
3351,45,Female,Handbag,Accessories,33,Mississippi,S,Olive,Fall,4.9,No,2-Day Shipping,No,No,15,Cash,Bi-Weekly,26,3,-0.5484395423362544,-0.5113377533885008
3352,43,Female,Shirt,Clothing,49,New Hampshire,L,Cyan,Spring,4.2,No,2-Day Shipping,No,No,18,Bank Transfer,Fortnightly,26,3,-0.31728721570837193,-0.4432475398137118
3353,55,Female,Belt,Accessories,96,Washington,M,Teal,Summer,2.9,No,Next Day Air,No,No,7,Bank Transfer,Bi-Weekly,26,3,0.008198212626091196,-0.27938058574094965
3354,31,Female,Dress,Clothing,66,Ohio,L,Teal,Fall,4.6,No,Free Shipping,No,No,19,Credit Card,Every 3 Months,4,3,-1.5472942834158527,0.254266116527804
3355,42,Female,Skirt,Clothing,45,Maryland,M,Orange,Fall,2.8,No,Next Day Air,No,No,15,PayPal,Weekly,52,0,0.8402057505481388,-1.8077020863361295
3356,40,Female,Blouse,Clothing,28,Delaware,M,Peach,Spring,2.6,No,Store Pickup,No,No,3,Bank Transfer,Bi-Weekly,26,3,0.6079000332749066,-2.543726776931078
3357,39,Female,Jeans,Clothing,48,Tennessee,M,Silver,Summer,3.5,No,Store Pickup,No,No,13,PayPal,Bi-Weekly,26,3,-0.1156014185395767,-1.1587944784227922
3358,41,Female,Hoodie,Clothing,67,Arkansas,M,Pink,Winter,3.5,No,Free Shipping,No,No,37,Credit Card,Monthly,12,2,0.21246028475052753,0.5283946221618497
3359,56,Female,T-shirt,Clothing,59,Tennessee,M,Magenta,Fall,3.4,No,2-Day Shipping,No,No,26,Cash,Annually,1,1,0.6297269289545947,0.27178480981915343
3360,43,Female,Sunglasses,Accessories,74,New Hampshire,L,Red,Fall,3.9,No,Next Day Air,No,No,29,Debit Card,Monthly,12,2,-0.3303726456166363,0.6230607502953486
3361,22,Female,Jacket,Outerwear,81,Minnesota,M,Maroon,Spring,3.3,No,2-Day Shipping,No,No,47,Cash,Every 3 Months,4,2,-0.4556802259871031,0.8721340279713242
3362,47,Female,Shoes,Footwear,26,Florida,M,Silver,Spring,4.1,No,Free Shipping,No,No,47,Credit Card,Bi-Weekly,26,1,1.1267808610178676,0.2697480121483783
3363,50,Female,Handbag,Accessories,61,Tennessee,M,Gray,Summer,3.0,No,Next Day Air,No,No,48,Venmo,Fortnightly,26,2,1.4767855716277225,0.5819133358274204
3364,58,Female,Sweater,Clothing,23,California,M,Turquoise,Winter,3.0,No,Next Day Air,No,No,46,Bank Transfer,Bi-Weekly,26,1,2.382591276312975,-0.2337020666629899
3365,50,Female,Scarf,Accessories,33,Oregon,M,Peach,Fall,3.2,No,Standard,No,No,7,Credit Card,Monthly,12,3,0.508046927037739,-1.5282444954107175
3366,43,Female,Skirt,Clothing,58,Tennessee,L,Teal,Fall,3.9,No,Express,No,No,45,Credit Card,Every 3 Months,4,2,0.3195384875989049,1.0244158391343114
3367,38,Female,Gloves,Accessories,65,North Carolina,M,Red,Spring,3.6,No,2-Day Shipping,No,No,47,Debit Card,Quarterly,4,2,0.26403080173208243,1.0000120926918252
3368,44,Female,T-shirt,Clothing,48,Tennessee,M,Blue,Summer,3.1,No,Store Pickup,No,No,6,Venmo,Fortnightly,26,3,0.1756489077230427,-1.5763681201612818
3369,30,Female,Sandals,Footwear,25,Nebraska,M,Blue,Spring,4.8,No,Express,No,No,29,Bank Transfer,Every 3 Months,4,1,-0.7660769596420811,-0.20005835119499685
3370,47,Female,Sweater,Clothing,51,Maine,M,Indigo,Winter,3.8,No,2-Day Shipping,No,No,42,Cash,Monthly,12,1,0.6580637439896864,0.6576634032283127
3371,30,Female,Belt,Accessories,31,Illinois,M,Charcoal,Summer,2.8,No,Store Pickup,No,No,46,Cash,Fortnightly,26,1,1.2250436902965154,-0.7471152633137148
3372,49,Female,Hoodie,Clothing,99,Colorado,S,Turquoise,Winter,4.0,No,Next Day Air,No,No,28,PayPal,Annually,1,2,-0.6910789959615309,1.4949130209869397
3373,56,Female,Socks,Clothing,25,Pennsylvania,M,Maroon,Winter,4.6,No,Free Shipping,No,No,14,Credit Card,Every 3 Months,4,1,0.03082023452854121,-0.4015134664299235
3374,70,Female,Sandals,Footwear,52,Minnesota,M,Purple,Spring,3.5,No,Store Pickup,No,No,12,Debit Card,Every 3 Months,4,3,0.8860758666339111,-0.1742057648459879
3375,22,Female,Blouse,Clothing,47,Nevada,S,Lavender,Spring,3.7,No,2-Day Shipping,No,No,41,Debit Card,Annually,1,1,-0.3721397627038019,0.0772842566701873
3376,51,Female,Boots,Footwear,98,Connecticut,XL,Yellow,Fall,4.9,No,Express,No,No,8,Credit Card,Annually,1,3,-1.7960242391449874,1.1740581011527036
3377,22,Female,Hat,Accessories,46,Ohio,M,Green,Winter,4.1,No,Store Pickup,No,No,24,Cash,Quarterly,4,3,-1.095473549656531,-0.47919962302774916
3378,37,Female,Shirt,Clothing,32,Kentucky,M,Yellow,Winter,4.6,No,Next Day Air,No,No,18,PayPal,Fortnightly,26,3,-0.5678778439145836,-0.7458507876097075
3379,49,Female,Shorts,Clothing,75,Minnesota,L,Gold,Fall,4.5,No,Next Day Air,No,No,6,Cash,Quarterly,4,3,-1.2463305066123855,0.23863709733072802
3380,61,Female,Handbag,Accessories,51,Tennessee,L,Turquoise,Summer,5.0,No,Store Pickup,No,No,40,Cash,Weekly,52,0,0.6911746000833071,1.0378768285035973
3381,41,Female,Dress,Clothing,52,North Dakota,L,Blue,Summer,3.8,No,Standard,No,No,6,PayPal,Every 3 Months,4,3,-0.7043713965993721,-0.8698033787885897
3382,57,Female,Hat,Accessories,66,Minnesota,L,Turquoise,Winter,4.7,No,Standard,No,No,27,Credit Card,Quarterly,4,2,-0.30718375452916324,1.1975610041824214
3383,34,Female,Sweater,Clothing,35,Nebraska,M,Maroon,Spring,2.8,No,Express,No,No,2,Bank Transfer,Weekly,52,0,0.30248620951795363,-2.7640403742126165
3384,27,Female,Coat,Outerwear,43,Delaware,M,Pink,Fall,2.6,No,Next Day Air,No,No,39,Venmo,Bi-Weekly,26,1,0.8431183454000958,-0.9361443294941595
3385,39,Female,Hoodie,Clothing,24,Minnesota,L,Maroon,Summer,3.8,No,Free Shipping,No,No,9,Venmo,Quarterly,4,3,-0.23834844171289452,-1.4473696591982264
3386,62,Female,Jewelry,Accessories,83,Rhode Island,M,Olive,Winter,2.8,No,Standard,No,No,16,Credit Card,Every 3 Months,4,3,0.6472969193056662,0.16490737475995407
3387,34,Female,T-shirt,Clothing,62,Michigan,M,Lavender,Fall,2.6,No,2-Day Shipping,No,No,36,Cash,Quarterly,4,1,0.5397469680134702,-0.18682407473531445
3388,53,Female,Pants,Clothing,78,New Jersey,S,Pink,Spring,3.4,No,2-Day Shipping,No,No,2,Credit Card,Bi-Weekly,26,3,-0.2721985498974902,-0.6768845590383806
3389,35,Female,Sweater,Clothing,61,South Dakota,M,Cyan,Spring,4.5,No,Store Pickup,No,No,21,Credit Card,Weekly,52,0,-0.7455149409919903,-0.3612350522122998
3390,38,Female,Pants,Clothing,57,North Carolina,L,Maroon,Fall,3.8,No,Free Shipping,No,No,39,Venmo,Annually,1,2,0.0010333097091920116,0.6226349235657718
3391,32,Female,Socks,Clothing,70,Oregon,S,Red,Summer,3.0,No,Next Day Air,No,No,38,PayPal,Annually,1,2,0.07196901917698983,0.3093664946441888
3392,47,Female,Hoodie,Clothing,57,Montana,M,Silver,Fall,3.7,No,2-Day Shipping,No,No,6,Debit Card,Every 3 Months,4,3,-0.46672776632947505,-0.6816300073391921
3393,53,Female,Scarf,Accessories,74,New Jersey,XL,Blue,Winter,4.4,No,Free Shipping,No,No,6,Venmo,Bi-Weekly,26,3,-0.7978779406527188,-0.036748994791106895
3394,60,Female,Dress,Clothing,90,Arizona,M,Gold,Fall,3.1,No,Next Day Air,No,No,50,Debit Card,Monthly,12,2,1.2752867618669241,1.797976327840728
3395,31,Female,Sandals,Footwear,98,Vermont,S,Yellow,Spring,4.2,No,Store Pickup,No,No,9,PayPal,Annually,1,3,-2.1064320305661,0.3996030368920036
3396,44,Female,Dress,Clothing,43,Colorado,M,Silver,Winter,3.1,No,Free Shipping,No,No,15,Debit Card,Every 3 Months,4,3,0.32007700134784833,-1.0336583101145853
3397,29,Female,Pants,Clothing,37,Tennessee,XL,Black,Winter,5.0,No,Next Day Air,No,No,5,PayPal,Quarterly,4,3,-1.831155431987494,-0.8416781789601937
3398,19,Female,Blouse,Clothing,38,New Jersey,L,Yellow,Summer,2.7,No,Standard,No,No,13,Bank Transfer,Bi-Weekly,26,3,-0.21822527058066593,-2.2688275747860147
3399,54,Female,Jeans,Clothing,60,Montana,L,Pink,Winter,3.8,No,Standard,No,No,44,Cash,Fortnightly,26,2,0.9813562482114535,0.9250526577640464
3400,40,Female,Pants,Clothing,55,Montana,XL,Yellow,Winter,3.3,No,Standard,No,No,36,Debit Card,Annually,1,1,0.3849645913103106,0.20762563587901817
3401,39,Female,Sunglasses,Accessories,51,Nevada,M,Lavender,Fall,4.8,No,Free Shipping,No,No,18,Venmo,Fortnightly,26,3,-0.9405336712917454,-0.1410382634366559
3402,44,Female,Backpack,Accessories,71,Nevada,L,Peach,Winter,3.4,No,Standard,No,No,39,Credit Card,Weekly,52,0,0.7526818729026458,0.20644095110854518
3403,22,Female,Hoodie,Clothing,61,Louisiana,M,Black,Spring,4.4,No,2-Day Shipping,No,No,11,PayPal,Every 3 Months,4,3,-1.925944282938397,-0.5058460343515228
3404,30,Female,Boots,Footwear,65,Illinois,M,Olive,Summer,3.9,No,Standard,No,No,1,Cash,Bi-Weekly,26,3,-1.3961591697809683,-1.2287359403724676
3405,69,Female,Gloves,Accessories,34,South Carolina,L,Olive,Fall,3.9,No,2-Day Shipping,No,No,34,Credit Card,Annually,1,1,1.46024224519657,0.5757247798694789
3406,28,Female,Blouse,Clothing,87,Washington,M,White,Summer,4.2,No,Store Pickup,No,No,47,Bank Transfer,Bi-Weekly,26,2,-0.7457591778722658,1.369730934567901
3407,57,Female,Sweater,Clothing,79,Nebraska,M,Red,Spring,4.0,No,Store Pickup,No,No,24,Venmo,Quarterly,4,2,-0.1138922620346248,0.9823777718209726
3408,46,Female,Dress,Clothing,46,Alabama,S,Purple,Spring,2.6,No,Store Pickup,No,No,20,Cash,Quarterly,4,1,0.8489865358495512,-0.9911419454193704
3409,48,Female,Socks,Clothing,72,Montana,L,Purple,Summer,4.4,No,Standard,No,No,11,Bank Transfer,Annually,1,3,-1.0518568750614063,0.34016244453800676
3410,24,Female,Shirt,Clothing,93,Minnesota,M,Teal,Summer,3.2,No,Next Day Air,No,No,3,Credit Card,Every 3 Months,4,3,-1.7535933505020995,-0.7238550147352634
3411,50,Female,Sandals,Footwear,76,Ohio,L,Teal,Summer,4.3,No,Free Shipping,No,No,38,Bank Transfer,Bi-Weekly,26,2,0.025888394618135156,1.2476662948555235
3412,29,Female,Shoes,Footwear,56,New York,L,Gray,Winter,4.9,No,2-Day Shipping,No,No,45,Cash,Weekly,52,0,-0.5114682561008254,0.6377411354171671
3413,61,Female,Sandals,Footwear,83,Indiana,M,Magenta,Fall,3.8,No,Store Pickup,No,No,31,Venmo,Quarterly,4,2,0.3269449938473813,1.3450407129236122
3414,34,Female,Gloves,Accessories,90,Delaware,XL,Black,Winter,2.5,No,Express,No,No,16,PayPal,Bi-Weekly,26,3,-0.22839508903312666,-0.7081347398528618
3415,27,Female,Boots,Footwear,94,Connecticut,M,Maroon,Spring,4.9,No,Next Day Air,No,No,3,Bank Transfer,Quarterly,4,3,-2.8451706820290754,0.3238341382510676
3416,38,Female,Blouse,Clothing,68,New York,M,Gold,Fall,3.0,No,2-Day Shipping,No,No,15,Bank Transfer,Annually,1,3,-0.29997101237113993,-0.5867907400967586
3417,25,Female,Sandals,Footwear,53,Alabama,M,Purple,Spring,3.2,No,Store Pickup,No,No,11,Bank Transfer,Every 3 Months,4,3,-0.8214275345966509,-1.3102314816998795
3418,54,Female,Coat,Outerwear,35,Massachusetts,M,Blue,Summer,2.9,No,2-Day Shipping,No,No,22,Debit Card,Fortnightly,26,1,1.4043222782748732,-1.1080642243435534
3419,53,Female,Jacket,Outerwear,30,South Carolina,M,Beige,Summer,2.8,No,Free Shipping,No,No,35,Debit Card,Annually,1,1,1.6650444686100394,-0.43523110155845607
3420,23,Female,Jewelry,Accessories,26,West Virginia,L,Indigo,Winter,3.1,No,Store Pickup,No,No,5,Venmo,Bi-Weekly,26,3,-0.36297686230120907,-2.581691004628529
3421,19,Female,Hat,Accessories,60,Kentucky,M,Purple,Winter,3.4,No,Express,No,No,35,PayPal,Bi-Weekly,26,2,-0.45031726923592,-0.41974835475564126
3422,57,Female,Shoes,Footwear,30,New Jersey,M,Maroon,Summer,2.9,No,Free Shipping,No,No,27,PayPal,Weekly,52,0,1.9845952554174282,-1.2814643535871502
3423,19,Female,Coat,Outerwear,91,New York,L,Beige,Winter,3.2,No,Next Day Air,No,No,9,Venmo,Monthly,12,3,-1.6870418229065105,-0.7237085300321566
3424,33,Female,Boots,Footwear,71,Massachusetts,M,Brown,Spring,3.8,No,Next Day Air,No,No,21,PayPal,Bi-Weekly,26,3,-0.7304911899545505,-0.23208772394337324
3425,33,Female,Scarf,Accessories,64,Florida,L,Green,Summer,3.6,No,2-Day Shipping,No,No,23,Credit Card,Monthly,12,3,-0.5402946021540463,-0.2481622677111988
3426,38,Female,Hat,Accessories,54,Michigan,M,Blue,Summer,4.3,No,Next Day Air,No,No,3,Debit Card,Bi-Weekly,26,3,-1.1061114869014381,-1.0096951419080407
3427,47,Female,Socks,Clothing,35,Oregon,XL,Magenta,Fall,4.8,No,2-Day Shipping,No,No,31,Credit Card,Annually,1,1,-0.19331129637772693,0.5175370413591168
3428,39,Female,T-shirt,Clothing,38,Michigan,XL,Turquoise,Winter,2.5,No,Store Pickup,No,No,44,Cash,Annually,1,1,1.4174649040918048,-0.3287184722427939
3429,32,Female,Jewelry,Accessories,69,Washington,M,Gray,Fall,2.5,No,Next Day Air,No,No,20,Venmo,Monthly,12,3,0.026230742350072472,-0.8998132118341264
3430,27,Female,Skirt,Clothing,96,Alaska,S,Purple,Winter,4.6,No,Express,No,No,34,Debit Card,Weekly,52,0,-1.3589570448929464,0.9062980168185828
3431,67,Female,Socks,Clothing,73,Montana,M,Lavender,Winter,4.2,No,Next Day Air,No,No,17,Bank Transfer,Every 3 Months,4,3,0.06149497733411988,0.8672330400122663
3432,46,Female,Belt,Accessories,49,New Mexico,S,Green,Summer,4.2,No,Express,No,No,20,Venmo,Annually,1,3,-0.3566381511517926,0.02228256377491418
3433,36,Female,Boots,Footwear,44,Connecticut,M,Gray,Summer,4.8,No,2-Day Shipping,No,No,46,PayPal,Every 3 Months,4,1,-0.34685565415979003,1.0967493136799735
3434,62,Female,Socks,Clothing,93,Alaska,M,Yellow,Spring,4.5,No,Free Shipping,No,No,28,PayPal,Annually,1,2,-0.4031623677851343,1.9093075124188426
3435,31,Female,Pants,Clothing,72,Ohio,S,Orange,Summer,3.3,No,2-Day Shipping,No,No,6,Venmo,Fortnightly,26,3,-0.9045832163709939,-1.169136990021784
3436,68,Female,Socks,Clothing,91,Montana,M,Beige,Summer,2.7,No,2-Day Shipping,No,No,50,Debit Card,Bi-Weekly,26,2,1.9981576513492825,1.5862201711564692
3437,57,Female,Belt,Accessories,83,Nebraska,L,Peach,Winter,2.8,No,2-Day Shipping,No,No,41,Bank Transfer,Monthly,12,2,1.2217760390924064,1.01797710820711
3438,22,Female,Jacket,Outerwear,62,Oklahoma,S,Green,Winter,3.5,No,2-Day Shipping,No,No,50,PayPal,Annually,1,2,-0.22318823366442891,0.7008277306195035
3439,26,Female,Shirt,Clothing,71,Kentucky,M,Violet,Fall,3.0,No,Store Pickup,No,No,33,Credit Card,Monthly,12,2,-0.23952772308309886,-0.14505118809442488
3440,43,Female,Gloves,Accessories,93,Idaho,M,Gray,Summer,4.5,No,Express,No,No,25,Venmo,Quarterly,4,2,-1.2533786869542312,1.343849556490091
3441,45,Female,Handbag,Accessories,63,Maryland,L,Magenta,Fall,4.3,No,2-Day Shipping,No,No,2,PayPal,Weekly,52,0,-0.7620486579930983,-1.0219280144185687
3442,64,Female,Sweater,Clothing,96,Tennessee,XL,Charcoal,Fall,4.1,No,Standard,No,No,15,Credit Card,Annually,1,2,-0.45742421979960773,1.2451519358846819
3443,28,Female,Skirt,Clothing,78,Michigan,M,Violet,Spring,4.3,No,Next Day Air,No,No,12,PayPal,Weekly,52,0,-1.4338288257197735,-0.6009768537442358
3444,47,Female,Dress,Clothing,24,Tennessee,L,Silver,Summer,5.0,No,Free Shipping,No,No,28,Cash,Bi-Weekly,26,1,-0.01641837772971968,-0.07449460499014621
3445,53,Female,Pants,Clothing,63,Rhode Island,S,Green,Summer,3.8,No,2-Day Shipping,No,No,12,Bank Transfer,Bi-Weekly,26,3,-0.021258927494503498,-0.38179632503382643
3446,42,Female,Hat,Accessories,58,Florida,M,Magenta,Fall,4.9,No,Standard,No,No,3,Debit Card,Annually,1,3,-1.6505516397294715,-0.17411966087371689
3447,51,Female,Boots,Footwear,55,Louisiana,S,Purple,Spring,5.0,No,2-Day Shipping,No,No,20,Cash,Weekly,52,0,-0.3611275520490883,0.07394200241047454
3448,62,Female,Sandals,Footwear,58,Arkansas,M,Blue,Fall,4.3,No,Express,No,No,3,Bank Transfer,Bi-Weekly,26,3,-0.17279962973693497,-0.40957482457258165
3449,18,Female,Coat,Outerwear,28,Kentucky,S,Yellow,Winter,4.1,No,Express,No,No,32,Bank Transfer,Fortnightly,26,1,-0.5413370469653062,-0.9296741368863194
3450,48,Female,Blouse,Clothing,37,Kansas,M,Brown,Spring,4.5,No,Standard,No,No,35,Cash,Monthly,12,1,0.23821921224757525,0.4462459395831405
3451,20,Female,Shorts,Clothing,78,Vermont,M,Pink,Spring,3.6,No,Store Pickup,No,No,31,PayPal,Monthly,12,2,-1.0858642243568362,0.14856676585126813
3452,32,Female,Blouse,Clothing,73,Nevada,XL,Silver,Fall,3.0,No,Free Shipping,No,No,13,Credit Card,Annually,1,3,-0.6896580463435037,-0.6796248883683775
3453,26,Female,Jacket,Outerwear,20,Oklahoma,M,Indigo,Spring,3.7,No,Next Day Air,No,No,3,Venmo,Fortnightly,26,3,-0.6190924042260736,-2.406182619997514
3454,31,Female,Shirt,Clothing,60,Alabama,L,Pink,Winter,4.3,No,Standard,No,No,48,Venmo,Bi-Weekly,26,2,-0.21559720516142272,0.8928549848318156
3455,55,Female,Handbag,Accessories,71,Louisiana,S,Lavender,Fall,4.6,No,Store Pickup,No,No,15,PayPal,Bi-Weekly,26,3,-0.5497555451236822,0.42901104246924415
3456,49,Female,T-shirt,Clothing,89,Ohio,M,Orange,Fall,4.7,No,Standard,No,No,13,Venmo,Annually,1,3,-1.4466586908615995,1.0179017636610646
3457,42,Female,Hoodie,Clothing,53,Texas,M,Red,Fall,4.6,No,Express,No,No,21,Venmo,Monthly,12,3,-0.7460200250216188,0.16146143352636022
3458,64,Female,Jewelry,Accessories,87,Maryland,M,Gray,Summer,3.0,No,Express,No,No,29,Cash,Fortnightly,26,2,1.0880569307310792,0.6864835135817362
3459,68,Female,Jewelry,Accessories,37,West Virginia,L,Violet,Spring,3.4,No,Standard,No,No,24,Venmo,Quarterly,4,1,1.4635996483172402,-0.11904018227487893
3460,68,Female,Hoodie,Clothing,37,Ohio,L,Green,Fall,3.8,No,Express,No,No,21,PayPal,Annually,1,1,1.0692754364517842,0.017947294490301594
3461,41,Female,Scarf,Accessories,78,Indiana,M,Gold,Spring,3.1,No,Express,No,No,5,Bank Transfer,Bi-Weekly,26,3,-0.4748013578896952,-0.9719745785263616
3462,51,Female,Shoes,Footwear,23,Wyoming,S,Maroon,Spring,4.4,No,Standard,No,No,47,Cash,Quarterly,4,1,0.9366208671371586,0.7319965340135843
3463,44,Female,Jeans,Clothing,73,Michigan,L,Olive,Spring,4.5,No,Standard,No,No,34,Credit Card,Every 3 Months,4,2,-0.6240862532412828,1.273189457184417
3464,27,Female,Jewelry,Accessories,27,Maine,M,Yellow,Fall,2.8,No,2-Day Shipping,No,No,45,PayPal,Fortnightly,26,1,1.1378890411675198,-0.9473603011771513
3465,36,Female,Coat,Outerwear,59,Utah,S,Peach,Winter,2.7,No,Next Day Air,No,No,12,PayPal,Annually,1,3,-0.10783556914143967,-1.138663597281352
3466,19,Female,Backpack,Accessories,53,Iowa,M,Gold,Spring,3.4,No,Standard,No,No,31,Debit Card,Weekly,52,0,-0.21814982104606895,-1.0852582902302756
3467,49,Female,Socks,Clothing,42,Maryland,S,Purple,Summer,4.6,No,Standard,No,No,43,Bank Transfer,Annually,1,1,0.25690981319262857,1.1210738722086735
3468,18,Female,Scarf,Accessories,45,Texas,M,Charcoal,Fall,5.0,No,Next Day Air,No,No,5,Credit Card,Annually,1,3,-2.448387611323383,-0.8459133608134733
3469,36,Female,Sunglasses,Accessories,89,Ohio,S,Indigo,Winter,3.5,No,Standard,No,No,36,Debit Card,Quarterly,4,2,-0.4595491739625839,1.0029556652743272
3470,36,Female,Socks,Clothing,85,North Dakota,L,Magenta,Fall,3.3,No,Store Pickup,No,No,12,Cash,Annually,1,3,-0.9621054716078071,-0.18423132130049452
3471,19,Female,Coat,Outerwear,69,West Virginia,S,Olive,Summer,4.5,No,Free Shipping,No,No,31,Cash,Bi-Weekly,26,2,-1.4897759777717492,0.24536675761071475
3472,43,Female,Sandals,Footwear,66,North Carolina,S,Blue,Spring,3.1,No,Store Pickup,No,No,31,Cash,Bi-Weekly,26,2,0.5477088454036663,-0.11145479156567663
3473,31,Female,Blouse,Clothing,42,Georgia,S,White,Summer,4.0,No,Free Shipping,No,No,15,Debit Card,Weekly,52,0,-0.41526227490698564,-1.4321265369765765
3474,63,Female,Dress,Clothing,40,Kansas,M,Cyan,Spring,2.5,No,Express,No,No,11,Cash,Weekly,52,0,1.8955268234268472,-1.8229148888346485
3475,41,Female,Pants,Clothing,82,Maine,M,Cyan,Winter,4.4,No,Store Pickup,No,No,18,Venmo,Monthly,12,3,-1.2123867622389306,0.5864712947725035
3476,48,Female,Sneakers,Footwear,88,South Carolina,M,Orange,Spring,4.4,No,Express,No,No,9,Cash,Quarterly,4,3,-1.3473408095560027,0.5959109167154879
3477,68,Female,Boots,Footwear,99,South Carolina,XL,Orange,Summer,3.2,No,Free Shipping,No,No,11,Cash,Weekly,52,0,0.632189319454842,0.07431372854979611
3478,53,Female,Handbag,Accessories,85,Kentucky,S,Teal,Spring,3.8,No,Store Pickup,No,No,38,Debit Card,Bi-Weekly,26,2,0.35465716517411566,1.241240628505087
3479,36,Female,Handbag,Accessories,57,Arizona,M,Magenta,Fall,4.6,No,Store Pickup,No,No,42,PayPal,Quarterly,4,2,-0.5349698346415995,1.1217668760211628
3480,46,Female,Sweater,Clothing,56,New York,S,Orange,Summer,4.9,No,Standard,No,No,41,Cash,Monthly,12,2,-0.27134319775415977,1.334253115408642
3481,21,Female,Sandals,Footwear,79,New Hampshire,L,Peach,Winter,3.5,No,Free Shipping,No,No,45,PayPal,Monthly,12,2,-0.5915190306820134,0.7303670293569069
3482,52,Female,Socks,Clothing,67,Ohio,S,Maroon,Summer,3.4,No,Store Pickup,No,No,41,Debit Card,Bi-Weekly,26,2,0.9789971398374282,0.6953131795767585
3483,66,Female,Gloves,Accessories,61,Hawaii,M,Gold,Winter,3.9,No,Next Day Air,No,No,35,Debit Card,Weekly,52,0,1.367803875461063,0.5461202136298178
3484,19,Female,Hoodie,Clothing,37,Texas,L,White,Winter,3.9,No,Express,No,No,21,Credit Card,Every 3 Months,4,3,-1.0155730920036017,-0.9956131164940152
3485,44,Female,Dress,Clothing,75,Illinois,L,Gray,Fall,4.2,No,Free Shipping,No,No,13,Credit Card,Bi-Weekly,26,3,-0.8487783422915895,-0.018872759389741926
3486,50,Female,Shirt,Clothing,21,Massachusetts,XL,Brown,Winter,3.4,No,Standard,No,No,23,Debit Card,Fortnightly,26,1,1.1452188317527614,-1.1986289111312658
3487,51,Female,Shorts,Clothing,89,North Carolina,L,Charcoal,Winter,4.9,No,Standard,No,No,6,PayPal,Weekly,52,0,-1.252515156256487,0.22846672507995422
3488,25,Female,Sandals,Footwear,24,West Virginia,L,Beige,Fall,2.9,No,Store Pickup,No,No,39,Bank Transfer,Annually,1,1,0.6415928427009937,-0.9408076309454597
3489,62,Female,Sweater,Clothing,27,Delaware,XL,Teal,Spring,4.9,No,Store Pickup,No,No,7,Cash,Quarterly,4,3,-0.16351539794598371,-0.35505422931264513
3490,48,Female,Dress,Clothing,26,Idaho,L,Black,Summer,4.6,No,2-Day Shipping,No,No,32,PayPal,Every 3 Months,4,1,0.19364438784257154,0.21685873387081292
3491,62,Female,Boots,Footwear,82,Oregon,M,Violet,Spring,3.6,No,Store Pickup,No,No,43,Credit Card,Quarterly,4,2,0.8680570014022345,1.7381901127252564
3492,22,Female,Pants,Clothing,28,Maine,M,Orange,Winter,4.3,No,Express,No,No,15,Cash,Monthly,12,3,-1.1239216802859082,-1.2753562576830426
3493,48,Female,Gloves,Accessories,65,South Dakota,M,Turquoise,Fall,4.6,No,Standard,No,No,48,Bank Transfer,Annually,1,2,-0.023407448686017292,1.8563252798852763
3494,48,Female,Pants,Clothing,82,New Mexico,XL,Black,Winter,4.7,No,Store Pickup,No,No,35,Credit Card,Weekly,52,0,-0.2944863606274739,1.1161707108189027
3495,62,Female,Scarf,Accessories,38,Washington,M,Silver,Winter,3.5,No,Free Shipping,No,No,41,PayPal,Quarterly,4,1,1.6106595768210055,0.5555739449350566
3496,24,Female,Shorts,Clothing,33,Georgia,XL,Gray,Spring,2.8,No,Free Shipping,No,No,14,Cash,Weekly,52,0,0.2608525404166396,-2.5131844456883736
3497,39,Female,Shoes,Footwear,38,Idaho,M,Pink,Summer,4.0,No,Free Shipping,No,No,22,PayPal,Monthly,12,1,-0.17046358277237922,-0.5534291593370769
3498,35,Female,Handbag,Accessories,48,Colorado,M,Red,Spring,4.3,No,Store Pickup,No,No,16,Venmo,Every 3 Months,4,3,-0.956155694576279,-0.38423506705773564
3499,47,Female,Sandals,Footwear,35,Kentucky,M,Lavender,Summer,3.8,No,Standard,No,No,2,Bank Transfer,Bi-Weekly,26,3,-0.09203370667495836,-1.594799661744884
3500,22,Female,Socks,Clothing,29,New Jersey,L,Indigo,Fall,3.0,No,Next Day Air,No,No,13,PayPal,Every 3 Months,4,3,-0.3506294027406259,-1.9696348028217594
3501,38,Female,Shirt,Clothing,48,Oregon,S,Silver,Fall,4.6,No,Next Day Air,No,No,38,Debit Card,Fortnightly,26,1,-0.2217692780541844,0.5018544918124613
3502,53,Female,Shoes,Footwear,87,Nebraska,M,Silver,Fall,4.8,No,Standard,No,No,43,Bank Transfer,Weekly,52,0,-0.011847610880659498,1.735519965679582
3503,31,Female,Backpack,Accessories,62,Massachusetts,M,Green,Fall,4.7,No,Next Day Air,No,No,26,Bank Transfer,Quarterly,4,3,-1.352271086279661,0.5129197177375143
3504,31,Female,Shirt,Clothing,96,Nebraska,M,Pink,Spring,3.9,No,Free Shipping,No,No,39,Cash,Weekly,52,0,-0.5558749848420779,0.806898132356699
3505,65,Female,Handbag,Accessories,41,Hawaii,S,Violet,Fall,4.0,No,Next Day Air,No,No,50,Venmo,Monthly,12,1,1.6600697391248525,1.2523343036459993
3506,48,Female,Jewelry,Accessories,42,Indiana,L,Red,Winter,3.7,No,2-Day Shipping,No,No,40,Bank Transfer,Every 3 Months,4,1,0.7916515878489689,0.4260280009555488
3507,18,Female,Shirt,Clothing,57,Illinois,L,Olive,Winter,3.7,No,2-Day Shipping,No,No,12,Cash,Fortnightly,26,3,-1.3089917276644876,-1.3174361647553423
3508,46,Female,Handbag,Accessories,65,Colorado,S,Purple,Spring,4.2,No,Store Pickup,No,No,33,Credit Card,Every 3 Months,4,2,-0.2249673789714676,0.9140243787922011
3509,52,Female,Pants,Clothing,54,Pennsylvania,M,Gray,Fall,4.7,No,Standard,No,No,49,Bank Transfer,Weekly,52,0,0.7346788615769466,1.1313637872521736
3510,50,Female,T-shirt,Clothing,22,Ohio,L,Brown,Winter,4.3,No,Next Day Air,No,No,43,Venmo,Bi-Weekly,26,1,1.0629192759643464,0.18170868483414765
3511,49,Female,Sneakers,Footwear,96,Pennsylvania,S,Orange,Fall,4.9,No,2-Day Shipping,No,No,14,Venmo,Monthly,12,3,-1.5779746538325088,1.1992808406164266
3512,69,Female,Jewelry,Accessories,81,Mississippi,M,Blue,Summer,3.9,No,2-Day Shipping,No,No,21,Credit Card,Every 3 Months,4,2,0.33791846371891315,1.0987191917423493
3513,36,Female,Shirt,Clothing,46,Kentucky,M,White,Fall,3.4,No,Free Shipping,No,No,31,Debit Card,Quarterly,4,1,0.1810549419893278,-0.2831933305103527
3514,30,Female,Blouse,Clothing,74,Alaska,XL,Charcoal,Spring,4.2,No,Store Pickup,No,No,29,Credit Card,Fortnightly,26,2,-0.9596685960267997,0.341004408625008
3515,25,Female,Sneakers,Footwear,50,Georgia,XL,Gray,Winter,4.7,No,Express,No,No,32,Cash,Monthly,12,1,-1.1616936244358247,0.2553470902457461
3516,19,Female,Dress,Clothing,80,South Dakota,XL,Charcoal,Winter,4.0,No,Next Day Air,No,No,16,Debit Card,Bi-Weekly,26,3,-1.74624469136594,-0.41290268981275724
3517,34,Female,Boots,Footwear,56,South Carolina,S,White,Summer,4.0,No,Free Shipping,No,No,38,PayPal,Bi-Weekly,26,2,-0.09739198035355925,0.2678179694897045
3518,29,Female,Skirt,Clothing,69,Tennessee,M,Orange,Winter,3.1,No,Next Day Air,No,No,34,Debit Card,Every 3 Months,4,2,-0.1943545476834963,0.07133451549205073
3519,50,Female,Shirt,Clothing,97,Colorado,M,Black,Spring,4.2,No,Standard,No,No,30,PayPal,Quarterly,4,2,-0.673961912244444,1.6283754344158903
3520,31,Female,Shorts,Clothing,66,Wisconsin,M,White,Winter,3.7,No,Next Day Air,No,No,14,Bank Transfer,Fortnightly,26,3,-0.8597052180448699,-0.7458553032345405
3521,41,Female,Hat,Accessories,70,Georgia,S,Brown,Spring,3.1,No,Express,No,No,33,Bank Transfer,Monthly,12,2,0.33119276260000663,0.20371363841144483
3522,52,Female,Shoes,Footwear,50,Maryland,M,Pink,Winter,3.7,No,Store Pickup,No,No,35,Venmo,Weekly,52,0,1.1081285929372253,-0.12209406347615227
3523,27,Female,Pants,Clothing,85,New Jersey,M,Yellow,Spring,3.2,No,Store Pickup,No,No,13,Cash,Quarterly,4,3,-1.2113356597856535,-0.42600405804971614
3524,49,Female,Backpack,Accessories,59,Nevada,M,Cyan,Summer,2.8,No,Standard,No,No,30,Cash,Fortnightly,26,1,1.0968571898236075,-0.36271120354415587
3525,69,Female,Pants,Clothing,74,Michigan,L,Silver,Summer,2.9,No,Free Shipping,No,No,30,Credit Card,Monthly,12,2,1.4868421437240673,0.6478379726624152
3526,45,Female,Sunglasses,Accessories,38,Wyoming,L,Olive,Winter,3.5,No,Standard,No,No,47,Bank Transfer,Annually,1,1,1.0469339427870834,0.4900451368694672
3527,20,Female,Sweater,Clothing,99,Massachusetts,M,Olive,Spring,3.8,No,Express,No,No,1,PayPal,Every 3 Months,4,3,-2.500063839502962,-0.41178148844292367
3528,25,Female,Blouse,Clothing,97,Washington,S,Charcoal,Spring,4.7,No,Free Shipping,No,No,1,Cash,Weekly,52,0,-2.46914915035692,-0.4548228395972447
3529,38,Female,Scarf,Accessories,67,Maine,L,Gray,Summer,4.5,No,Free Shipping,No,No,33,PayPal,Annually,1,2,-0.8296039238234187,1.0005364834134018
3530,55,Female,T-shirt,Clothing,20,Montana,S,Maroon,Winter,3.9,No,Next Day Air,No,No,43,Bank Transfer,Weekly,52,0,1.8167462446523857,-0.31665057142904646
3531,62,Female,Sunglasses,Accessories,45,Oklahoma,L,Black,Spring,3.4,No,Express,No,No,37,PayPal,Weekly,52,0,1.8761698307104018,-0.11457729989945249
3532,54,Female,Shoes,Footwear,52,North Dakota,XL,Violet,Winter,4.6,No,2-Day Shipping,No,No,23,Cash,Quarterly,4,3,-0.24350842516812482,0.576938821837821
3533,61,Female,Pants,Clothing,68,Connecticut,L,Indigo,Fall,4.6,No,Standard,No,No,12,Credit Card,Annually,1,3,-0.5568410871849521,0.6747279627710169
3534,50,Female,Sneakers,Footwear,98,Texas,L,Yellow,Fall,4.7,No,Standard,No,No,30,Venmo,Fortnightly,26,2,-0.8487558018681507,1.655198618671111
3535,65,Female,Shoes,Footwear,83,Delaware,M,Gray,Fall,3.2,No,Express,No,No,7,Cash,Weekly,52,0,0.6584139465733588,-0.5371200647633744
3536,68,Female,Shorts,Clothing,51,Mississippi,M,Red,Summer,5.0,No,Express,No,No,20,Debit Card,Monthly,12,3,0.05917550060505564,0.8453888448653069
3537,55,Female,Handbag,Accessories,21,Minnesota,L,Peach,Spring,4.5,No,Express,No,No,10,Venmo,Monthly,12,1,0.08291972072620275,-0.8449714691051187
3538,57,Female,Handbag,Accessories,92,Georgia,M,Gray,Spring,3.5,No,Standard,No,No,40,Credit Card,Every 3 Months,4,2,0.47929038190227274,1.6858262474133945
3539,56,Female,Shoes,Footwear,63,Iowa,S,White,Spring,4.5,No,Store Pickup,No,No,21,Venmo,Monthly,12,3,-0.25802000884709475,0.6364496595236747
3540,29,Female,Jewelry,Accessories,56,New York,S,Green,Spring,3.2,No,Express,No,No,17,Credit Card,Bi-Weekly,26,3,-0.338968897000785,-1.1800368042134763
3541,24,Female,Shorts,Clothing,95,Nevada,M,Magenta,Spring,4.6,No,Free Shipping,No,No,5,Bank Transfer,Weekly,52,0,-2.29316970087742,-0.41013707262538124
3542,59,Female,Blouse,Clothing,66,Virginia,M,Olive,Winter,4.0,No,Next Day Air,No,No,22,PayPal,Annually,1,2,0.10127969042536858,0.670150009526781
3543,62,Female,Coat,Outerwear,28,Idaho,S,Olive,Spring,4.2,No,Express,No,No,5,Venmo,Weekly,52,0,0.6818683566622747,-1.4215218262797495
3544,58,Female,Hat,Accessories,83,Colorado,M,Blue,Winter,4.1,No,Standard,No,No,18,PayPal,Every 3 Months,4,2,-0.37996070866786275,0.9002245736174301
3545,64,Female,Socks,Clothing,55,Wisconsin,XL,Charcoal,Fall,3.6,No,2-Day Shipping,No,No,42,Cash,Every 3 Months,4,1,1.3702015046588587,1.0989342739720749
3546,48,Female,Sandals,Footwear,28,Connecticut,M,Yellow,Spring,3.7,No,2-Day Shipping,No,No,22,Debit Card,Annually,1,1,0.4844608771799205,-0.6303799138613779
3547,60,Female,Scarf,Accessories,79,Kansas,M,Violet,Summer,3.6,No,Free Shipping,No,No,37,Bank Transfer,Bi-Weekly,26,2,0.8583015000264113,1.0912308337385446
3548,52,Female,Scarf,Accessories,31,Pennsylvania,L,Magenta,Summer,3.8,No,Standard,No,No,23,Credit Card,Annually,1,1,0.5592465530050208,-0.37621993993296715
3549,63,Female,Blouse,Clothing,37,Utah,M,Red,Fall,3.0,No,Standard,No,No,47,Debit Card,Fortnightly,26,1,2.387369238264223,0.24532278985538541
3550,44,Female,T-shirt,Clothing,34,Oregon,M,Cyan,Summer,3.4,No,2-Day Shipping,No,No,11,Bank Transfer,Fortnightly,26,3,0.3382218482754516,-1.52613189670824
3551,63,Female,Shoes,Footwear,74,West Virginia,S,Orange,Winter,4.8,No,Standard,No,No,32,Cash,Weekly,52,0,0.30677581064377085,1.1720759847424433
3552,66,Female,Gloves,Accessories,31,Montana,L,Black,Spring,2.6,No,Store Pickup,No,No,20,Venmo,Weekly,52,0,2.355289313323903,-1.5346092587335112
3553,22,Female,Sunglasses,Accessories,66,Kentucky,M,Blue,Winter,2.9,No,Next Day Air,No,No,3,PayPal,Quarterly,4,3,-1.177811639563669,-1.5745143336745553
3554,62,Female,Shoes,Footwear,99,Minnesota,M,Charcoal,Spring,4.9,No,Free Shipping,No,No,32,Bank Transfer,Weekly,52,0,-0.21964712822986932,1.7991813627977984
3555,39,Female,Dress,Clothing,55,Louisiana,M,Indigo,Spring,5.0,No,Free Shipping,No,No,5,Credit Card,Fortnightly,26,3,-1.5181759666167178,-0.4845289912471132
3556,25,Female,Blouse,Clothing,23,Delaware,L,Silver,Spring,4.6,No,Next Day Air,No,No,45,Cash,Quarterly,4,1,-0.3443849945983743,0.212659194030064
3557,70,Female,Sweater,Clothing,88,Arizona,M,Brown,Fall,4.2,No,Express,No,No,43,Cash,Bi-Weekly,26,2,0.873033759176884,2.1083482217067857
3558,52,Female,Jacket,Outerwear,26,Nevada,M,Peach,Summer,4.9,No,Next Day Air,No,No,1,PayPal,Every 3 Months,4,3,-0.7343022331890784,-0.8437244716226879
3559,68,Female,Backpack,Accessories,94,Alaska,L,Magenta,Summer,4.8,No,Standard,No,No,9,Venmo,Quarterly,4,3,-0.8961039309623318,1.3852003700712194
3560,18,Female,Shorts,Clothing,25,Utah,M,Beige,Fall,3.0,No,Next Day Air,No,No,13,Venmo,Every 3 Months,4,3,-0.450956318495127,-2.1485409909559396
3561,18,Female,Socks,Clothing,96,Kansas,XL,Violet,Fall,3.5,No,Express,No,No,5,Credit Card,Annually,1,3,-2.2345449584549364,-0.48675654424181275
3562,63,Female,Sneakers,Footwear,29,North Carolina,L,Black,Spring,3.4,No,Standard,No,No,39,Credit Card,Fortnightly,26,1,2.00975058573418,-0.05712010353345984
3563,47,Female,Sneakers,Footwear,36,Maryland,M,Cyan,Winter,3.4,No,Free Shipping,No,No,7,Bank Transfer,Weekly,52,0,0.5462293744899303,-1.9154671476413527
3564,43,Female,Blouse,Clothing,90,Maine,M,Green,Summer,4.9,No,Standard,No,No,8,Credit Card,Every 3 Months,4,3,-1.9701277541486006,0.7781398602647682
3565,60,Female,Gloves,Accessories,38,Illinois,S,Brown,Summer,4.4,No,Free Shipping,No,No,40,Venmo,Annually,1,1,0.8370621391731853,1.0178394720507085
3566,49,Female,Handbag,Accessories,52,Pennsylvania,S,Gray,Spring,4.2,No,Store Pickup,No,No,35,PayPal,Monthly,12,1,0.24311290285876552,0.6527340441102458
3567,28,Female,Jeans,Clothing,88,Alaska,S,Orange,Spring,3.1,No,Next Day Air,No,No,14,Venmo,Monthly,12,3,-1.049525404145141,-0.44968198284381417
3568,32,Female,Scarf,Accessories,56,New Mexico,S,Silver,Summer,4.0,No,Next Day Air,No,No,26,Credit Card,Monthly,12,3,-0.6463157168596465,-0.1052707494775837
3569,29,Female,Sandals,Footwear,71,Arkansas,M,Purple,Spring,4.8,No,Next Day Air,No,No,14,PayPal,Quarterly,4,3,-1.9969867474537417,0.23151626588526292
3570,35,Female,Sandals,Footwear,94,Alaska,M,Olive,Fall,3.3,No,Express,No,No,9,Bank Transfer,Fortnightly,26,3,-1.017040685655254,-0.43704700299698324
3571,23,Female,Dress,Clothing,97,Louisiana,XL,Teal,Winter,4.7,No,Standard,No,No,32,Debit Card,Annually,1,2,-2.1210166312946996,1.465241687884338
3572,70,Female,Skirt,Clothing,27,North Dakota,M,White,Summer,3.2,No,Standard,No,No,15,Bank Transfer,Every 3 Months,4,1,1.5974519767845765,-0.8082133211502286
3573,23,Female,Shorts,Clothing,28,Rhode Island,M,Black,Spring,5.0,No,Standard,No,No,25,Credit Card,Monthly,12,1,-1.2916027983093552,-0.4346594980810334
3574,43,Female,Jeans,Clothing,67,Connecticut,L,Maroon,Fall,4.9,No,Free Shipping,No,No,27,PayPal,Monthly,12,2,-0.9772113646462092,0.9378014556862568
3575,29,Female,Socks,Clothing,70,New York,M,Cyan,Fall,4.9,No,Express,No,No,39,Bank Transfer,Quarterly,4,2,-1.3390804567032688,1.324359400223183
3576,61,Female,Coat,Outerwear,95,Kentucky,M,Violet,Fall,3.7,No,Express,No,No,49,Venmo,Bi-Weekly,26,2,0.9060084838205816,2.056259733824542
3577,29,Female,Boots,Footwear,24,Maine,L,Yellow,Spring,3.0,No,Express,No,No,12,Venmo,Bi-Weekly,26,1,0.18997825800677506,-2.262381623868256
3578,66,Female,Belt,Accessories,35,Missouri,S,Yellow,Winter,2.6,No,Standard,No,No,13,Bank Transfer,Weekly,52,0,2.0896803776814403,-1.7367427897648295
3579,46,Female,Shoes,Footwear,22,Georgia,L,Olive,Winter,2.6,No,Standard,No,No,22,Bank Transfer,Quarterly,4,1,1.3035609319045354,-1.4743230068042756
3580,34,Female,Scarf,Accessories,66,Arizona,L,Olive,Fall,4.8,No,Standard,No,No,19,Credit Card,Every 3 Months,4,3,-1.5635180192168936,0.43048837626477915
3581,51,Female,Blouse,Clothing,83,New Hampshire,M,Magenta,Summer,3.2,No,2-Day Shipping,No,No,3,Cash,Bi-Weekly,26,3,-0.2686861772403284,-0.6713173532585659
3582,26,Female,Dress,Clothing,95,Georgia,M,Orange,Fall,4.9,No,Next Day Air,No,No,50,Credit Card,Weekly,52,0,-1.1401643022304677,1.7095245793493392
3583,23,Female,Shorts,Clothing,41,California,S,Beige,Summer,3.4,No,2-Day Shipping,No,No,15,PayPal,Annually,1,3,-0.7597296828931049,-1.31559875176814
3584,52,Female,Blouse,Clothing,77,Arizona,L,Brown,Summer,2.7,No,Store Pickup,No,No,44,Credit Card,Every 3 Months,4,2,1.198150748358038,0.9429727698410073
3585,39,Female,Sneakers,Footwear,52,Florida,L,Indigo,Fall,4.8,No,Express,No,No,48,Debit Card,Monthly,12,2,-0.2266932530989269,1.3324416310411211
3586,39,Female,Gloves,Accessories,41,New York,XL,Gray,Winter,4.1,No,Standard,No,No,4,Venmo,Bi-Weekly,26,3,-0.6794360466590298,-1.3669309470706936
3587,33,Female,Hoodie,Clothing,28,Idaho,M,Yellow,Winter,4.6,No,Store Pickup,No,No,12,PayPal,Bi-Weekly,26,3,-0.8390666423390535,-1.1791543128798099
3588,33,Female,Sweater,Clothing,90,Virginia,S,Violet,Summer,4.4,No,Standard,No,No,33,Debit Card,Annually,1,2,-1.3483173377027684,1.3830272141247555
3589,23,Female,Sunglasses,Accessories,55,Michigan,M,Magenta,Spring,3.5,No,2-Day Shipping,No,No,40,Cash,Annually,1,1,-0.35033616412075325,0.1322319911719961
3590,31,Female,Belt,Accessories,73,New Hampshire,M,Blue,Spring,4.8,No,Next Day Air,No,No,38,Cash,Every 3 Months,4,2,-1.2633757588966166,1.338558708496042
3591,27,Female,Dress,Clothing,87,South Dakota,M,Gray,Fall,2.9,No,2-Day Shipping,No,No,19,Venmo,Every 3 Months,4,3,-0.8618515978606223,-0.2938352503020067
3592,48,Female,Jacket,Outerwear,89,South Dakota,M,Gold,Winter,3.2,No,2-Day Shipping,No,No,38,Bank Transfer,Quarterly,4,2,0.30895296729221855,1.1709230446385603
3593,61,Female,Boots,Footwear,82,New Jersey,L,Lavender,Spring,4.4,No,2-Day Shipping,No,No,18,Venmo,Fortnightly,26,2,-0.2555003438037789,0.8298580557490979
3594,63,Female,Sandals,Footwear,80,Wyoming,M,Black,Spring,4.6,No,Next Day Air,No,No,24,PayPal,Monthly,12,2,-0.23327788476675135,1.3699126332396532
3595,19,Female,Scarf,Accessories,87,Alabama,L,Charcoal,Summer,2.6,No,2-Day Shipping,No,No,29,Venmo,Quarterly,4,2,-0.6985185544558637,-0.20788555062448935
3596,21,Female,Blouse,Clothing,41,South Dakota,M,Violet,Spring,3.1,No,Store Pickup,No,No,14,PayPal,Annually,1,3,-0.6597479419602882,-1.5696799314127632
3597,28,Female,Hoodie,Clothing,83,South Carolina,M,Charcoal,Spring,4.3,No,Standard,No,No,44,Cash,Fortnightly,26,2,-0.8355057851860217,1.2043889738844067
3598,29,Female,Sunglasses,Accessories,71,New Mexico,M,Maroon,Summer,3.1,No,Standard,No,No,18,Bank Transfer,Quarterly,4,3,-0.6831212710671621,-0.5597267023901131
3599,23,Female,Hoodie,Clothing,76,Connecticut,XL,Purple,Spring,4.6,No,Store Pickup,No,No,19,Bank Transfer,Bi-Weekly,26,3,-1.8514611202590798,0.04299586337188489
3600,37,Female,Scarf,Accessories,34,Kansas,S,Peach,Spring,4.6,No,Express,No,No,4,Cash,Weekly,52,0,-0.7695878633615529,-1.6223637198162157
3601,67,Female,Dress,Clothing,81,South Carolina,XL,Olive,Spring,2.7,No,Free Shipping,No,No,25,Cash,Bi-Weekly,26,2,1.4102590744726609,0.26851215422858526
3602,34,Female,T-shirt,Clothing,47,North Carolina,M,Indigo,Summer,3.0,No,Next Day Air,No,No,3,PayPal,Monthly,12,3,-0.3630227247039469,-1.8165323958570705
3603,58,Female,Skirt,Clothing,36,Wyoming,S,Magenta,Summer,3.3,No,Store Pickup,No,No,40,Debit Card,Quarterly,4,1,1.5898921213703014,0.268559741401735
3604,45,Female,Jeans,Clothing,51,Louisiana,M,Gold,Spring,2.7,No,Free Shipping,No,No,5,Cash,Weekly,52,0,0.6515643170247133,-2.0830405555866465
3605,63,Female,Hoodie,Clothing,86,Louisiana,M,Orange,Fall,3.3,No,Standard,No,No,17,Debit Card,Annually,1,2,0.28824158338879424,0.6200713746413149
3606,68,Female,Jeans,Clothing,41,Alabama,M,Gold,Fall,4.3,No,Store Pickup,No,No,36,Bank Transfer,Every 3 Months,4,1,1.1037816945732428,0.9930984858964145
3607,41,Female,Sandals,Footwear,90,Minnesota,XL,Purple,Fall,4.8,No,Express,No,No,41,Venmo,Annually,1,2,-1.0696504716038917,2.1167895960333962
3608,50,Female,Hat,Accessories,93,New Mexico,L,Charcoal,Fall,3.3,No,Standard,No,No,20,Venmo,Bi-Weekly,26,2,-0.062487676570935353,0.32159287141301884
3609,24,Female,Gloves,Accessories,56,Tennessee,M,Cyan,Fall,4.3,No,Next Day Air,No,No,2,Cash,Every 3 Months,4,3,-1.945515283636705,-1.0201699001810756
3610,21,Female,Socks,Clothing,39,New Mexico,M,Cyan,Summer,3.0,No,2-Day Shipping,No,No,31,Debit Card,Monthly,12,1,0.02543266089440359,-1.0924607311247796
3611,18,Female,Jacket,Outerwear,86,Texas,XL,Green,Fall,4.8,No,2-Day Shipping,No,No,23,Bank Transfer,Fortnightly,26,3,-2.25264609216289,0.45698910192044095
3612,63,Female,T-shirt,Clothing,82,Washington,M,Silver,Spring,2.9,No,Standard,No,No,30,Credit Card,Annually,1,2,1.007055355726308,0.8505219620949891
3613,47,Female,Sandals,Footwear,29,Michigan,M,Teal,Summer,3.6,No,Standard,No,No,26,Cash,Every 3 Months,4,1,0.6372880887691846,-0.5528024897886462
3614,58,Female,Hat,Accessories,27,Minnesota,M,Magenta,Fall,3.5,No,Store Pickup,No,No,40,Venmo,Annually,1,1,1.5712779910392436,0.20671318121676394
3615,46,Female,Gloves,Accessories,25,Delaware,L,Maroon,Spring,4.7,No,2-Day Shipping,No,No,19,Bank Transfer,Annually,1,1,-0.3404233889631462,-0.3054968152859939
3616,35,Female,Dress,Clothing,31,California,M,Gold,Winter,4.4,No,Free Shipping,No,No,4,Credit Card,Monthly,12,3,-1.016016546166245,-1.3404445998859003
3617,42,Female,Hoodie,Clothing,23,Wisconsin,L,Purple,Winter,3.3,No,Store Pickup,No,No,33,Debit Card,Fortnightly,26,1,1.1342453618812296,-0.9523073899500029
3618,48,Female,Belt,Accessories,47,Kentucky,M,Lavender,Fall,4.3,No,Express,No,No,29,Debit Card,Monthly,12,1,0.042853625271400304,0.31546686782524563
3619,28,Female,Gloves,Accessories,67,Nevada,M,Maroon,Fall,4.0,No,2-Day Shipping,No,No,47,PayPal,Bi-Weekly,26,2,-0.2732373382222293,0.7833739827414962
3620,44,Female,Scarf,Accessories,75,North Carolina,S,Magenta,Winter,4.9,No,2-Day Shipping,No,No,50,Venmo,Weekly,52,0,-0.0591274923239708,1.6153004841608687
3621,60,Female,Sandals,Footwear,82,Louisiana,M,Turquoise,Summer,2.9,No,Express,No,No,28,Credit Card,Fortnightly,26,2,1.0464062911697287,0.3849918585063631
3622,38,Female,Sneakers,Footwear,32,New Jersey,XL,Silver,Summer,4.0,No,2-Day Shipping,No,No,5,Cash,Fortnightly,26,3,-0.47291491159139193,-1.6151047326811583
3623,46,Female,Dress,Clothing,41,Wisconsin,M,Purple,Fall,4.3,No,Store Pickup,No,No,12,Credit Card,Annually,1,3,-0.5224995881630229,-0.44972054014910606
3624,39,Female,Jewelry,Accessories,89,Arkansas,M,Violet,Winter,2.7,No,2-Day Shipping,No,No,4,PayPal,Weekly,52,0,-0.25637383485452303,-1.3525024087440696
3625,22,Female,Hat,Accessories,82,Texas,XL,Peach,Fall,5.0,No,Store Pickup,No,No,22,Bank Transfer,Bi-Weekly,26,3,-2.189427488810927,0.5172091496342354
3626,44,Female,Scarf,Accessories,99,Illinois,L,Green,Winter,4.4,No,Express,No,No,32,PayPal,Weekly,52,0,-0.6164048829675177,1.1374882956246892
3627,69,Female,Blouse,Clothing,98,Mississippi,L,Teal,Fall,3.5,No,Express,No,No,32,Venmo,Quarterly,4,2,0.6518603943970672,1.7413533188604853
3628,39,Female,Belt,Accessories,54,Delaware,M,Silver,Winter,3.3,No,Next Day Air,No,No,48,Cash,Every 3 Months,4,1,0.7281569442170118,0.6335878984977426
3629,53,Female,Blouse,Clothing,88,Georgia,L,Purple,Summer,3.8,No,Free Shipping,No,No,35,Credit Card,Monthly,12,2,0.09562219241835716,1.3628668498822536
3630,52,Female,T-shirt,Clothing,43,Kansas,L,Lavender,Summer,4.5,No,Standard,No,No,44,Debit Card,Fortnightly,26,1,0.6856053927684298,0.8762524463434818
3631,65,Female,Hat,Accessories,73,Oklahoma,M,Lavender,Winter,4.8,No,Store Pickup,No,No,29,Cash,Weekly,52,0,0.3212108815816615,1.063332888521129
3632,48,Female,Hat,Accessories,50,New Jersey,M,Peach,Fall,2.9,No,Store Pickup,No,No,26,Credit Card,Monthly,12,1,0.8959204686285805,-0.532015261519755
3633,27,Female,Sneakers,Footwear,73,Utah,L,Green,Spring,3.2,No,Express,No,No,3,Debit Card,Quarterly,4,3,-1.2972952466531038,-1.133989706824693
3634,39,Female,Gloves,Accessories,51,Montana,M,Orange,Spring,2.8,No,Free Shipping,No,No,1,Bank Transfer,Bi-Weekly,26,3,-0.012927568731243767,-1.992232122222935
3635,59,Female,Socks,Clothing,22,Ohio,M,Pink,Winter,3.3,No,Standard,No,No,17,PayPal,Annually,1,1,1.181965755546779,-0.9787852479017297
3636,52,Female,Sandals,Footwear,32,Colorado,L,Cyan,Fall,3.3,No,Free Shipping,No,No,17,Credit Card,Fortnightly,26,1,0.945998482279441,-1.20710065921716
3637,50,Female,Sandals,Footwear,38,California,L,Lavender,Summer,4.2,No,2-Day Shipping,No,No,36,Cash,Weekly,52,0,0.8991886042923638,-0.1232056561967745
3638,32,Female,Boots,Footwear,66,Utah,L,Yellow,Winter,3.6,No,Express,No,No,32,Credit Card,Fortnightly,26,2,-0.23488458445819332,-0.018122655545101455
3639,40,Female,Backpack,Accessories,20,Kansas,M,Olive,Spring,4.6,No,Express,No,No,50,PayPal,Bi-Weekly,26,1,0.6671434891192465,0.39012704294696365
3640,26,Female,Coat,Outerwear,44,Illinois,M,Brown,Summer,3.6,No,2-Day Shipping,No,No,39,Venmo,Annually,1,1,-0.142208442409896,-0.050789621767032764
3641,47,Female,Sunglasses,Accessories,31,Minnesota,L,Pink,Spring,4.0,No,Next Day Air,No,No,17,PayPal,Monthly,12,1,0.13631811848977093,-0.7626021726175347
3642,51,Female,Jacket,Outerwear,45,New York,M,Cyan,Fall,2.7,No,Free Shipping,No,No,39,Bank Transfer,Every 3 Months,4,1,1.5442771792825567,-0.04739261591705306
3643,47,Female,Dress,Clothing,71,Arizona,L,Maroon,Summer,4.4,No,Store Pickup,No,No,5,PayPal,Annually,1,3,-1.24780048667,0.04103856036853938
3644,53,Female,Scarf,Accessories,96,Tennessee,XL,Magenta,Fall,3.2,No,Standard,No,No,47,Debit Card,Annually,1,2,0.6309690832211594,1.8615893312767064
3645,35,Female,Blouse,Clothing,32,Arkansas,M,Violet,Winter,2.6,No,Next Day Air,No,No,18,Venmo,Weekly,52,0,0.9906411751165356,-2.248624430800653
3646,38,Female,Backpack,Accessories,90,Colorado,L,Silver,Summer,3.4,No,Free Shipping,No,No,31,Credit Card,Every 3 Months,4,2,-0.46461736167216167,0.8002250676429425
3647,69,Female,Jewelry,Accessories,68,Nevada,M,Maroon,Spring,5.0,No,2-Day Shipping,No,No,39,Debit Card,Fortnightly,26,2,0.4841410449137351,1.8965330404469518
3648,47,Female,Shorts,Clothing,45,Kansas,M,Gray,Winter,2.9,No,Store Pickup,No,No,12,Bank Transfer,Weekly,52,0,0.8924353060593844,-1.7730771524253792
3649,31,Female,Skirt,Clothing,67,New York,M,White,Winter,5.0,No,Free Shipping,No,No,45,Cash,Bi-Weekly,26,2,-0.9111009429634248,1.3269576915269634
3650,68,Female,Skirt,Clothing,57,Minnesota,M,Brown,Fall,4.4,No,Standard,No,No,33,Credit Card,Fortnightly,26,2,0.8773870456615124,1.0216303294723241
3651,51,Female,Jeans,Clothing,60,Ohio,M,Silver,Summer,3.5,No,2-Day Shipping,No,No,3,PayPal,Annually,1,3,-0.3206431132709311,-0.7285226040836624
3652,20,Female,Handbag,Accessories,32,Arizona,M,Yellow,Spring,3.8,No,Express,No,No,5,Venmo,Every 3 Months,4,3,-1.2761322028873734,-1.8277945821088741
3653,27,Female,Handbag,Accessories,29,Kentucky,S,Magenta,Fall,3.8,No,Store Pickup,No,No,23,Debit Card,Monthly,12,1,-0.35149842697397127,-1.0897907861866367
3654,67,Female,Coat,Outerwear,20,Minnesota,M,Blue,Spring,3.9,No,Next Day Air,No,No,39,Credit Card,Fortnightly,26,1,1.9725265446717009,0.09673050803742446
3655,21,Female,Jewelry,Accessories,98,Arkansas,M,Green,Winter,3.3,No,Next Day Air,No,No,10,Credit Card,Annually,1,3,-1.85917587426967,-0.27728510312484034
3656,20,Female,Sweater,Clothing,27,Wyoming,M,Yellow,Fall,2.9,No,Next Day Air,No,No,4,Credit Card,Bi-Weekly,26,3,-0.39179762507703747,-2.776646979981343
3657,35,Female,Jacket,Outerwear,67,North Dakota,XL,Cyan,Spring,3.7,No,2-Day Shipping,No,No,18,Credit Card,Monthly,12,3,-0.7196693031399151,-0.29052104383883787
3658,58,Female,Shoes,Footwear,82,Alabama,L,Gold,Winter,3.7,No,Express,No,No,1,Debit Card,Every 3 Months,4,3,-0.5651589040758168,-0.07031400288806376
3659,28,Female,T-shirt,Clothing,72,Mississippi,M,Magenta,Fall,4.6,No,Standard,No,No,18,PayPal,Fortnightly,26,3,-1.605421792824075,0.011236477188959993
3660,27,Female,Sandals,Footwear,77,Illinois,S,Gray,Fall,4.9,No,Store Pickup,No,No,46,Bank Transfer,Annually,1,2,-1.365563031157818,1.7828016292622408
3661,19,Female,Shoes,Footwear,74,Arkansas,L,Indigo,Winter,3.1,No,2-Day Shipping,No,No,13,Bank Transfer,Fortnightly,26,3,-1.09699887735324,-1.1907770334271295
3662,63,Female,Sandals,Footwear,39,Kansas,S,White,Winter,3.5,No,Next Day Air,No,No,5,Credit Card,Fortnightly,26,3,0.80527233077934,-1.2055265380571505
3663,69,Female,Shorts,Clothing,80,Rhode Island,M,Indigo,Spring,4.9,No,Next Day Air,No,No,11,Debit Card,Weekly,52,0,-0.21133614357563835,0.6065646571463776
3664,65,Female,Backpack,Accessories,59,Florida,M,Green,Summer,4.4,No,Express,No,No,49,Credit Card,Weekly,52,0,1.4050386983528858,1.3539219635652353
3665,63,Female,Jacket,Outerwear,68,Missouri,M,Turquoise,Fall,4.4,No,Store Pickup,No,No,1,Debit Card,Fortnightly,26,3,-0.42436526338144326,-0.18013475457795594
3666,28,Female,Socks,Clothing,77,North Carolina,M,Peach,Fall,3.4,No,Next Day Air,No,No,11,Credit Card,Quarterly,4,3,-1.2352717055626858,-0.5660290481993586
3667,67,Female,Jewelry,Accessories,50,Alabama,M,Olive,Winter,3.0,No,2-Day Shipping,No,No,47,Cash,Every 3 Months,4,1,2.14388616979233,0.9166645503611134
3668,51,Female,Pants,Clothing,45,Washington,L,Cyan,Fall,2.6,No,Next Day Air,No,No,20,Venmo,Monthly,12,1,1.1446011333482982,-1.0111198926780658
3669,59,Female,Blouse,Clothing,71,Michigan,XL,Magenta,Summer,3.2,No,Store Pickup,No,No,18,Venmo,Annually,1,3,0.4692200860361807,0.16672042620977198
3670,25,Female,Socks,Clothing,52,Washington,S,Silver,Fall,4.6,No,Store Pickup,No,No,43,PayPal,Quarterly,4,2,-0.8817969813127322,0.8141694582823744
3671,31,Female,Shoes,Footwear,50,Vermont,S,White,Winter,3.8,No,Free Shipping,No,No,4,PayPal,Every 3 Months,4,3,-1.1446827919306128,-1.2125412369148318
3672,62,Female,Handbag,Accessories,66,Illinois,L,Pink,Summer,4.8,No,2-Day Shipping,No,No,20,Venmo,Quarterly,4,3,-0.3688621207978965,1.0625877133358899
3673,51,Female,Sandals,Footwear,81,New York,S,Pink,Fall,4.5,No,Free Shipping,No,No,7,PayPal,Monthly,12,3,-1.1631592968032676,0.36353747089552907
3674,32,Female,Socks,Clothing,28,Rhode Island,M,Pink,Summer,4.2,No,2-Day Shipping,No,No,31,Bank Transfer,Fortnightly,26,1,-0.05731030692957082,-0.6207037324563527
3675,35,Female,Handbag,Accessories,65,Washington,M,Blue,Winter,2.7,No,2-Day Shipping,No,No,41,Venmo,Fortnightly,26,2,0.7981951454465704,-0.10569100264003194
3676,70,Female,Hat,Accessories,80,Virginia,M,White,Winter,4.5,No,Express,No,No,3,Bank Transfer,Monthly,12,3,-0.4691640061118703,0.5704268283059813
3677,19,Female,Jewelry,Accessories,94,Wisconsin,S,Teal,Spring,4.9,No,Free Shipping,No,No,16,PayPal,Monthly,12,3,-2.7373630687937727,0.6049270780461871
3678,32,Female,Backpack,Accessories,30,Michigan,M,Gray,Fall,2.8,No,Standard,No,No,43,Cash,Annually,1,1,1.0182261236894956,-0.5383094877052357
3679,56,Female,Shirt,Clothing,45,Texas,S,Beige,Fall,3.5,No,Standard,No,No,29,Bank Transfer,Fortnightly,26,1,1.0977700231744656,-0.19336709129302238
3680,53,Female,Coat,Outerwear,91,Idaho,M,Violet,Summer,2.5,No,Store Pickup,No,No,5,Cash,Bi-Weekly,26,3,0.23312630227955777,-0.7507105946206902
3681,22,Female,Sunglasses,Accessories,36,Iowa,S,Blue,Winter,2.9,No,Standard,No,No,30,Debit Card,Quarterly,4,1,0.0880923764074327,-1.1397015337673373
3682,26,Female,Gloves,Accessories,73,Connecticut,XL,Magenta,Fall,4.2,No,Next Day Air,No,No,33,Debit Card,Monthly,12,2,-1.119691621422096,0.580521335193237
3683,42,Female,Shirt,Clothing,60,Wyoming,M,Maroon,Fall,4.6,No,Store Pickup,No,No,46,Venmo,Bi-Weekly,26,2,-0.02616666379472298,1.209283854049053
3684,30,Female,Socks,Clothing,77,Mississippi,M,Purple,Winter,3.0,No,Free Shipping,No,No,17,Venmo,Fortnightly,26,3,-0.5040660536871134,-0.775033586067093
3685,29,Female,Skirt,Clothing,86,Pennsylvania,L,Charcoal,Spring,4.4,No,Free Shipping,No,No,47,Credit Card,Bi-Weekly,26,2,-0.8287138896824323,1.480165940811267
3686,47,Female,Shorts,Clothing,42,Tennessee,L,Red,Summer,2.6,No,Standard,No,No,17,Cash,Bi-Weekly,26,1,1.0661772351520875,-1.4713862770314103
3687,59,Female,Sandals,Footwear,70,Louisiana,M,Charcoal,Spring,4.8,No,Free Shipping,No,No,17,Cash,Bi-Weekly,26,3,-0.45080855483235877,0.6874272804714429
3688,34,Female,Shirt,Clothing,44,Arkansas,L,Lavender,Summer,2.9,No,Next Day Air,No,No,28,Bank Transfer,Every 3 Months,4,1,0.398389235308446,-0.7824454440373622
3689,52,Female,Sunglasses,Accessories,91,West Virginia,L,White,Spring,3.0,No,Next Day Air,No,No,8,Cash,Monthly,12,3,-0.19992217301246107,-0.1841449133961505
3690,47,Female,Jewelry,Accessories,30,South Carolina,L,Red,Fall,4.5,No,Standard,No,No,8,Bank Transfer,Quarterly,4,3,-0.5271367239290317,-0.7836480290174074
3691,24,Female,Blouse,Clothing,23,Kansas,S,Violet,Fall,3.7,No,Store Pickup,No,No,4,Bank Transfer,Bi-Weekly,26,3,-0.7236164723177032,-2.3349069550078783
3692,63,Female,Sandals,Footwear,21,Michigan,XL,Orange,Summer,4.8,No,Next Day Air,No,No,24,PayPal,Weekly,52,0,0.9570384280731753,-0.4214100151666165
3693,59,Female,Coat,Outerwear,34,Alabama,L,Turquoise,Spring,4.8,No,Free Shipping,No,No,29,Cash,Fortnightly,26,1,0.48734586325507,0.3442516940979688
3694,66,Female,Blouse,Clothing,46,South Dakota,M,Violet,Summer,4.7,No,2-Day Shipping,No,No,10,Venmo,Weekly,52,0,0.33970622826414987,-0.4166957382782746
3695,45,Female,Sweater,Clothing,41,Rhode Island,M,Blue,Winter,2.6,No,Express,No,No,11,PayPal,Bi-Weekly,26,3,0.8285843764729933,-1.7915708676609416
3696,38,Female,Skirt,Clothing,33,Florida,M,White,Fall,4.6,No,Standard,No,No,18,Bank Transfer,Fortnightly,26,3,-0.5427961149759584,-0.7011242405761624
3697,63,Female,Blouse,Clothing,48,Connecticut,L,Turquoise,Fall,3.4,No,Next Day Air,No,No,26,Bank Transfer,Annually,1,1,1.1035143578987177,0.15888550873130905
3698,55,Female,Hoodie,Clothing,66,Pennsylvania,L,Pink,Winter,3.0,No,Standard,No,No,39,Cash,Weekly,52,0,1.576004135362603,0.09369923858827676
3699,25,Female,Skirt,Clothing,54,California,XL,Maroon,Spring,4.0,No,2-Day Shipping,No,No,4,Venmo,Annually,1,3,-1.6285701403990431,-1.0930961084049327
3700,51,Female,Backpack,Accessories,55,Oklahoma,M,Olive,Fall,2.6,No,Store Pickup,No,No,24,Bank Transfer,Weekly,52,0,1.446838093881386,-1.112941457113643
3701,28,Female,Handbag,Accessories,84,North Dakota,XL,Charcoal,Summer,3.4,No,Store Pickup,No,No,2,Bank Transfer,Every 3 Months,4,3,-1.6075371564907621,-0.7819641698888745
3702,46,Female,Sandals,Footwear,66,New Mexico,M,Charcoal,Spring,4.5,No,Store Pickup,No,No,36,Cash,Annually,1,2,-0.394411487792559,1.2725549630883934
3703,58,Female,Shoes,Footwear,65,South Carolina,M,Indigo,Spring,2.7,No,Store Pickup,No,No,36,Venmo,Weekly,52,0,1.8438456688898057,-0.1635433617081484
3704,30,Female,Sandals,Footwear,83,Michigan,S,Teal,Fall,2.9,No,Standard,No,No,23,PayPal,Every 3 Months,4,3,-0.556725862341644,-0.15571826845845774
3705,68,Female,Sunglasses,Accessories,61,Missouri,L,Black,Winter,4.0,No,Store Pickup,No,No,36,Credit Card,Quarterly,4,2,0.9841885474545594,1.296855086830861
3706,28,Female,Skirt,Clothing,65,Colorado,L,Teal,Summer,3.2,No,Free Shipping,No,No,2,Debit Card,Annually,1,3,-1.1781331514779898,-1.3065494165222227
3707,26,Female,Sandals,Footwear,55,Kansas,M,Green,Spring,4.0,No,Store Pickup,No,No,17,Cash,Bi-Weekly,26,3,-1.0120350281305752,-0.8147242027400161
3708,35,Female,Gloves,Accessories,79,Illinois,M,Gold,Fall,3.4,No,2-Day Shipping,No,No,19,Venmo,Weekly,52,0,-0.3242411046867486,-0.6417698062305891
3709,40,Female,Hoodie,Clothing,96,South Carolina,M,Red,Fall,4.9,No,Express,No,No,41,PayPal,Monthly,12,2,-1.1839394054521508,2.154522499587501
3710,31,Female,Socks,Clothing,43,Utah,M,Silver,Fall,3.6,No,Free Shipping,No,No,27,PayPal,Quarterly,4,1,-0.23256813776006882,-0.5160524689316138
3711,60,Female,Jewelry,Accessories,40,Hawaii,M,Yellow,Summer,3.6,No,2-Day Shipping,No,No,32,Bank Transfer,Fortnightly,26,1,1.3620498049445533,-0.043734729573819076
3712,69,Female,Hat,Accessories,62,Texas,XL,Peach,Fall,3.2,No,Free Shipping,No,No,33,Cash,Annually,1,1,1.461974926602976,0.8003282684888874
3713,51,Female,Blouse,Clothing,72,Oregon,M,Turquoise,Spring,3.7,No,2-Day Shipping,No,No,24,PayPal,Quarterly,4,2,-0.03605790201569016,0.5207924385110467
3714,49,Female,Shoes,Footwear,87,Arizona,M,Peach,Spring,2.6,No,Express,No,No,31,Debit Card,Every 3 Months,4,2,0.6079128185491287,0.5087347555560696
3715,18,Female,Hat,Accessories,31,New York,S,Peach,Winter,3.9,No,Express,No,No,35,Credit Card,Weekly,52,0,-0.1343344399666983,-1.1747689136576833
3716,63,Female,Sunglasses,Accessories,34,Nebraska,S,Orange,Fall,3.4,No,Free Shipping,No,No,2,Bank Transfer,Monthly,12,3,0.7493632415848505,-1.3297471114462243
3717,57,Female,Shirt,Clothing,53,Vermont,M,Charcoal,Fall,3.4,No,Next Day Air,No,No,42,Debit Card,Every 3 Months,4,1,1.252963288441649,0.7911375072478817
3718,45,Female,T-shirt,Clothing,85,Maryland,XL,White,Summer,4.2,No,Express,No,No,47,Bank Transfer,Every 3 Months,4,2,-0.19928926244953615,1.959874270452244
3719,36,Female,Pants,Clothing,50,Tennessee,L,Turquoise,Fall,2.9,No,Standard,No,No,44,Bank Transfer,Bi-Weekly,26,1,1.0326166288176353,-0.19937909585743988
3720,20,Female,Pants,Clothing,91,Pennsylvania,M,Red,Summer,4.1,No,Free Shipping,No,No,8,Bank Transfer,Every 3 Months,4,3,-2.3799420468518124,-0.1347511091703549
3721,21,Female,Hat,Accessories,56,South Carolina,M,Peach,Fall,3.6,No,Free Shipping,No,No,13,Credit Card,Quarterly,4,3,-1.2631160704093682,-1.0125973927274845
3722,62,Female,Coat,Outerwear,60,Connecticut,L,Pink,Fall,4.0,No,Next Day Air,No,No,10,Cash,Annually,1,3,-0.016091224911819784,0.08254241119424184
3723,23,Female,Jacket,Outerwear,34,Kentucky,XL,Yellow,Fall,4.0,No,Standard,No,No,1,Credit Card,Fortnightly,26,3,-1.2446965756926218,-2.0532818731924367
3724,26,Female,Sandals,Footwear,30,Rhode Island,M,Beige,Spring,3.6,No,Free Shipping,No,No,1,Debit Card,Monthly,12,3,-0.89503728495369,-2.1330160285950512
3725,30,Female,Gloves,Accessories,71,Colorado,L,Green,Winter,3.1,No,Express,No,No,18,Bank Transfer,Annually,1,3,-0.6680223405020512,-0.5005601313104739
3726,18,Female,Dress,Clothing,100,Oklahoma,S,Turquoise,Winter,4.4,No,Next Day Air,No,No,2,PayPal,Annually,1,3,-3.0215176188738555,-0.010611218910324752
3727,47,Female,Belt,Accessories,85,Idaho,XL,Orange,Fall,4.3,No,Next Day Air,No,No,36,Debit Card,Every 3 Months,4,2,-0.4998232917097488,1.592120635468239
3728,41,Female,Socks,Clothing,83,Maine,M,Gold,Summer,3.5,No,Next Day Air,No,No,17,Debit Card,Bi-Weekly,26,3,-0.49825813723421425,-0.11877042067354512
3729,62,Female,Jacket,Outerwear,31,Vermont,L,Red,Winter,3.0,No,Standard,No,No,1,Debit Card,Annually,1,3,0.913931361970302,-1.550563672924509
3730,28,Female,Boots,Footwear,82,Rhode Island,M,Teal,Spring,4.7,No,2-Day Shipping,No,No,50,Cash,Quarterly,4,2,-1.1251216594487823,1.940643758370633
3731,46,Female,Shirt,Clothing,79,Florida,M,Teal,Summer,2.5,No,2-Day Shipping,No,No,3,Credit Card,Bi-Weekly,26,3,0.0834378294785649,-1.2669247391015515
3732,54,Female,Hat,Accessories,62,West Virginia,M,Lavender,Spring,3.1,No,2-Day Shipping,No,No,45,PayPal,Quarterly,4,2,1.276096040897072,0.898586411061806
3733,36,Female,Shoes,Footwear,92,Indiana,L,Pink,Spring,3.3,No,Free Shipping,No,No,28,PayPal,Annually,1,2,-0.6224464114110141,0.6598224617429992
3734,25,Female,Socks,Clothing,58,Illinois,M,Maroon,Fall,4.7,No,Next Day Air,No,No,6,Debit Card,Every 3 Months,4,3,-2.1054361050750585,-0.5560990071032014
3735,38,Female,Hoodie,Clothing,88,California,M,Beige,Spring,3.4,No,Next Day Air,No,No,33,Debit Card,Every 3 Months,4,2,-0.3745283645184226,0.8376924988746212
3736,38,Female,Sandals,Footwear,44,Massachusetts,L,Orange,Spring,3.1,No,2-Day Shipping,No,No,29,PayPal,Annually,1,1,0.42574141051751047,-0.5046570570314274
3737,42,Female,Jeans,Clothing,56,Idaho,M,Red,Spring,4.6,No,Store Pickup,No,No,2,PayPal,Every 3 Months,4,3,-1.4075860518865149,-0.4715169733647498
3738,19,Female,Jewelry,Accessories,23,Kentucky,S,Maroon,Winter,4.9,No,Free Shipping,No,No,43,PayPal,Bi-Weekly,26,1,-0.6682893323906555,-0.10838695378400343
3739,34,Female,Shorts,Clothing,45,Delaware,M,Brown,Spring,2.7,No,Free Shipping,No,No,48,Cash,Fortnightly,26,1,1.2872351241285291,-0.30327162724447476
3740,38,Female,Sunglasses,Accessories,31,Idaho,M,Olive,Fall,4.2,No,Free Shipping,No,No,43,Credit Card,Weekly,52,0,0.7147091294844495,-0.24479812440666646
3741,42,Female,Pants,Clothing,96,Virginia,M,Silver,Summer,2.6,No,Store Pickup,No,No,26,Debit Card,Bi-Weekly,26,2,0.21957784468330246,0.08286158734013153
3742,58,Female,Shirt,Clothing,96,Arizona,M,Purple,Spring,3.2,No,2-Day Shipping,No,No,26,Debit Card,Bi-Weekly,26,2,0.46245136677368015,0.7589533117715044
3743,56,Female,Shirt,Clothing,80,Maryland,M,Gray,Fall,4.4,No,Standard,No,No,50,Credit Card,Bi-Weekly,26,2,0.48065183134730277,2.034008640360068
3744,62,Female,Pants,Clothing,28,Idaho,L,Cyan,Fall,3.6,No,Free Shipping,No,No,36,Debit Card,Quarterly,4,1,1.5633641174085084,0.1634378284320357
3745,24,Female,Hoodie,Clothing,51,New Jersey,M,Gray,Summer,2.7,No,Next Day Air,No,No,26,Bank Transfer,Fortnightly,26,1,0.14484397484239456,-1.3046738845692762
3746,60,Female,Socks,Clothing,41,Washington,L,Gold,Spring,4.3,No,Express,No,No,2,Debit Card,Monthly,12,3,-0.12682877310620885,-0.7185877152065238
3747,53,Female,Coat,Outerwear,99,Idaho,XL,Cyan,Summer,2.6,No,Next Day Air,No,No,49,PayPal,Monthly,12,2,1.1590860812729091,1.5385440407003315
3748,26,Female,Sweater,Clothing,53,Rhode Island,L,Olive,Spring,4.3,No,Store Pickup,No,No,32,Bank Transfer,Bi-Weekly,26,1,-0.7635025007107159,-0.056502330511997906
3749,34,Female,Backpack,Accessories,25,Delaware,M,Violet,Fall,3.9,No,2-Day Shipping,No,No,3,Venmo,Annually,1,3,-0.7311601328788983,-1.6887787532630205
3750,24,Female,Blouse,Clothing,95,Alaska,L,Yellow,Winter,2.9,No,2-Day Shipping,No,No,38,Venmo,Every 3 Months,4,2,-0.5782768556722201,0.6379009225027372
3751,42,Female,Hoodie,Clothing,88,Arizona,M,Gold,Fall,3.1,No,Free Shipping,No,No,5,PayPal,Monthly,12,3,-0.7227287691630927,-0.5364280981068024
3752,36,Female,Jewelry,Accessories,97,Alabama,S,Silver,Fall,4.2,No,Free Shipping,No,No,8,Credit Card,Every 3 Months,4,3,-1.8835449410213303,0.4007353078099466
3753,24,Female,Coat,Outerwear,81,Washington,L,Pink,Winter,4.1,No,2-Day Shipping,No,No,43,Venmo,Weekly,52,0,-0.626170497590019,0.5871239436481002
3754,39,Female,Sunglasses,Accessories,26,Louisiana,S,Turquoise,Winter,4.2,No,Next Day Air,No,No,22,Bank Transfer,Fortnightly,26,1,0.011076634822726424,-0.9022064740867507
3755,46,Female,Shoes,Footwear,41,Nebraska,M,Turquoise,Summer,4.4,No,Express,No,No,10,Cash,Every 3 Months,4,3,-0.6234889710538942,-0.5161054469689301
3756,64,Female,Skirt,Clothing,93,Pennsylvania,M,Peach,Fall,3.4,No,Free Shipping,No,No,26,Credit Card,Monthly,12,2,0.496976449554614,1.105187537392912
3757,64,Female,Skirt,Clothing,69,South Carolina,L,Teal,Spring,4.8,No,Express,No,No,42,Debit Card,Bi-Weekly,26,2,0.48592970977688565,1.829053876931291
3758,61,Female,Skirt,Clothing,44,California,L,Red,Fall,4.5,No,2-Day Shipping,No,No,33,Cash,Weekly,52,0,0.9607370564228203,0.29281870027202894
3759,61,Female,Sandals,Footwear,54,Indiana,S,Black,Spring,2.7,No,Store Pickup,No,No,23,Bank Transfer,Quarterly,4,1,1.3560302996807685,-0.30218588518420997
3760,44,Female,Sneakers,Footwear,61,Missouri,M,Pink,Spring,3.5,No,Store Pickup,No,No,30,Venmo,Quarterly,4,1,0.1666734276239416,0.25440044376144627
3761,65,Female,Socks,Clothing,80,Connecticut,M,Peach,Fall,3.1,No,Next Day Air,No,No,36,PayPal,Weekly,52,0,1.6045346723801022,0.5649494728280817
3762,60,Female,Backpack,Accessories,30,Nevada,M,Green,Summer,2.8,No,Next Day Air,No,No,3,Venmo,Every 3 Months,4,3,1.0718761403690968,-1.682697819015836
3763,65,Female,Shorts,Clothing,94,New York,L,Green,Fall,2.9,No,Store Pickup,No,No,13,PayPal,Annually,1,3,0.4074349647198997,0.45584100667844346
3764,27,Female,Shirt,Clothing,24,Oklahoma,XL,Red,Winter,4.5,No,Standard,No,No,38,Cash,Every 3 Months,4,1,-0.40640714319794174,-0.07487051597996121
3765,36,Female,Socks,Clothing,21,South Dakota,M,Maroon,Fall,3.5,No,Next Day Air,No,No,19,Venmo,Monthly,12,1,0.25373423545436036,-1.4287295879263662
3766,22,Female,Jewelry,Accessories,52,Missouri,M,Green,Summer,4.3,No,Standard,No,No,14,Bank Transfer,Bi-Weekly,26,3,-1.4261176188707474,-0.9276030083335014
3767,62,Female,Handbag,Accessories,59,Texas,M,Black,Fall,4.9,No,Next Day Air,No,No,43,Debit Card,Annually,1,2,0.3049450013484463,1.9667425564738583
3768,59,Female,Shorts,Clothing,51,New York,XL,Black,Summer,3.1,No,Free Shipping,No,No,10,Bank Transfer,Fortnightly,26,3,0.8645929811648989,-1.0198617767825977
3769,50,Female,Sweater,Clothing,35,Vermont,M,Yellow,Winter,4.0,No,Free Shipping,No,No,34,Bank Transfer,Quarterly,4,1,0.6083036107243119,0.2176514032605616
3770,51,Female,Gloves,Accessories,87,Arizona,L,Green,Summer,3.6,No,Standard,No,No,31,Venmo,Annually,1,2,-0.041196388877966776,1.154162734879689
3771,23,Female,Pants,Clothing,42,Montana,L,Black,Summer,4.0,No,Store Pickup,No,No,34,Bank Transfer,Weekly,52,0,-0.20739362301608566,-0.7950206210600008
3772,21,Female,T-shirt,Clothing,86,Oklahoma,M,Red,Winter,2.6,No,Express,No,No,28,Venmo,Bi-Weekly,26,2,-0.4324272015884623,-0.5112725416773811
3773,44,Female,Pants,Clothing,26,New Hampshire,L,Yellow,Fall,3.1,No,Next Day Air,No,No,35,Cash,Annually,1,1,1.1447141019842255,-0.5498806114577809
3774,25,Female,Sweater,Clothing,60,Wisconsin,M,Violet,Summer,3.5,No,Store Pickup,No,No,41,Cash,Quarterly,4,2,-0.29484796368874294,0.29697629852927454
3775,57,Female,Gloves,Accessories,83,Alaska,S,Cyan,Winter,3.9,No,Standard,No,No,48,PayPal,Fortnightly,26,2,0.7685732556635426,1.7586674052699762
3776,41,Female,Belt,Accessories,63,South Dakota,S,Pink,Spring,2.7,No,2-Day Shipping,No,No,45,Cash,Quarterly,4,2,1.0004312648737785,0.4223827869408894
3777,19,Female,Sneakers,Footwear,25,Alaska,L,Olive,Spring,4.1,No,Standard,No,No,10,Credit Card,Fortnightly,26,3,-1.0764788152890667,-1.9124011883117473
3778,43,Female,Shorts,Clothing,65,Utah,M,Maroon,Fall,4.3,No,Express,No,No,9,Cash,Weekly,52,0,-0.6791433252828845,-0.7199208528664919
3779,25,Female,Sneakers,Footwear,60,South Dakota,M,Cyan,Fall,2.9,No,Free Shipping,No,No,30,Debit Card,Annually,1,1,-0.21113063405145086,-0.4704333760040243
3780,60,Female,Jeans,Clothing,75,California,XL,Lavender,Spring,4.0,No,Express,No,No,45,PayPal,Annually,1,2,0.6487918245438756,1.8793930735025435
3781,54,Female,Sneakers,Footwear,57,Mississippi,L,Yellow,Fall,4.1,No,Free Shipping,No,No,41,Venmo,Quarterly,4,2,0.5391683247137605,1.1758596852210352
3782,52,Female,Boots,Footwear,99,Tennessee,M,Pink,Winter,3.7,No,Standard,No,No,40,PayPal,Fortnightly,26,2,0.20860236365362878,1.5797807322740076
3783,40,Female,Jacket,Outerwear,45,Alabama,L,Orange,Spring,2.8,No,Free Shipping,No,No,42,PayPal,Fortnightly,26,1,1.2956829853752905,-0.37478465544162193
3784,39,Female,Gloves,Accessories,66,Maine,XL,Orange,Summer,3.2,No,Free Shipping,No,No,17,Debit Card,Fortnightly,26,3,-0.08815160761453164,-0.7327713338780261
3785,54,Female,Socks,Clothing,53,Virginia,M,Violet,Winter,4.5,No,Next Day Air,No,No,4,Venmo,Annually,1,3,-0.7571031497540188,-0.22340111074460134
3786,64,Female,Jeans,Clothing,94,New Hampshire,L,Lavender,Winter,3.8,No,Standard,No,No,6,Cash,Monthly,12,3,-0.3714736315022387,0.5069425348935523
3787,31,Female,Boots,Footwear,47,Tennessee,L,Yellow,Fall,3.6,No,2-Day Shipping,No,No,22,Venmo,Weekly,52,0,-0.016418048426313614,-1.2430807214974948
3788,37,Female,Blouse,Clothing,80,New York,M,Pink,Fall,3.6,No,2-Day Shipping,No,No,46,PayPal,Every 3 Months,4,2,-0.0546081977615339,1.2915394386446568
3789,43,Female,Hat,Accessories,65,Kansas,XL,Teal,Spring,3.2,No,Next Day Air,No,No,27,Debit Card,Monthly,12,2,0.2558812262241413,-0.07037141849336324
3790,56,Female,Shirt,Clothing,75,North Dakota,M,Magenta,Summer,3.8,No,Express,No,No,18,Bank Transfer,Every 3 Months,4,3,-0.11896184223505303,0.4992162255742788
3791,27,Female,Handbag,Accessories,45,Alaska,XL,Beige,Summer,4.4,No,Standard,No,No,31,Credit Card,Weekly,52,0,-0.45827308448977677,-0.5408986613536961
3792,40,Female,Sunglasses,Accessories,51,Texas,M,Gray,Spring,3.7,No,Store Pickup,No,No,1,Venmo,Weekly,52,0,-0.3764472251704728,-1.7927416108603313
3793,43,Female,Scarf,Accessories,58,Massachusetts,S,Turquoise,Summer,2.6,No,Express,No,No,2,PayPal,Fortnightly,26,3,0.20734525008516916,-1.8129689965357745
3794,62,Female,Sunglasses,Accessories,20,Delaware,M,Pink,Fall,4.0,No,Standard,No,No,46,Bank Transfer,Annually,1,1,1.6717807963829827,0.6622928110705326
3795,44,Female,Scarf,Accessories,82,South Dakota,M,Violet,Summer,3.6,No,2-Day Shipping,No,No,27,Venmo,Weekly,52,0,0.08754393109954461,0.07101066350177597
3796,45,Female,Gloves,Accessories,92,Arkansas,M,Charcoal,Spring,2.5,No,Express,No,No,3,Cash,Weekly,52,0,0.05651358974039966,-1.3105803448093465
3797,40,Female,Shorts,Clothing,81,Utah,M,Lavender,Fall,3.2,No,Free Shipping,No,No,47,Bank Transfer,Quarterly,4,2,0.36459195978816883,1.1947066740740837
3798,68,Female,Sunglasses,Accessories,44,California,M,Gray,Summer,2.5,No,Next Day Air,No,No,20,Cash,Quarterly,4,1,1.868990746170574,-0.6316581546233176
3799,63,Female,Jewelry,Accessories,72,Rhode Island,S,Brown,Winter,3.2,No,Next Day Air,No,No,23,Credit Card,Annually,1,2,0.7616344584112801,0.48662687357011064
3800,60,Female,Jacket,Outerwear,26,Oklahoma,L,Violet,Winter,2.6,No,Store Pickup,No,No,13,Credit Card,Monthly,12,1,1.6348883383734558,-1.5680213987588734
3801,19,Female,Sweater,Clothing,26,Vermont,M,Turquoise,Fall,4.8,No,Next Day Air,No,No,12,Venmo,Bi-Weekly,26,3,-1.5301925420748466,-1.4082957441108839
3802,26,Female,Blouse,Clothing,84,Kentucky,M,Peach,Spring,5.0,No,Store Pickup,No,No,36,PayPal,Fortnightly,26,2,-1.6572878105627493,1.2423774432719383
3803,70,Female,Scarf,Accessories,72,Illinois,S,Turquoise,Spring,3.2,No,2-Day Shipping,No,No,1,Bank Transfer,Monthly,12,3,0.5240367786346565,-0.43845992097959935
3804,48,Female,Handbag,Accessories,55,Connecticut,M,Violet,Spring,3.6,No,Standard,No,No,14,Debit Card,Weekly,52,0,0.3312631631572317,-1.0349184366031223
3805,37,Female,Hat,Accessories,77,Florida,M,Olive,Fall,2.7,No,2-Day Shipping,No,No,45,Cash,Annually,1,2,0.5753387062401422,0.7075675937489438
3806,48,Female,Scarf,Accessories,57,New Jersey,M,Green,Fall,3.1,No,Standard,No,No,31,Credit Card,Quarterly,4,1,0.7103604229035184,0.06029918278353162
3807,18,Female,Boots,Footwear,71,Missouri,M,Teal,Spring,3.0,No,Standard,No,No,41,PayPal,Weekly,52,0,0.00909836398471553,-0.48241858518804276
3808,38,Female,Blouse,Clothing,39,Michigan,L,Peach,Spring,2.9,No,Next Day Air,No,No,36,PayPal,Annually,1,1,0.8490893413043892,-0.4392295069303734
3809,33,Female,Socks,Clothing,28,Washington,M,Pink,Winter,4.7,No,Express,No,No,6,Debit Card,Bi-Weekly,26,3,-1.0805142635152933,-1.3770315798373405
3810,57,Female,Shoes,Footwear,33,New York,S,Maroon,Winter,3.7,No,Standard,No,No,28,Credit Card,Annually,1,1,0.947328392825016,-0.06810701571747478
3811,46,Female,Skirt,Clothing,79,Wisconsin,L,Peach,Fall,3.9,No,Free Shipping,No,No,29,Venmo,Monthly,12,2,-0.28826249506450985,0.8045720725429456
3812,46,Female,Belt,Accessories,30,Idaho,M,Maroon,Winter,4.0,No,Standard,No,No,14,Cash,Monthly,12,1,0.025805448216161403,-0.934527388219041
3813,50,Female,Skirt,Clothing,75,Michigan,M,Pink,Spring,2.8,No,Next Day Air,No,No,7,Bank Transfer,Every 3 Months,4,3,0.02375327550971029,-0.6587438330525454
3814,61,Female,Pants,Clothing,89,Georgia,M,Orange,Summer,4.1,No,Express,No,No,31,Venmo,Bi-Weekly,26,2,0.21048499057684217,1.3771529596894552
3815,45,Female,Dress,Clothing,95,Michigan,M,Orange,Winter,4.2,No,Free Shipping,No,No,26,Bank Transfer,Every 3 Months,4,2,-0.962981033113174,1.3061419962113265
3816,32,Female,Hat,Accessories,44,Maine,M,Brown,Fall,4.3,No,Express,No,No,12,Venmo,Fortnightly,26,3,-0.934038964000738,-0.9911217806993514
3817,29,Female,Coat,Outerwear,86,Maryland,S,Silver,Summer,4.3,No,Store Pickup,No,No,45,Credit Card,Fortnightly,26,2,-0.815082112066151,1.3388467582542345
3818,66,Female,Scarf,Accessories,91,Missouri,M,Magenta,Fall,2.6,No,Express,No,No,40,PayPal,Annually,1,2,1.479422453719695,1.3811319979945396
3819,70,Female,Sneakers,Footwear,41,Oregon,XL,Indigo,Winter,3.8,No,Free Shipping,No,No,42,Cash,Monthly,12,1,1.7816716079299362,0.9054012460749726
3820,36,Female,Pants,Clothing,99,Arkansas,S,Gold,Spring,2.9,No,Express,No,No,45,Cash,Quarterly,4,2,0.054582899761245224,1.2820896556426715
3821,34,Female,Belt,Accessories,65,New Hampshire,M,Purple,Winter,5.0,No,Standard,No,No,34,Debit Card,Quarterly,4,2,-1.2609672714226388,1.155856018887887
3822,20,Female,Sneakers,Footwear,48,Oregon,M,Gold,Summer,4.6,No,Free Shipping,No,No,34,Credit Card,Every 3 Months,4,1,-1.2800659681426865,0.232606557984247
3823,70,Female,Hat,Accessories,41,Kansas,S,Gold,Spring,3.2,No,Free Shipping,No,No,17,PayPal,Every 3 Months,4,1,1.4224606838283194,-0.3920924407428526
3824,50,Female,Shirt,Clothing,42,California,M,Gold,Summer,3.0,No,Standard,No,No,27,Bank Transfer,Weekly,52,0,1.4236545698351597,-1.088379141747433
3825,54,Female,Shorts,Clothing,26,Georgia,M,Olive,Summer,4.0,No,Free Shipping,No,No,31,Credit Card,Quarterly,4,1,0.838577320858201,-0.03829700462847342
3826,49,Female,Shorts,Clothing,35,Hawaii,L,Green,Fall,4.1,No,Express,No,No,47,Debit Card,Fortnightly,26,1,1.060971691971995,0.5248619902298359
3827,50,Female,Jacket,Outerwear,31,Montana,M,Gray,Summer,4.0,No,Express,No,No,25,Bank Transfer,Annually,1,1,0.3917305427414689,-0.22050210011767085
3828,62,Female,Jewelry,Accessories,73,Montana,M,Red,Summer,4.1,No,Standard,No,No,47,Cash,Fortnightly,26,2,0.972846214877255,1.697953116002948
3829,42,Female,Blouse,Clothing,82,Mississippi,M,Charcoal,Spring,3.4,No,Free Shipping,No,No,8,Cash,Weekly,52,0,-0.3956457144838148,-0.8897424573722226
3830,69,Female,Pants,Clothing,32,Washington,M,Indigo,Spring,2.9,No,Free Shipping,No,No,32,Debit Card,Fortnightly,26,1,2.363533343177947,-0.43915558726983367
3831,22,Female,Hat,Accessories,27,Pennsylvania,M,Indigo,Summer,3.0,No,2-Day Shipping,No,No,33,Bank Transfer,Every 3 Months,4,1,0.2520452424230191,-1.168975360182314
3832,36,Female,Backpack,Accessories,86,Nevada,L,Silver,Spring,4.0,No,Next Day Air,No,No,16,Debit Card,Every 3 Months,4,3,-1.3323149209982081,0.36656737065943445
3833,64,Female,Boots,Footwear,38,Kansas,XL,Purple,Winter,4.8,No,2-Day Shipping,No,No,27,Cash,Weekly,52,0,0.8024708082367887,0.1291686496105868
3834,44,Female,Jacket,Outerwear,93,Arizona,L,Gray,Summer,4.6,No,Free Shipping,No,No,17,PayPal,Every 3 Months,4,3,-1.5101310219499595,1.0822338836139833
3835,43,Female,Hoodie,Clothing,59,Tennessee,M,Magenta,Winter,4.1,No,2-Day Shipping,No,No,17,Cash,Quarterly,4,3,-0.6355559600053645,-0.02606575323639522
3836,58,Female,Sandals,Footwear,58,Pennsylvania,L,Silver,Winter,2.6,No,Express,No,No,28,PayPal,Bi-Weekly,26,1,1.5724854477125347,-0.3946699387124854
3837,62,Female,Skirt,Clothing,84,Alaska,M,Violet,Spring,2.5,No,Free Shipping,No,No,38,PayPal,Fortnightly,26,2,1.6636825075220096,0.6723602337530904
3838,45,Female,Hoodie,Clothing,100,New Mexico,M,Green,Spring,4.8,No,Free Shipping,No,No,33,Bank Transfer,Fortnightly,26,2,-1.0752918706556867,1.780945506264106
3839,47,Female,Dress,Clothing,25,Rhode Island,L,Green,Summer,4.2,No,Express,No,No,24,Venmo,Every 3 Months,4,1,0.22308976936907016,-0.3931445433908613
3840,66,Female,Sandals,Footwear,29,Connecticut,M,Peach,Spring,3.9,No,Free Shipping,No,No,14,Venmo,Quarterly,4,1,0.8751428022499372,-0.491883530784101
3841,30,Female,Jeans,Clothing,42,Idaho,M,Turquoise,Spring,3.7,No,Express,No,No,5,Venmo,Fortnightly,26,3,-0.7600268539553285,-1.716492189162034
3842,68,Female,Jeans,Clothing,57,Mississippi,L,Pink,Fall,4.2,No,2-Day Shipping,No,No,8,Bank Transfer,Monthly,12,3,0.1827325345240346,0.026428652607215716
3843,35,Female,Jacket,Outerwear,84,Colorado,L,Lavender,Winter,4.2,No,Next Day Air,No,No,42,Debit Card,Monthly,12,2,-0.6707982732332649,1.4119879453459876
3844,64,Female,Hat,Accessories,71,Georgia,L,Silver,Winter,4.0,No,Free Shipping,No,No,48,Venmo,Every 3 Months,4,2,0.9936401431937486,1.9580653409972608
3845,30,Female,Shorts,Clothing,87,Montana,S,Cyan,Fall,5.0,No,Next Day Air,No,No,40,Venmo,Quarterly,4,2,-1.621187775935915,1.8466590228001374
3846,58,Female,Sweater,Clothing,52,California,M,Green,Winter,4.9,No,Standard,No,No,46,Venmo,Annually,1,2,0.3397515813245537,1.8440375151871962
3847,57,Female,Blouse,Clothing,58,Pennsylvania,L,Orange,Summer,4.0,No,Express,No,No,40,PayPal,Every 3 Months,4,2,0.6896573058546617,1.1637880188069962
3848,60,Female,Sweater,Clothing,34,Delaware,S,Blue,Fall,3.2,No,2-Day Shipping,No,No,31,PayPal,Fortnightly,26,1,1.7153208873158896,-0.4542096099175924
3849,22,Female,Jewelry,Accessories,60,New Hampshire,M,Magenta,Winter,3.0,No,Next Day Air,No,No,39,Cash,Every 3 Months,4,1,-0.12382097325887957,-0.1336052841215162
3850,46,Female,Hoodie,Clothing,68,Florida,S,Cyan,Winter,2.6,No,Express,No,No,36,PayPal,Fortnightly,26,2,1.134835145107744,-0.07154356098387898
3851,27,Female,Jewelry,Accessories,74,Mississippi,L,Indigo,Summer,4.4,No,2-Day Shipping,No,No,25,Debit Card,Every 3 Months,4,3,-1.5343980570703415,0.5007072120545363
3852,50,Female,Scarf,Accessories,83,Montana,M,Pink,Summer,3.9,No,Free Shipping,No,No,24,Debit Card,Annually,1,2,-0.42767164205474306,0.911201983335633
3853,65,Female,Hat,Accessories,79,Mississippi,M,Peach,Fall,4.0,No,2-Day Shipping,No,No,19,PayPal,Weekly,52,0,0.5017218763906302,0.3291718086416787
3854,61,Female,Sunglasses,Accessories,76,Tennessee,M,Lavender,Fall,4.0,No,Store Pickup,No,No,49,Debit Card,Bi-Weekly,26,2,1.0090341128073905,1.7761689734635762
3855,57,Female,T-shirt,Clothing,20,Florida,M,Black,Spring,4.2,No,Free Shipping,No,No,4,Venmo,Annually,1,3,0.12632990532816019,-1.1107519408244595
3856,40,Female,Shirt,Clothing,61,Illinois,XL,Lavender,Summer,4.4,No,Next Day Air,No,No,36,Cash,Quarterly,4,2,-0.46433332454452614,0.9332355866626376
3857,39,Female,Sandals,Footwear,78,Virginia,S,Brown,Summer,2.5,No,Free Shipping,No,No,8,Debit Card,Quarterly,4,3,-0.2438568006976084,-0.9465747367386599
3858,42,Female,Hat,Accessories,21,Texas,S,Yellow,Summer,3.1,No,Store Pickup,No,No,29,Credit Card,Every 3 Months,4,1,0.9999416323380198,-1.0028344290008115
3859,30,Female,T-shirt,Clothing,77,Missouri,M,Olive,Winter,3.5,No,Store Pickup,No,No,26,Credit Card,Quarterly,4,2,-0.7954042432530349,0.16860577773896676
3860,65,Female,Shorts,Clothing,88,Mississippi,S,Blue,Fall,3.0,No,2-Day Shipping,No,No,47,Bank Transfer,Bi-Weekly,26,2,1.6257243076796104,1.494402072023048
3861,57,Female,Sunglasses,Accessories,64,Pennsylvania,M,Turquoise,Summer,4.4,No,Next Day Air,No,No,44,Cash,Annually,1,2,0.3952668483129199,1.7395674323383061
3862,64,Female,Jacket,Outerwear,57,Wyoming,M,Yellow,Spring,4.9,No,Standard,No,No,49,Credit Card,Monthly,12,2,0.6895915749429253,2.076208121777837
3863,56,Female,Shirt,Clothing,49,Idaho,L,Turquoise,Winter,2.8,No,Next Day Air,No,No,9,Venmo,Monthly,12,3,0.8321590342658156,-1.1645079758095627
3864,40,Female,Scarf,Accessories,35,New Hampshire,M,Orange,Summer,3.3,No,Free Shipping,No,No,28,Cash,Fortnightly,26,1,0.7097517479327583,-0.9224364969349598
3865,55,Female,T-shirt,Clothing,99,Wyoming,S,Blue,Winter,4.9,No,Express,No,No,1,Debit Card,Fortnightly,26,3,-1.6240809945649148,0.6676210024114041
3866,25,Female,Shorts,Clothing,42,Nebraska,M,Olive,Spring,4.2,No,Store Pickup,No,No,28,Cash,Every 3 Months,4,1,-0.8609335526438238,-0.28456257100580823
3867,58,Female,Hat,Accessories,32,Alaska,M,Beige,Winter,3.3,No,2-Day Shipping,No,No,33,Credit Card,Fortnightly,26,1,1.651525651822358,-0.40234352142765023
3868,46,Female,Jacket,Outerwear,21,Maryland,L,Lavender,Summer,2.7,No,Standard,No,No,28,Credit Card,Monthly,12,1,1.4912054382144793,-1.2886870790489764
3869,18,Female,Dress,Clothing,29,Maryland,XL,Magenta,Winter,3.3,No,2-Day Shipping,No,No,9,Cash,Annually,1,3,-0.8694418448268061,-2.0158097782645465
3870,26,Female,Coat,Outerwear,64,Arizona,L,Cyan,Spring,3.8,No,Free Shipping,No,No,28,Bank Transfer,Annually,1,3,-0.9279770669548748,0.06917221197684777
3871,61,Female,Sandals,Footwear,46,Ohio,L,Lavender,Fall,3.2,No,Next Day Air,No,No,19,Cash,Every 3 Months,4,1,1.021733830424434,-0.37851048363738177
3872,55,Female,T-shirt,Clothing,97,Minnesota,M,Black,Fall,4.1,No,2-Day Shipping,No,No,20,Bank Transfer,Every 3 Months,4,2,-0.6798997428356203,1.253163334644614
3873,41,Female,Jacket,Outerwear,94,New Hampshire,M,Green,Spring,4.3,No,Standard,No,No,3,Cash,Monthly,12,3,-1.7677659479900782,0.17794796863607856
3874,42,Female,Sandals,Footwear,43,Louisiana,L,Silver,Summer,4.0,No,Standard,No,No,22,Credit Card,Weekly,52,0,0.225650787851604,-0.8799960320171493
3875,70,Female,Sweater,Clothing,54,Nevada,XL,Beige,Summer,3.9,No,2-Day Shipping,No,No,33,Credit Card,Bi-Weekly,26,1,1.3633167867294904,0.7101538697800506
3876,63,Female,Hat,Accessories,51,New Hampshire,M,Pink,Winter,3.3,No,2-Day Shipping,No,No,21,Credit Card,Annually,1,1,0.9820126397843902,-0.03863482067324127
3877,60,Female,Shoes,Footwear,85,Wisconsin,S,Cyan,Fall,2.6,No,2-Day Shipping,No,No,7,Cash,Annually,1,3,0.3891917254031153,-0.286412638454303
3878,28,Female,Hoodie,Clothing,96,Nevada,M,Olive,Spring,4.2,No,Next Day Air,No,No,46,Debit Card,Monthly,12,2,-1.0472452985292835,1.7181513117645946
3879,60,Female,Hat,Accessories,42,South Carolina,M,Pink,Summer,3.4,No,2-Day Shipping,No,No,24,Credit Card,Annually,1,1,1.0210177645884766,-0.1310907664684099
3880,26,Female,Skirt,Clothing,63,Florida,L,Maroon,Winter,4.1,No,Free Shipping,No,No,6,Debit Card,Quarterly,4,3,-1.7231100176263077,-0.7558295188460822
3881,42,Female,Shirt,Clothing,20,Massachusetts,M,Red,Winter,3.9,No,Free Shipping,No,No,40,PayPal,Monthly,12,1,0.8358708713290435,-0.20956022905016927
3882,56,Female,Scarf,Accessories,25,Georgia,L,Silver,Spring,2.8,No,2-Day Shipping,No,No,17,Debit Card,Weekly,52,0,1.8115995330626251,-1.9013698949862152
3883,35,Female,Pants,Clothing,95,North Dakota,L,Blue,Fall,2.6,No,Free Shipping,No,No,24,Cash,Fortnightly,26,2,-0.11235332756831296,-0.17302831083243791
3884,34,Female,Hat,Accessories,38,North Dakota,XL,Purple,Fall,4.0,No,Next Day Air,No,No,22,Cash,Fortnightly,26,1,-0.25480834109972983,-0.836560059862081
3885,47,Female,Sandals,Footwear,29,Maryland,M,Brown,Fall,4.9,No,Express,No,No,3,PayPal,Weekly,52,0,-0.5104919979609855,-1.402925203737127
3886,49,Female,Socks,Clothing,64,New Mexico,L,Purple,Winter,3.2,No,Free Shipping,No,No,39,Cash,Quarterly,4,2,0.7932671481045824,0.6427372929509177
3887,37,Female,Jewelry,Accessories,92,Iowa,S,Brown,Summer,3.9,No,Express,No,No,40,Debit Card,Quarterly,4,2,-0.6360375135328115,1.4906923989256824
3888,40,Female,Shirt,Clothing,34,Kansas,M,Charcoal,Spring,2.7,No,Express,No,No,1,Credit Card,Quarterly,4,3,0.18625290404787653,-2.1505677684802227
3889,45,Female,Sneakers,Footwear,69,Virginia,M,Violet,Spring,3.4,No,Standard,No,No,14,Venmo,Bi-Weekly,26,3,-0.11456109793468075,-0.5495681016083772
3890,57,Female,Dress,Clothing,65,Alaska,S,Yellow,Spring,3.5,No,Express,No,No,49,Bank Transfer,Annually,1,2,1.1563558789624553,1.4665504222528642
3891,35,Female,Shirt,Clothing,81,Nebraska,XL,Green,Winter,2.6,No,Standard,No,No,33,Debit Card,Annually,1,2,0.15463211273797622,0.19479479867250402
3892,36,Female,Dress,Clothing,30,Colorado,L,Peach,Winter,4.7,No,Free Shipping,No,No,6,Bank Transfer,Quarterly,4,3,-1.1834038796070636,-0.9870747720999682
3893,35,Female,Jewelry,Accessories,86,Michigan,L,Indigo,Summer,3.5,No,Standard,No,No,5,PayPal,Fortnightly,26,3,-1.1395799393927764,-0.68293181198533
3894,21,Female,Hat,Accessories,64,Massachusetts,L,White,Fall,3.3,No,Store Pickup,No,No,29,Bank Transfer,Bi-Weekly,26,3,-0.5335649917861169,-0.5938809868559032
3895,66,Female,Skirt,Clothing,78,Connecticut,L,White,Spring,3.9,No,2-Day Shipping,No,No,44,Credit Card,Every 3 Months,4,2,0.9176438271379169,1.939729342996083
3896,40,Female,Hoodie,Clothing,28,Virginia,L,Turquoise,Summer,4.2,No,2-Day Shipping,No,No,32,Venmo,Weekly,52,0,0.5344633931261316,-0.740069351289506
3897,52,Female,Backpack,Accessories,49,Iowa,L,White,Spring,4.5,No,Store Pickup,No,No,41,Bank Transfer,Bi-Weekly,26,1,0.500769342642197,0.8910488212164072
3898,46,Female,Belt,Accessories,33,New Jersey,L,Green,Spring,2.9,No,Standard,No,No,24,Venmo,Quarterly,4,1,0.9665149778250904,-0.959639437582168
3899,44,Female,Shoes,Footwear,77,Minnesota,S,Brown,Summer,3.8,No,Express,No,No,24,Venmo,Weekly,52,0,-0.056220896588606906,-0.06147706757680756
3900,52,Female,Handbag,Accessories,81,California,M,Beige,Spring,3.1,No,Store Pickup,No,No,33,Venmo,Quarterly,4,2,0.5362909369105139,0.7973212947659739
